Date,AAPL
2012/1/1,32.38979518
2012/1/2,59.38129117
2012/1/3,107.9659839
2012/1/4,118.7625823
2012/1/5,129.5591807
2012/1/6,145.7540783
2012/1/7,64.77959036
2012/1/8,37.78809438
2012/1/9,140.3557791
2012/1/10,129.5591807
2012/1/11,124.1608815
2012/1/12,113.3642831
2012/1/13,129.5591807
2012/1/14,32.38979518
2012/1/15,32.38979518
2012/1/16,59.38129117
2012/1/17,107.9659839
2012/1/18,129.5591807
2012/1/19,145.7540783
2012/1/20,151.1523775
2012/1/21,64.77959036
2012/1/22,37.78809438
2012/1/23,151.1523775
2012/1/24,372.4826446
2012/1/25,539.8299197
2012/1/26,232.1268655
2012/1/27,178.1438735
2012/1/28,59.38129117
2012/1/29,53.98299197
2012/1/30,134.9574799
2012/1/31,167.3472751
2012/2/1,161.9489759
2012/2/2,140.3557791
2012/2/3,156.5506767
2012/2/4,59.38129117
2012/2/5,43.18639358
2012/2/6,140.3557791
2012/2/7,134.9574799
2012/2/8,161.9489759
2012/2/9,264.5166607
2012/2/10,237.5251647
2012/2/11,75.57618876
2012/2/12,53.98299197
2012/2/13,242.9234639
2012/2/14,264.5166607
2012/2/15,313.1013534
2012/2/16,302.304755
2012/2/17,242.9234639
2012/2/18,80.97448795
2012/2/19,53.98299197
2012/2/20,113.3642831
2012/2/21,205.1353695
2012/2/22,194.3387711
2012/2/23,178.1438735
2012/2/24,188.9404719
2012/2/25,75.57618876
2012/2/26,59.38129117
2012/2/27,178.1438735
2012/2/28,226.7285663
2012/2/29,269.9149598
2012/3/1,248.3217631
2012/3/2,221.3302671
2012/3/3,80.97448795
2012/3/4,48.58469277
2012/3/5,215.9319679
2012/3/6,275.313259
2012/3/7,394.0758414
2012/3/8,291.5081566
2012/3/9,215.9319679
2012/3/10,70.17788956
2012/3/11,53.98299197
2012/3/12,199.7370703
2012/3/13,275.313259
2012/3/14,356.287747
2012/3/15,372.4826446
2012/3/16,383.279243
2012/3/17,102.5676847
2012/3/18,86.37278715
2012/3/19,539.8299197
2012/3/20,377.8809438
2012/3/21,307.7030542
2012/3/22,286.1098574
2012/3/23,329.296251
2012/3/24,91.77108635
2012/3/25,70.17788956
2012/3/26,264.5166607
2012/3/27,264.5166607
2012/3/28,259.1183615
2012/3/29,232.1268655
2012/3/30,259.1183615
2012/3/31,80.97448795
2012/4/1,48.58469277
2012/4/2,215.1607823
2012/4/3,277.6268158
2012/4/4,256.8048047
2012/4/5,249.8641343
2012/4/6,180.4574303
2012/4/7,62.46603356
2012/4/8,55.52536317
2012/4/9,229.0421231
2012/4/10,284.5674862
2012/4/11,235.9827935
2012/4/12,235.9827935
2012/4/13,256.8048047
2012/4/14,90.22871515
2012/4/15,55.52536317
2012/4/16,326.2115086
2012/4/17,353.9741902
2012/4/18,284.5674862
2012/4/19,270.6861454
2012/4/20,305.3894974
2012/4/21,97.16938555
2012/4/22,76.34737436
2012/4/23,277.6268158
2012/4/24,624.6603356
2012/4/25,694.0670396
2012/4/26,367.855531
2012/4/27,291.5081566
2012/4/28,97.16938555
2012/4/29,69.40670396
2012/4/30,298.448827
2012/5/1,284.5674862
2012/5/2,235.9827935
2012/5/3,229.0421231
2012/5/4,222.1014527
2012/5/5,90.22871515
2012/5/6,62.46603356
2012/5/7,222.1014527
2012/5/8,215.1607823
2012/5/9,208.2201119
2012/5/10,194.3387711
2012/5/11,194.3387711
2012/5/12,55.52536317
2012/5/13,41.64402238
2012/5/14,187.3981007
2012/5/15,180.4574303
2012/5/16,201.2794415
2012/5/17,242.9234639
2012/5/18,277.6268158
2012/5/19,90.22871515
2012/5/20,48.58469277
2012/5/21,249.8641343
2012/5/22,256.8048047
2012/5/23,235.9827935
2012/5/24,215.1607823
2012/5/25,201.2794415
2012/5/26,55.52536317
2012/5/27,48.58469277
2012/5/28,62.46603356
2012/5/29,194.3387711
2012/5/30,201.2794415
2012/5/31,187.3981007
2012/6/1,229.0421231
2012/6/2,62.46603356
2012/6/3,41.64402238
2012/6/4,201.2794415
2012/6/5,173.5167599
2012/6/6,180.4574303
2012/6/7,180.4574303
2012/6/8,159.6354191
2012/6/9,62.46603356
2012/6/10,48.58469277
2012/6/11,291.5081566
2012/6/12,229.0421231
2012/6/13,173.5167599
2012/6/14,159.6354191
2012/6/15,159.6354191
2012/6/16,62.46603356
2012/6/17,48.58469277
2012/6/18,187.3981007
2012/6/19,187.3981007
2012/6/20,159.6354191
2012/6/21,145.7540783
2012/6/22,138.8134079
2012/6/23,62.46603356
2012/6/24,34.70335198
2012/6/25,131.8727375
2012/6/26,131.8727375
2012/6/27,131.8727375
2012/6/28,145.7540783
2012/6/29,166.5760895
2012/6/30,69.40670396
2012/7/1,48.58469277
2012/7/2,145.7540783
2012/7/3,156.5506767
2012/7/4,70.17788956
2012/7/5,183.5421727
2012/7/6,199.7370703
2012/7/7,70.17788956
2012/7/8,43.18639358
2012/7/9,134.9574799
2012/7/10,183.5421727
2012/7/11,156.5506767
2012/7/12,167.3472751
2012/7/13,151.1523775
2012/7/14,59.38129117
2012/7/15,43.18639358
2012/7/16,161.9489759
2012/7/17,156.5506767
2012/7/18,156.5506767
2012/7/19,167.3472751
2012/7/20,161.9489759
2012/7/21,59.38129117
2012/7/22,37.78809438
2012/7/23,188.9404719
2012/7/24,437.262235
2012/7/25,399.4741406
2012/7/26,259.1183615
2012/7/27,199.7370703
2012/7/28,70.17788956
2012/7/29,43.18639358
2012/7/30,183.5421727
2012/7/31,226.7285663
2012/8/1,194.3387711
2012/8/2,178.1438735
2012/8/3,188.9404719
2012/8/4,70.17788956
2012/8/5,32.38979518
2012/8/6,178.1438735
2012/8/7,167.3472751
2012/8/8,156.5506767
2012/8/9,161.9489759
2012/8/10,161.9489759
2012/8/11,53.98299197
2012/8/12,48.58469277
2012/8/13,167.3472751
2012/8/14,215.9319679
2012/8/15,194.3387711
2012/8/16,199.7370703
2012/8/17,269.9149598
2012/8/18,113.3642831
2012/8/19,64.77959036
2012/8/20,323.8979518
2012/8/21,329.296251
2012/8/22,259.1183615
2012/8/23,226.7285663
2012/8/24,269.9149598
2012/8/25,221.3302671
2012/8/26,102.5676847
2012/8/27,318.4996526
2012/8/28,253.7200623
2012/8/29,226.7285663
2012/8/30,199.7370703
2012/8/31,215.9319679
2012/9/1,64.77959036
2012/9/2,48.58469277
2012/9/3,59.38129117
2012/9/4,215.9319679
2012/9/5,210.5336687
2012/9/6,210.5336687
2012/9/7,253.7200623
2012/9/8,80.97448795
2012/9/9,53.98299197
2012/9/10,248.3217631
2012/9/11,275.313259
2012/9/12,539.8299197
2012/9/13,421.0673374
2012/9/14,377.8809438
2012/9/15,134.9574799
2012/9/16,70.17788956
2012/9/17,356.287747
2012/9/18,340.0928494
2012/9/19,307.7030542
2012/9/20,264.5166607
2012/9/21,334.6945502
2012/9/22,107.9659839
2012/9/23,75.57618876
2012/9/24,291.5081566
2012/9/25,291.5081566
2012/9/26,280.7115582
2012/9/27,291.5081566
2012/9/28,253.7200623
2012/9/29,80.97448795
2012/9/30,59.38129117
2012/10/1,248.3217631
2012/10/2,243.253972
2012/10/3,228.0505987
2012/10/4,258.4573452
2012/10/5,278.7285096
2012/10/6,96.28803057
2012/10/7,55.74570191
2012/10/8,258.4573452
2012/10/9,298.9996739
2012/10/10,273.6607185
2012/10/11,288.8640917
2012/10/12,268.5929274
2012/10/13,70.94907516
2012/10/14,55.74570191
2012/10/15,253.3895541
2012/10/16,278.7285096
2012/10/17,258.4573452
2012/10/18,283.7963006
2012/10/19,309.1352561
2012/10/20,91.22023949
2012/10/21,65.88128408
2012/10/22,283.7963006
2012/10/23,471.3045707
2012/10/24,390.2199134
2012/10/25,501.7113172
2012/10/26,506.7791083
2012/10/27,116.5591949
2012/10/28,60.81349299
2012/10/29,162.1693147
2012/10/30,172.3048968
2012/10/31,329.4064204
2012/11/1,283.7963006
2012/11/2,319.2708382
2012/11/3,101.3558217
2012/11/4,65.88128408
2012/11/5,298.9996739
2012/11/6,258.4573452
2012/11/7,334.4742115
2012/11/8,395.2877045
2012/11/9,344.6097936
2012/11/10,101.3558217
2012/11/11,60.81349299
2012/11/12,273.6607185
2012/11/13,283.7963006
2012/11/14,273.6607185
2012/11/15,304.067465
2012/11/16,319.2708382
2012/11/17,96.28803057
2012/11/18,70.94907516
2012/11/19,324.3386293
2012/11/20,319.2708382
2012/11/21,243.253972
2012/11/22,101.3558217
2012/11/23,197.6438522
2012/11/24,86.15244841
2012/11/25,60.81349299
2012/11/26,268.5929274
2012/11/27,288.8640917
2012/11/28,263.5251363
2012/11/29,258.4573452
2012/11/30,258.4573452
2012/12/1,81.08465733
2012/12/2,45.61011975
2012/12/3,248.3217631
2012/12/4,217.9150166
2012/12/5,339.5420026
2012/12/6,415.5588688
2012/12/7,334.4742115
2012/12/8,126.6947771
2012/12/9,65.88128408
2012/12/10,273.6607185
2012/12/11,268.5929274
2012/12/12,258.4573452
2012/12/13,263.5251363
2012/12/14,329.4064204
2012/12/15,121.626986
2012/12/16,70.94907516
2012/12/17,390.2199134
2012/12/18,354.7453758
2012/12/19,288.8640917
2012/12/20,268.5929274
2012/12/21,273.6607185
2012/12/22,86.15244841
2012/12/23,50.67791083
2012/12/24,182.440479
2012/12/25,70.94907516
2012/12/26,197.6438522
2012/12/27,217.9150166
2012/12/28,243.253972
2012/12/29,91.22023949
2012/12/30,70.94907516
2012/12/31,258.4573452
2013/1/1,121.626986
2013/1/2,331.7099618
2013/1/3,298.5389656
2013/1/4,276.4249682
2013/1/5,99.51298854
2013/1/6,66.34199236
2013/1/7,243.253972
2013/1/8,243.253972
2013/1/9,243.253972
2013/1/10,254.3109707
2013/1/11,254.3109707
2013/1/12,77.39899108
2013/1/13,55.28499363
2013/1/14,386.9949554
2013/1/15,442.279949
2013/1/16,409.1089529
2013/1/17,375.9379567
2013/1/18,309.5959643
2013/1/19,121.626986
2013/1/20,88.45598981
2013/1/21,143.7409834
2013/1/22,364.880958
2013/1/23,718.7049172
2013/1/24,1105.699873
2013/1/25,751.8759134
2013/1/26,232.1969733
2013/1/27,110.5699873
2013/1/28,431.2229503
2013/1/29,420.1659516
2013/1/30,386.9949554
2013/1/31,309.5959643
2013/2/1,320.6529631
2013/2/2,110.5699873
2013/2/3,77.39899108
2013/2/4,265.3679694
2013/2/5,298.5389656
2013/2/6,265.3679694
2013/2/7,309.5959643
2013/2/8,364.880958
2013/2/9,110.5699873
2013/2/10,66.34199236
2013/2/11,298.5389656
2013/2/12,320.6529631
2013/2/13,298.5389656
2013/2/14,254.3109707
2013/2/15,243.253972
2013/2/16,77.39899108
2013/2/17,55.28499363
2013/2/18,110.5699873
2013/2/19,243.253972
2013/2/20,254.3109707
2013/2/21,221.1399745
2013/2/22,221.1399745
2013/2/23,77.39899108
2013/2/24,55.28499363
2013/2/25,199.0259771
2013/2/26,243.253972
2013/2/27,298.5389656
2013/2/28,243.253972
2013/3/1,254.3109707
2013/3/2,88.45598981
2013/3/3,55.28499363
2013/3/4,287.4819669
2013/3/5,342.7669605
2013/3/6,276.4249682
2013/3/7,243.253972
2013/3/8,265.3679694
2013/3/9,77.39899108
2013/3/10,55.28499363
2013/3/11,232.1969733
2013/3/12,243.253972
2013/3/13,232.1969733
2013/3/14,221.1399745
2013/3/15,265.3679694
2013/3/16,88.45598981
2013/3/17,66.34199236
2013/3/18,265.3679694
2013/3/19,265.3679694
2013/3/20,221.1399745
2013/3/21,221.1399745
2013/3/22,232.1969733
2013/3/23,88.45598981
2013/3/24,55.28499363
2013/3/25,254.3109707
2013/3/26,232.1969733
2013/3/27,221.1399745
2013/3/28,232.1969733
2013/3/29,154.7979822
2013/3/30,44.2279949
2013/3/31,44.2279949
2013/4/1,221.1399745
2013/4/2,242.5406172
2013/4/3,221.1399745
2013/4/4,214.006427
2013/4/5,228.2735221
2013/4/6,71.33547565
2013/4/7,64.20192809
2013/4/8,206.8728794
2013/4/9,199.7393318
2013/4/10,206.8728794
2013/4/11,221.1399745
2013/4/12,199.7393318
2013/4/13,57.06838052
2013/4/14,42.80128539
2013/4/15,199.7393318
2013/4/16,206.8728794
2013/4/17,370.9444734
2013/4/18,406.6122112
2013/4/19,349.5438307
2013/4/20,107.0032135
2013/4/21,71.33547565
2013/4/22,356.6773783
2013/4/23,713.3547565
2013/4/24,606.3515431
2013/4/25,328.143188
2013/4/26,285.3419026
2013/4/27,92.73611835
2013/4/28,64.20192809
2013/4/29,285.3419026
2013/4/30,356.6773783
2013/5/1,342.4102831
2013/5/2,299.6089977
2013/5/3,306.7425453
2013/5/4,85.60257078
2013/5/5,64.20192809
2013/5/6,278.208355
2013/5/7,292.4754502
2013/5/8,285.3419026
2013/5/9,271.0748075
2013/5/10,242.5406172
2013/5/11,64.20192809
2013/5/12,57.06838052
2013/5/13,214.006427
2013/5/14,249.6741648
2013/5/15,285.3419026
2013/5/16,263.9412599
2013/5/17,228.2735221
2013/5/18,64.20192809
2013/5/19,49.93483296
2013/5/20,221.1399745
2013/5/21,263.9412599
2013/5/22,221.1399745
2013/5/23,214.006427
2013/5/24,178.3386891
2013/5/25,64.20192809
2013/5/26,42.80128539
2013/5/27,57.06838052
2013/5/28,221.1399745
2013/5/29,214.006427
2013/5/30,199.7393318
2013/5/31,199.7393318
2013/6/1,71.33547565
2013/6/2,42.80128539
2013/6/3,178.3386891
2013/6/4,199.7393318
2013/6/5,206.8728794
2013/6/6,171.2051416
2013/6/7,192.6057843
2013/6/8,57.06838052
2013/6/9,42.80128539
2013/6/10,363.8109258
2013/6/11,278.208355
2013/6/12,206.8728794
2013/6/13,171.2051416
2013/6/14,164.071594
2013/6/15,64.20192809
2013/6/16,42.80128539
2013/6/17,164.071594
2013/6/18,171.2051416
2013/6/19,178.3386891
2013/6/20,192.6057843
2013/6/21,171.2051416
2013/6/22,49.93483296
2013/6/23,28.53419026
2013/6/24,206.8728794
2013/6/25,192.6057843
2013/6/26,199.7393318
2013/6/27,192.6057843
2013/6/28,214.006427
2013/6/29,57.06838052
2013/6/30,42.80128539
2013/7/1,199.7393318
2013/7/2,223.9501599
2013/7/3,193.6866248
2013/7/4,66.57977728
2013/7/5,157.3703827
2013/7/6,66.57977728
2013/7/7,42.36894918
2013/7/8,169.4757967
2013/7/9,187.6339178
2013/7/10,193.6866248
2013/7/11,211.8447459
2013/7/12,187.6339178
2013/7/13,60.52707025
2013/7/14,42.36894918
2013/7/15,169.4757967
2013/7/16,181.5812108
2013/7/17,187.6339178
2013/7/18,211.8447459
2013/7/19,205.7920389
2013/7/20,60.52707025
2013/7/21,42.36894918
2013/7/22,193.6866248
2013/7/23,405.5313707
2013/7/24,478.163855
2013/7/25,290.5299372
2013/7/26,223.9501599
2013/7/27,78.68519133
2013/7/28,42.36894918
2013/7/29,211.8447459
2013/7/30,242.108281
2013/7/31,217.8974529
2013/8/1,217.8974529
2013/8/2,230.002867
2013/8/3,84.73789835
2013/8/4,72.6324843
2013/8/5,254.2136951
2013/8/6,230.002867
2013/8/7,217.8974529
2013/8/8,205.7920389
2013/8/9,199.7393318
2013/8/10,66.57977728
2013/8/11,48.4216562
2013/8/12,223.9501599
2013/8/13,369.2151285
2013/8/14,466.0584409
2013/8/15,375.2678356
2013/8/16,278.4245232
2013/8/17,78.68519133
2013/8/18,60.52707025
2013/8/19,290.5299372
2013/8/20,272.3718161
2013/8/21,242.108281
2013/8/22,284.4772302
2013/8/23,236.055574
2013/8/24,84.73789835
2013/8/25,60.52707025
2013/8/26,230.002867
2013/8/27,230.002867
2013/8/28,230.002867
2013/8/29,193.6866248
2013/8/30,199.7393318
2013/8/31,66.57977728
2013/9/1,42.36894918
2013/9/2,66.57977728
2013/9/3,223.9501599
2013/9/4,223.9501599
2013/9/5,217.8974529
2013/9/6,217.8974529
2013/9/7,72.6324843
2013/9/8,54.47436323
2013/9/9,272.3718161
2013/9/10,605.2707025
2013/9/11,605.2707025
2013/9/12,411.5840777
2013/9/13,302.6353513
2013/9/14,96.8433124
2013/9/15,60.52707025
2013/9/16,290.5299372
2013/9/17,290.5299372
2013/9/18,284.4772302
2013/9/19,272.3718161
2013/9/20,326.8461794
2013/9/21,102.8960194
2013/9/22,78.68519133
2013/9/23,447.9003199
2013/9/24,345.0043004
2013/9/25,278.4245232
2013/9/26,236.055574
2013/9/27,217.8974529
2013/9/28,72.6324843
2013/9/29,42.36894918
2013/9/30,217.8974529
2013/10/1,242.108281
2013/10/2,222.7396185
2013/10/3,184.0022936
2013/10/4,188.8444592
2013/10/5,48.4216562
2013/10/6,53.26382182
2013/10/7,208.2131217
2013/10/8,203.370956
2013/10/9,213.0552873
2013/10/10,213.0552873
2013/10/11,179.1601279
2013/10/12,58.10598744
2013/10/13,38.73732496
2013/10/14,188.8444592
2013/10/15,237.2661154
2013/10/16,222.7396185
2013/10/17,217.8974529
2013/10/18,256.6347779
2013/10/19,82.31681554
2013/10/20,58.10598744
2013/10/21,276.0034403
2013/10/22,460.0057339
2013/10/23,319.5829309
2013/10/24,285.6877716
2013/10/25,261.4769435
2013/10/26,77.47464992
2013/10/27,62.94815306
2013/10/28,484.216562
2013/10/29,455.1635683
2013/10/30,251.7926122
2013/10/31,222.7396185
2013/11/1,208.2131217
2013/11/2,67.79031868
2013/11/3,43.57949058
2013/11/4,184.0022936
2013/11/5,198.5287904
2013/11/6,198.5287904
2013/11/7,188.8444592
2013/11/8,179.1601279
2013/11/9,67.79031868
2013/11/10,53.26382182
2013/11/11,169.4757967
2013/11/12,169.4757967
2013/11/13,169.4757967
2013/11/14,164.6336311
2013/11/15,169.4757967
2013/11/16,48.4216562
2013/11/17,43.57949058
2013/11/18,174.3179623
2013/11/19,159.7914655
2013/11/20,154.9492998
2013/11/21,164.6336311
2013/11/22,159.7914655
2013/11/23,43.57949058
2013/11/24,33.89515934
2013/11/25,130.7384717
2013/11/26,174.3179623
2013/11/27,198.5287904
2013/11/28,87.15898116
2013/11/29,174.3179623
2013/11/30,77.47464992
2013/12/1,53.26382182
2013/12/2,213.0552873
2013/12/3,242.108281
2013/12/4,227.5817841
2013/12/5,285.6877716
2013/12/6,237.2661154
2013/12/7,77.47464992
2013/12/8,48.4216562
2013/12/9,198.5287904
2013/12/10,188.8444592
2013/12/11,184.0022936
2013/12/12,154.9492998
2013/12/13,150.1071342
2013/12/14,53.26382182
2013/12/15,43.57949058
2013/12/16,169.4757967
2013/12/17,169.4757967
2013/12/18,193.6866248
2013/12/19,179.1601279
2013/12/20,184.0022936
2013/12/21,67.79031868
2013/12/22,77.47464992
2013/12/23,324.4250965
2013/12/24,232.4239498
2013/12/25,77.47464992
2013/12/26,164.6336311
2013/12/27,179.1601279
2013/12/28,67.79031868
2013/12/29,48.4216562
2013/12/30,174.3179623
2013/12/31,188.8444592
2014/1/1,62.94815306
2014/1/2,160.2316623
2014/1/3,171.6767811
2014/1/4,62.94815306
2014/1/5,40.05791558
2014/1/6,183.1218998
2014/1/7,165.9542217
2014/1/8,148.7865436
2014/1/9,160.2316623
2014/1/10,154.509103
2014/1/11,51.50303432
2014/1/12,34.33535622
2014/1/13,137.3414249
2014/1/14,160.2316623
2014/1/15,200.2895779
2014/1/16,183.1218998
2014/1/17,188.8444592
2014/1/18,62.94815306
2014/1/19,34.33535622
2014/1/20,97.28350928
2014/1/21,183.1218998
2014/1/22,171.6767811
2014/1/23,183.1218998
2014/1/24,200.2895779
2014/1/25,62.94815306
2014/1/26,40.05791558
2014/1/27,377.6889184
2014/1/28,572.2559369
2014/1/29,343.3535622
2014/1/30,228.9023748
2014/1/31,228.9023748
2014/2/1,68.67071243
2014/2/2,51.50303432
2014/2/3,183.1218998
2014/2/4,200.2895779
2014/2/5,171.6767811
2014/2/6,177.3993404
2014/2/7,234.6249341
2014/2/8,68.67071243
2014/2/9,51.50303432
2014/2/10,200.2895779
2014/2/11,194.5670186
2014/2/12,183.1218998
2014/2/13,188.8444592
2014/2/14,177.3993404
2014/2/15,57.22559369
2014/2/16,34.33535622
2014/2/17,91.56094991
2014/2/18,160.2316623
2014/2/19,177.3993404
2014/2/20,171.6767811
2014/2/21,143.0639842
2014/2/22,57.22559369
2014/2/23,34.33535622
2014/2/24,154.509103
2014/2/25,143.0639842
2014/2/26,160.2316623
2014/2/27,171.6767811
2014/2/28,171.6767811
2014/3/1,57.22559369
2014/3/2,40.05791558
2014/3/3,160.2316623
2014/3/4,160.2316623
2014/3/5,137.3414249
2014/3/6,125.8963061
2014/3/7,120.1737468
2014/3/8,34.33535622
2014/3/9,28.61279685
2014/3/10,131.6188655
2014/3/11,131.6188655
2014/3/12,125.8963061
2014/3/13,125.8963061
2014/3/14,120.1737468
2014/3/15,40.05791558
2014/3/16,22.89023748
2014/3/17,131.6188655
2014/3/18,131.6188655
2014/3/19,120.1737468
2014/3/20,114.4511874
2014/3/21,108.728628
2014/3/22,40.05791558
2014/3/23,22.89023748
2014/3/24,137.3414249
2014/3/25,143.0639842
2014/3/26,143.0639842
2014/3/27,125.8963061
2014/3/28,120.1737468
2014/3/29,34.33535622
2014/3/30,22.89023748
2014/3/31,108.728628
2014/4/1,125.8963061
2014/4/2,114.4511874
2014/4/3,103.0060686
2014/4/4,103.0060686
2014/4/5,45.78047495
2014/4/6,22.89023748
2014/4/7,120.1737468
2014/4/8,125.8963061
2014/4/9,108.728628
2014/4/10,120.1737468
2014/4/11,125.8963061
2014/4/12,34.33535622
2014/4/13,22.89023748
2014/4/14,114.4511874
2014/4/15,108.728628
2014/4/16,114.4511874
2014/4/17,114.4511874
2014/4/18,80.11583117
2014/4/19,28.61279685
2014/4/20,28.61279685
2014/4/21,131.6188655
2014/4/22,131.6188655
2014/4/23,349.0761215
2014/4/24,572.2559369
2014/4/25,280.4054091
2014/4/26,80.11583117
2014/4/27,51.50303432
2014/4/28,234.6249341
2014/4/29,234.6249341
2014/4/30,234.6249341
2014/5/1,217.457256
2014/5/2,177.3993404
2014/5/3,68.67071243
2014/5/4,28.61279685
2014/5/5,183.1218998
2014/5/6,206.0121373
2014/5/7,177.3993404
2014/5/8,177.3993404
2014/5/9,240.3474935
2014/5/10,62.94815306
2014/5/11,45.78047495
2014/5/12,171.6767811
2014/5/13,183.1218998
2014/5/14,143.0639842
2014/5/15,154.509103
2014/5/16,148.7865436
2014/5/17,57.22559369
2014/5/18,40.05791558
2014/5/19,177.3993404
2014/5/20,177.3993404
2014/5/21,171.6767811
2014/5/22,160.2316623
2014/5/23,171.6767811
2014/5/24,57.22559369
2014/5/25,40.05791558
2014/5/26,57.22559369
2014/5/27,211.7346967
2014/5/28,223.1798154
2014/5/29,251.7926122
2014/5/30,263.237731
2014/5/31,85.83839054
2014/6/1,62.94815306
2014/6/2,303.2956466
2014/6/3,263.237731
2014/6/4,228.9023748
2014/6/5,234.6249341
2014/6/6,246.0700529
2014/6/7,120.1737468
2014/6/8,91.56094991
2014/6/9,520.7529026
2014/6/10,389.1340371
2014/6/11,297.5730872
2014/6/12,251.7926122
2014/6/13,257.5151716
2014/6/14,91.56094991
2014/6/15,51.50303432
2014/6/16,223.1798154
2014/6/17,194.5670186
2014/6/18,206.0121373
2014/6/19,194.5670186
2014/6/20,188.8444592
2014/6/21,74.3932718
2014/6/22,40.05791558
2014/6/23,177.3993404
2014/6/24,177.3993404
2014/6/25,177.3993404
2014/6/26,165.9542217
2014/6/27,171.6767811
2014/6/28,62.94815306
2014/6/29,45.78047495
2014/6/30,171.6767811
2014/7/1,177.3993404
2014/7/2,185.8469281
2014/7/3,185.8469281
2014/7/4,67.58070112
2014/7/5,33.79035056
2014/7/6,33.79035056
2014/7/7,194.2945157
2014/7/8,211.189691
2014/7/9,168.9517528
2014/7/10,168.9517528
2014/7/11,177.3993404
2014/7/12,50.68552584
2014/7/13,33.79035056
2014/7/14,194.2945157
2014/7/15,194.2945157
2014/7/16,253.4276292
2014/7/17,202.7421034
2014/7/18,185.8469281
2014/7/19,59.13311348
2014/7/20,42.2379382
2014/7/21,194.2945157
2014/7/22,413.9317944
2014/7/23,405.4842067
2014/7/24,253.4276292
2014/7/25,202.7421034
2014/7/26,76.02828876
2014/7/27,50.68552584
2014/7/28,202.7421034
2014/7/29,236.5324539
2014/7/30,185.8469281
2014/7/31,185.8469281
2014/8/1,202.7421034
2014/8/2,59.13311348
2014/8/3,42.2379382
2014/8/4,160.5041652
2014/8/5,185.8469281
2014/8/6,177.3993404
2014/8/7,168.9517528
2014/8/8,160.5041652
2014/8/9,50.68552584
2014/8/10,33.79035056
2014/8/11,168.9517528
2014/8/12,160.5041652
2014/8/13,177.3993404
2014/8/14,160.5041652
2014/8/15,168.9517528
2014/8/16,67.58070112
2014/8/17,42.2379382
2014/8/18,185.8469281
2014/8/19,261.8752168
2014/8/20,253.4276292
2014/8/21,211.189691
2014/8/22,236.5324539
2014/8/23,76.02828876
2014/8/24,50.68552584
2014/8/25,194.2945157
2014/8/26,185.8469281
2014/8/27,211.189691
2014/8/28,219.6372786
2014/8/29,202.7421034
2014/8/30,67.58070112
2014/8/31,42.2379382
2014/9/1,76.02828876
2014/9/2,228.0848663
2014/9/3,321.0083303
2014/9/4,337.9035056
2014/9/5,270.3228045
2014/9/6,76.02828876
2014/9/7,59.13311348
2014/9/8,261.8752168
2014/9/9,844.758764
2014/9/10,540.645609
2014/9/11,337.9035056
2014/9/12,329.455918
2014/9/13,101.3710517
2014/9/14,67.58070112
2014/9/15,278.7703921
2014/9/16,261.8752168
2014/9/17,244.9800416
2014/9/18,228.0848663
2014/9/19,253.4276292
2014/9/20,76.02828876
2014/9/21,50.68552584
2014/9/22,236.5324539
2014/9/23,211.189691
2014/9/24,219.6372786
2014/9/25,321.0083303
2014/9/26,270.3228045
2014/9/27,84.4758764
2014/9/28,50.68552584
2014/9/29,211.189691
2014/9/30,211.189691
2014/10/1,202.7421034
2014/10/2,187.9972231
2014/10/3,169.5661228
2014/10/4,55.29330092
2014/10/5,33.17598055
2014/10/6,173.2523429
2014/10/7,176.9385629
2014/10/8,176.9385629
2014/10/9,221.1732037
2014/10/10,184.3110031
2014/10/11,47.9208608
2014/10/12,36.86220061
2014/10/13,162.1936827
2014/10/14,176.9385629
2014/10/15,221.1732037
2014/10/16,258.0354043
2014/10/17,191.6834432
2014/10/18,58.97952098
2014/10/19,40.54842067
2014/10/20,353.8771259
2014/10/21,368.6220061
2014/10/22,239.604304
2014/10/23,232.2318639
2014/10/24,235.9180839
2014/10/25,73.72440122
2014/10/26,44.23464073
2014/10/27,176.9385629
2014/10/28,206.4283234
2014/10/29,191.6834432
2014/10/30,250.6629642
2014/10/31,202.7421034
2014/11/1,66.3519611
2014/11/2,40.54842067
2014/11/3,210.1145435
2014/11/4,213.8007635
2014/11/5,180.624783
2014/11/6,187.9972231
2014/11/7,176.9385629
2014/11/8,55.29330092
2014/11/9,36.86220061
2014/11/10,158.5074626
2014/11/11,154.8212426
2014/11/12,176.9385629
2014/11/13,210.1145435
2014/11/14,213.8007635
2014/11/15,66.3519611
2014/11/16,40.54842067
2014/11/17,187.9972231
2014/11/18,199.0558833
2014/11/19,187.9972231
2014/11/20,191.6834432
2014/11/21,184.3110031
2014/11/22,70.03818116
2014/11/23,36.86220061
2014/11/24,180.624783
2014/11/25,213.8007635
2014/11/26,184.3110031
2014/11/27,84.78306141
2014/11/28,125.3314821
2014/11/29,58.97952098
2014/11/30,33.17598055
2014/12/1,206.4283234
2014/12/2,191.6834432
2014/12/3,191.6834432
2014/12/4,173.2523429
2014/12/5,162.1936827
2014/12/6,51.60708086
2014/12/7,36.86220061
2014/12/8,162.1936827
2014/12/9,173.2523429
2014/12/10,158.5074626
2014/12/11,154.8212426
2014/12/12,158.5074626
2014/12/13,55.29330092
2014/12/14,33.17598055
2014/12/15,147.4488024
2014/12/16,165.8799028
2014/12/17,158.5074626
2014/12/18,158.5074626
2014/12/19,169.5661228
2014/12/20,51.60708086
2014/12/21,36.86220061
2014/12/22,136.3901423
2014/12/23,154.8212426
2014/12/24,121.645262
2014/12/25,40.54842067
2014/12/26,106.9003818
2014/12/27,55.29330092
2014/12/28,36.86220061
2014/12/29,121.645262
2014/12/30,151.1350225
2014/12/31,136.3901423
2015/1/1,44.23464073
2015/1/2,127.1745921
2015/1/3,44.23464073
2015/1/4,27.64665046
2015/1/5,160.3505727
2015/1/6,138.2332523
2015/1/7,132.7039222
2015/1/8,149.2919125
2015/1/9,165.8799028
2015/1/10,38.70531064
2015/1/11,27.64665046
2015/1/12,121.645262
2015/1/13,143.7625824
2015/1/14,149.2919125
2015/1/15,127.1745921
2015/1/16,149.2919125
2015/1/17,49.76397083
2015/1/18,27.64665046
2015/1/19,66.3519611
2015/1/20,138.2332523
2015/1/21,149.2919125
2015/1/22,165.8799028
2015/1/23,160.3505727
2015/1/24,55.29330092
2015/1/25,33.17598055
2015/1/26,165.8799028
2015/1/27,403.6410967
2015/1/28,552.9330092
2015/1/29,304.113155
2015/1/30,243.290524
2015/1/31,82.93995138
2015/2/1,44.23464073
2015/2/2,176.9385629
2015/2/3,182.467893
2015/2/4,182.467893
2015/2/5,160.3505727
2015/2/6,171.4092328
2015/2/7,44.23464073
2015/2/8,27.64665046
2015/2/9,143.7625824
2015/2/10,171.4092328
2015/2/11,221.1732037
2015/2/12,232.2318639
2015/2/13,210.1145435
2015/2/14,71.88129119
2015/2/15,49.76397083
2015/2/16,99.52794165
2015/2/17,204.5852134
2015/2/18,193.5265532
2015/2/19,182.467893
2015/2/20,187.9972231
2015/2/21,71.88129119
2015/2/22,38.70531064
2015/2/23,204.5852134
2015/2/24,232.2318639
2015/2/25,199.0558833
2015/2/26,221.1732037
2015/2/27,193.5265532
2015/2/28,66.3519611
2015/3/1,44.23464073
2015/3/2,176.9385629
2015/3/3,160.3505727
2015/3/4,176.9385629
2015/3/5,160.3505727
2015/3/6,204.5852134
2015/3/7,55.29330092
2015/3/8,49.76397083
2015/3/9,298.583825
2015/3/10,226.7025338
2015/3/11,204.5852134
2015/3/12,187.9972231
2015/3/13,176.9385629
2015/3/14,55.29330092
2015/3/15,33.17598055
2015/3/16,154.8212426
2015/3/17,171.4092328
2015/3/18,176.9385629
2015/3/19,149.2919125
2015/3/20,176.9385629
2015/3/21,55.29330092
2015/3/22,44.23464073
2015/3/23,149.2919125
2015/3/24,149.2919125
2015/3/25,99.52794165
2015/3/26,154.8212426
2015/3/27,138.2332523
2015/3/28,44.23464073
2015/3/29,33.17598055
2015/3/30,149.2919125
2015/3/31,143.7625824
2015/4/1,132.7039222
2015/4/2,123.5519276
2015/4/3,86.94394903
2015/4/4,36.60797854
2015/4/5,27.4559839
2015/4/6,128.1279249
2015/4/7,146.4319142
2015/4/8,137.2799195
2015/4/9,137.2799195
2015/4/10,173.8878981
2015/4/11,50.33597049
2015/4/12,41.18397586
2015/4/13,160.1599061
2015/4/14,151.0079115
2015/4/15,137.2799195
2015/4/16,141.8559168
2015/4/17,137.2799195
2015/4/18,45.75997317
2015/4/19,32.03198122
2015/4/20,164.7359034
2015/4/21,146.4319142
2015/4/22,141.8559168
2015/4/23,169.3119007
2015/4/24,205.9198793
2015/4/25,73.21595708
2015/4/26,50.33597049
2015/4/27,439.2957425
2015/4/28,457.5997317
2015/4/29,233.3758632
2015/4/30,196.7678846
2015/5/1,219.6478712
2015/5/2,68.63995976
2015/5/3,36.60797854
2015/5/4,169.3119007
2015/5/5,169.3119007
2015/5/6,164.7359034
2015/5/7,160.1599061
2015/5/8,173.8878981
2015/5/9,50.33597049
2015/5/10,36.60797854
2015/5/11,146.4319142
2015/5/12,141.8559168
2015/5/13,132.7039222
2015/5/14,155.5839088
2015/5/15,160.1599061
2015/5/16,36.60797854
2015/5/17,36.60797854
2015/5/18,146.4319142
2015/5/19,160.1599061
2015/5/20,132.7039222
2015/5/21,132.7039222
2015/5/22,146.4319142
2015/5/23,45.75997317
2015/5/24,27.4559839
2015/5/25,41.18397586
2015/5/26,146.4319142
2015/5/27,155.5839088
2015/5/28,146.4319142
2015/5/29,123.5519276
2015/5/30,36.60797854
2015/5/31,32.03198122
2015/6/1,132.7039222
2015/6/2,123.5519276
2015/6/3,137.2799195
2015/6/4,137.2799195
2015/6/5,132.7039222
2015/6/6,36.60797854
2015/6/7,27.4559839
2015/6/8,155.5839088
2015/6/9,137.2799195
2015/6/10,137.2799195
2015/6/11,123.5519276
2015/6/12,114.3999329
2015/6/13,41.18397586
2015/6/14,22.87998659
2015/6/15,118.9759303
2015/6/16,128.1279249
2015/6/17,109.8239356
2015/6/18,123.5519276
2015/6/19,109.8239356
2015/6/20,27.4559839
2015/6/21,22.87998659
2015/6/22,109.8239356
2015/6/23,114.3999329
2015/6/24,132.7039222
2015/6/25,128.1279249
2015/6/26,100.671941
2015/6/27,41.18397586
2015/6/28,27.4559839
2015/6/29,141.8559168
2015/6/30,137.2799195
2015/7/1,132.7039222
2015/7/2,113.0440819
2015/7/3,54.0645609
2015/7/4,19.65984033
2015/7/5,19.65984033
2015/7/6,117.959042
2015/7/7,142.5338424
2015/7/8,142.5338424
2015/7/9,167.1086428
2015/7/10,172.0236029
2015/7/11,44.23464073
2015/7/12,29.48976049
2015/7/13,147.4488024
2015/7/14,152.3637625
2015/7/15,127.7889621
2015/7/16,152.3637625
2015/7/17,181.853523
2015/7/18,68.80944114
2015/7/19,34.40472057
2015/7/20,201.5133633
2015/7/21,462.0062477
2015/7/22,491.4960082
2015/7/23,240.833044
2015/7/24,176.9385629
2015/7/25,54.0645609
2015/7/26,34.40472057
2015/7/27,167.1086428
2015/7/28,147.4488024
2015/7/29,137.6188823
2015/7/30,142.5338424
2015/7/31,132.7039222
2015/8/1,44.23464073
2015/8/2,34.40472057
2015/8/3,162.1936827
2015/8/4,245.7480041
2015/8/5,260.4928843
2015/8/6,216.2582436
2015/8/7,181.853523
2015/8/8,44.23464073
2015/8/9,39.31968065
2015/8/10,181.853523
2015/8/11,221.1732037
2015/8/12,226.0881638
2015/8/13,191.6834432
2015/8/14,167.1086428
2015/8/15,54.0645609
2015/8/16,29.48976049
2015/8/17,152.3637625
2015/8/18,127.7889621
2015/8/19,137.6188823
2015/8/20,147.4488024
2015/8/21,245.7480041
2015/8/22,98.29920163
2015/8/23,54.0645609
2015/8/24,457.0912876
2015/8/25,412.8566469
2015/8/26,304.7275251
2015/8/27,280.1527247
2015/8/28,221.1732037
2015/8/29,49.14960082
2015/8/30,39.31968065
2015/8/31,181.853523
2015/9/1,201.5133633
2015/9/2,196.5984033
2015/9/3,186.7684831
2015/9/4,142.5338424
2015/9/5,49.14960082
2015/9/6,29.48976049
2015/9/7,49.14960082
2015/9/8,196.5984033
2015/9/9,363.707046
2015/9/10,275.2377646
2015/9/11,191.6834432
2015/9/12,63.89448106
2015/9/13,39.31968065
2015/9/14,196.5984033
2015/9/15,176.9385629
2015/9/16,172.0236029
2015/9/17,176.9385629
2015/9/18,167.1086428
2015/9/19,39.31968065
2015/9/20,29.48976049
2015/9/21,152.3637625
2015/9/22,147.4488024
2015/9/23,132.7039222
2015/9/24,122.874002
2015/9/25,137.6188823
2015/9/26,49.14960082
2015/9/27,29.48976049
2015/9/28,152.3637625
2015/9/29,167.1086428
2015/9/30,162.1936827
2015/10/1,147.4488024
2015/10/2,139.0231566
2015/10/3,37.91540634
2015/10/4,29.48976049
2015/10/5,143.2359795
2015/10/6,130.5975107
2015/10/7,126.3846878
2015/10/8,130.5975107
2015/10/9,122.1718649
2015/10/10,33.70258342
2015/10/11,21.06411464
2015/10/12,122.1718649
2015/10/13,134.8103337
2015/10/14,130.5975107
2015/10/15,126.3846878
2015/10/16,122.1718649
2015/10/17,29.48976049
2015/10/18,25.27693756
2015/10/19,113.746219
2015/10/20,130.5975107
2015/10/21,130.5975107
2015/10/22,147.4488024
2015/10/23,185.3642088
2015/10/24,58.97952098
2015/10/25,42.12822927
2015/10/26,172.72574
2015/10/27,421.2822927
2015/10/28,362.3027717
2015/10/29,202.2155005
2015/10/30,181.1513859
2015/10/31,46.3410522
2015/11/1,25.27693756
2015/11/2,160.0872712
2015/11/3,168.5129171
2015/11/4,164.3000942
2015/11/5,151.6616254
2015/11/6,143.2359795
2015/11/7,42.12822927
2015/11/8,29.48976049
2015/11/9,126.3846878
2015/11/10,172.72574
2015/11/11,143.2359795
2015/11/12,126.3846878
2015/11/13,126.3846878
2015/11/14,37.91540634
2015/11/15,21.06411464
2015/11/16,117.959042
2015/11/17,113.746219
2015/11/18,139.0231566
2015/11/19,143.2359795
2015/11/20,139.0231566
2015/11/21,37.91540634
2015/11/22,25.27693756
2015/11/23,113.746219
2015/11/24,117.959042
2015/11/25,105.3205732
2015/11/26,33.70258342
2015/11/27,71.61798976
2015/11/28,37.91540634
2015/11/29,21.06411464
2015/11/30,105.3205732
2015/12/1,105.3205732
2015/12/2,113.746219
2015/12/3,122.1718649
2015/12/4,109.5333961
2015/12/5,37.91540634
2015/12/6,25.27693756
2015/12/7,109.5333961
2015/12/8,109.5333961
2015/12/9,105.3205732
2015/12/10,105.3205732
2015/12/11,117.959042
2015/12/12,33.70258342
2015/12/13,21.06411464
2015/12/14,117.959042
2015/12/15,134.8103337
2015/12/16,147.4488024
2015/12/17,130.5975107
2015/12/18,151.6616254
2015/12/19,42.12822927
2015/12/20,29.48976049
2015/12/21,126.3846878
2015/12/22,130.5975107
2015/12/23,105.3205732
2015/12/24,88.46928147
2015/12/25,33.70258342
2015/12/26,25.27693756
2015/12/27,25.27693756
2015/12/28,109.5333961
2015/12/29,113.746219
2015/12/30,96.89492732
2015/12/31,122.1718649
2016/1/1,37.91540634
2016/1/2,28.43655476
2016/1/3,28.43655476
2016/1/4,161.140477
2016/1/5,184.8376059
2016/1/6,232.2318639
2016/1/7,279.6261218
2016/1/8,255.9289928
2016/1/9,47.39425793
2016/1/10,33.17598055
2016/1/11,184.8376059
2016/1/12,194.3164575
2016/1/13,184.8376059
2016/1/14,165.8799028
2016/1/15,199.0558833
2016/1/16,52.13368372
2016/1/17,23.69712896
2016/1/18,66.3519611
2016/1/19,156.4010512
2016/1/20,199.0558833
2016/1/21,175.3587543
2016/1/22,199.0558833
2016/1/23,52.13368372
2016/1/24,37.91540634
2016/1/25,180.0981801
2016/1/26,421.8088956
2016/1/27,473.9425793
2016/1/28,260.6684186
2016/1/29,213.2741607
2016/1/30,61.61253531
2016/1/31,33.17598055
2016/2/1,156.4010512
2016/2/2,175.3587543
2016/2/3,165.8799028
2016/2/4,156.4010512
2016/2/5,156.4010512
2016/2/6,42.65483214
2016/2/7,23.69712896
2016/2/8,156.4010512
2016/2/9,161.140477
2016/2/10,137.443348
2016/2/11,137.443348
2016/2/12,137.443348
2016/2/13,42.65483214
2016/2/14,23.69712896
2016/2/15,66.3519611
2016/2/16,137.443348
2016/2/17,156.4010512
2016/2/18,142.1827738
2016/2/19,118.4856448
2016/2/20,37.91540634
2016/2/21,18.95770317
2016/2/22,137.443348
2016/2/23,123.2250706
2016/2/24,123.2250706
2016/2/25,132.7039222
2016/2/26,127.9644964
2016/2/27,33.17598055
2016/2/28,23.69712896
2016/2/29,109.0067932
2016/3/1,151.6616254
2016/3/2,142.1827738
2016/3/3,142.1827738
2016/3/4,137.443348
2016/3/5,37.91540634
2016/3/6,23.69712896
2016/3/7,142.1827738
2016/3/8,123.2250706
2016/3/9,118.4856448
2016/3/10,109.0067932
2016/3/11,113.746219
2016/3/12,33.17598055
2016/3/13,14.21827738
2016/3/14,109.0067932
2016/3/15,151.6616254
2016/3/16,132.7039222
2016/3/17,127.9644964
2016/3/18,137.443348
2016/3/19,28.43655476
2016/3/20,28.43655476
2016/3/21,227.4924381
2016/3/22,175.3587543
2016/3/23,142.1827738
2016/3/24,127.9644964
2016/3/25,66.3519611
2016/3/26,28.43655476
2016/3/27,18.95770317
2016/3/28,109.0067932
2016/3/29,146.9221996
2016/3/30,170.6193285
2016/3/31,151.6616254
2016/4/1,123.2250706
2016/4/2,30.80626765
2016/4/3,15.40313383
2016/4/4,133.4938265
2016/4/5,138.6282044
2016/4/6,133.4938265
2016/4/7,112.9563147
2016/4/8,112.9563147
2016/4/9,30.80626765
2016/4/10,15.40313383
2016/4/11,123.2250706
2016/4/12,118.0906927
2016/4/13,138.6282044
2016/4/14,123.2250706
2016/4/15,118.0906927
2016/4/16,30.80626765
2016/4/17,20.53751177
2016/4/18,123.2250706
2016/4/19,128.3594486
2016/4/20,123.2250706
2016/4/21,118.0906927
2016/4/22,112.9563147
2016/4/23,30.80626765
2016/4/24,20.53751177
2016/4/25,128.3594486
2016/4/26,390.2127236
2016/4/27,513.4377942
2016/4/28,272.1220309
2016/4/29,246.4501412
2016/4/30,56.47815737
2016/5/1,41.07502354
2016/5/2,195.1063618
2016/5/3,220.7782515
2016/5/4,174.56885
2016/5/5,159.1657162
2016/5/6,143.7625824
2016/5/7,41.07502354
2016/5/8,25.67188971
2016/5/9,138.6282044
2016/5/10,159.1657162
2016/5/11,138.6282044
2016/5/12,179.703228
2016/5/13,174.56885
2016/5/14,46.20940148
2016/5/15,25.67188971
2016/5/16,272.1220309
2016/5/17,210.5094956
2016/5/18,154.0313383
2016/5/19,148.8969603
2016/5/20,148.8969603
2016/5/21,41.07502354
2016/5/22,25.67188971
2016/5/23,138.6282044
2016/5/24,179.703228
2016/5/25,195.1063618
2016/5/26,179.703228
2016/5/27,174.56885
2016/5/28,41.07502354
2016/5/29,25.67188971
2016/5/30,35.9406456
2016/5/31,148.8969603
2016/6/1,133.4938265
2016/6/2,133.4938265
2016/6/3,133.4938265
2016/6/4,30.80626765
2016/6/5,25.67188971
2016/6/6,123.2250706
2016/6/7,138.6282044
2016/6/8,118.0906927
2016/6/9,123.2250706
2016/6/10,102.6875588
2016/6/11,35.9406456
2016/6/12,20.53751177
2016/6/13,143.7625824
2016/6/14,112.9563147
2016/6/15,102.6875588
2016/6/16,107.8219368
2016/6/17,123.2250706
2016/6/18,30.80626765
2016/6/19,20.53751177
2016/6/20,107.8219368
2016/6/21,107.8219368
2016/6/22,97.55318091
2016/6/23,118.0906927
2016/6/24,225.9126295
2016/6/25,46.20940148
2016/6/26,20.53751177
2016/6/27,159.1657162
2016/6/28,138.6282044
2016/6/29,128.3594486
2016/6/30,118.0906927
2016/7/1,112.9563147
2016/7/2,26.06684186
2016/7/3,21.72236822
2016/7/4,26.06684186
2016/7/5,99.9228938
2016/7/6,112.9563147
2016/7/7,95.57842016
2016/7/8,112.9563147
2016/7/9,30.4113155
2016/7/10,17.37789457
2016/7/11,112.9563147
2016/7/12,117.3007884
2016/7/13,99.9228938
2016/7/14,104.2673674
2016/7/15,117.3007884
2016/7/16,26.06684186
2016/7/17,17.37789457
2016/7/18,125.9897357
2016/7/19,121.645262
2016/7/20,134.678683
2016/7/21,125.9897357
2016/7/22,125.9897357
2016/7/23,30.4113155
2016/7/24,26.06684186
2016/7/25,134.678683
2016/7/26,347.5578915
2016/7/27,434.4473644
2016/7/28,221.5681558
2016/7/29,156.4010512
2016/7/30,43.44473644
2016/7/31,21.72236822
2016/8/1,130.3342093
2016/8/2,147.7121039
2016/8/3,125.9897357
2016/8/4,121.645262
2016/8/5,134.678683
2016/8/6,39.10026279
2016/8/7,26.06684186
2016/8/8,139.0231566
2016/8/9,139.0231566
2016/8/10,134.678683
2016/8/11,112.9563147
2016/8/12,108.6118411
2016/8/13,21.72236822
2016/8/14,17.37789457
2016/8/15,130.3342093
2016/8/16,147.7121039
2016/8/17,117.3007884
2016/8/18,99.9228938
2016/8/19,91.23394651
2016/8/20,34.75578915
2016/8/21,21.72236822
2016/8/22,99.9228938
2016/8/23,108.6118411
2016/8/24,99.9228938
2016/8/25,99.9228938
2016/8/26,91.23394651
2016/8/27,26.06684186
2016/8/28,21.72236822
2016/8/29,99.9228938
2016/8/30,195.501314
2016/8/31,108.6118411
2016/9/1,99.9228938
2016/9/2,108.6118411
2016/9/3,26.06684186
2016/9/4,17.37789457
2016/9/5,30.4113155
2016/9/6,104.2673674
2016/9/7,273.7018395
2016/9/8,221.5681558
2016/9/9,160.7455248
2016/9/10,47.78921008
2016/9/11,26.06684186
2016/9/12,139.0231566
2016/9/13,173.7789457
2016/9/14,212.8792085
2016/9/15,238.9460504
2016/9/16,225.9126295
2016/9/17,56.47815737
2016/9/18,26.06684186
2016/9/19,156.4010512
2016/9/20,117.3007884
2016/9/21,143.3676302
2016/9/22,134.678683
2016/9/23,152.0565775
2016/9/24,34.75578915
2016/9/25,26.06684186
2016/9/26,121.645262
2016/9/27,121.645262
2016/9/28,117.3007884
2016/9/29,117.3007884
2016/9/30,99.9228938
2016/10/1,21.72236822
2016/10/2,21.72236822
2016/10/3,93.09586379
2016/10/4,96.19905925
2016/10/5,96.19905925
2016/10/6,102.4054502
2016/10/7,86.88947287
2016/10/8,18.61917276
2016/10/9,18.61917276
2016/10/10,114.818232
2016/10/11,170.6757503
2016/10/12,145.8501866
2016/10/13,130.3342093
2016/10/14,102.4054502
2016/10/15,31.0319546
2016/10/16,21.72236822
2016/10/17,105.5086456
2016/10/18,114.818232
2016/10/19,114.818232
2016/10/20,102.4054502
2016/10/21,89.99266833
2016/10/22,21.72236822
2016/10/23,18.61917276
2016/10/24,114.818232
2016/10/25,310.319546
2016/10/26,310.319546
2016/10/27,183.0885321
2016/10/28,155.159773
2016/10/29,31.0319546
2016/10/30,21.72236822
2016/10/31,105.5086456
2016/11/1,108.6118411
2016/11/2,108.6118411
2016/11/3,96.19905925
2016/11/4,89.99266833
2016/11/5,24.82556368
2016/11/6,18.61917276
2016/11/7,108.6118411
2016/11/8,99.30225471
2016/11/9,204.8109003
2016/11/10,148.9533821
2016/11/11,111.7150365
2016/11/12,27.92875914
2016/11/13,18.61917276
2016/11/14,127.2310138
2016/11/15,108.6118411
2016/11/16,108.6118411
2016/11/17,102.4054502
2016/11/18,93.09586379
2016/11/19,24.82556368
2016/11/20,18.61917276
2016/11/21,93.09586379
2016/11/22,105.5086456
2016/11/23,83.78627741
2016/11/24,34.13515006
2016/11/25,62.06390919
2016/11/26,18.61917276
2016/11/27,21.72236822
2016/11/28,74.47669103
2016/11/29,89.99266833
2016/11/30,83.78627741
2016/12/1,71.37349557
2016/12/2,71.37349557
2016/12/3,18.61917276
2016/12/4,18.61917276
2016/12/5,74.47669103
2016/12/6,77.57988649
2016/12/7,86.88947287
2016/12/8,93.09586379
2016/12/9,89.99266833
2016/12/10,27.92875914
2016/12/11,15.5159773
2016/12/12,86.88947287
2016/12/13,102.4054502
2016/12/14,105.5086456
2016/12/15,99.30225471
2016/12/16,89.99266833
2016/12/17,24.82556368
2016/12/18,15.5159773
2016/12/19,86.88947287
2016/12/20,86.88947287
2016/12/21,80.68308195
2016/12/22,77.57988649
2016/12/23,65.16710465
2016/12/24,21.72236822
2016/12/25,12.41278184
2016/12/26,34.13515006
2016/12/27,71.37349557
2016/12/28,68.27030011
2016/12/29,68.27030011
2016/12/30,74.47669103
2016/12/31,31.0319546
2017/1/1,15.5159773
2017/1/2,31.0319546
2017/1/3,73.70089217
2017/1/4,69.82189784
2017/1/5,73.70089217
2017/1/6,89.21686947
2017/1/7,27.15296027
2017/1/8,19.39497162
2017/1/9,85.33787514
2017/1/10,96.97485812
2017/1/11,89.21686947
2017/1/12,81.45888082
2017/1/13,65.94290352
2017/1/14,23.27396595
2017/1/15,15.5159773
2017/1/16,34.91094892
2017/1/17,81.45888082
2017/1/18,93.09586379
2017/1/19,73.70089217
2017/1/20,81.45888082
2017/1/21,15.5159773
2017/1/22,19.39497162
2017/1/23,81.45888082
2017/1/24,85.33787514
2017/1/25,100.8538524
2017/1/26,96.97485812
2017/1/27,81.45888082
2017/1/28,38.78994325
2017/1/29,27.15296027
2017/1/30,108.6118411
2017/1/31,321.9565289
2017/2/1,387.8994325
2017/2/2,182.3127333
2017/2/3,124.1278184
2017/2/4,34.91094892
2017/2/5,23.27396595
2017/2/6,96.97485812
2017/2/7,116.3698297
2017/2/8,104.7328468
2017/2/9,104.7328468
2017/2/10,108.6118411
2017/2/11,31.0319546
2017/2/12,19.39497162
2017/2/13,124.1278184
2017/2/14,143.52279
2017/2/15,143.52279
2017/2/16,124.1278184
2017/2/17,104.7328468
2017/2/18,27.15296027
2017/2/19,15.5159773
2017/2/20,42.66893757
2017/2/21,108.6118411
2017/2/22,104.7328468
2017/2/23,104.7328468
2017/2/24,96.97485812
2017/2/25,31.0319546
2017/2/26,15.5159773
2017/2/27,96.97485812
2017/2/28,108.6118411
2017/3/1,135.7648014
2017/3/2,124.1278184
2017/3/3,108.6118411
2017/3/4,23.27396595
2017/3/5,15.5159773
2017/3/6,89.21686947
2017/3/7,89.21686947
2017/3/8,81.45888082
2017/3/9,81.45888082
2017/3/10,85.33787514
2017/3/11,23.27396595
2017/3/12,11.63698297
2017/3/13,73.70089217
2017/3/14,77.57988649
2017/3/15,96.97485812
2017/3/16,81.45888082
2017/3/17,81.45888082
2017/3/18,19.39497162
2017/3/19,15.5159773
2017/3/20,93.09586379
2017/3/21,124.1278184
2017/3/22,96.97485812
2017/3/23,89.21686947
2017/3/24,85.33787514
2017/3/25,23.27396595
2017/3/26,15.5159773
2017/3/27,89.21686947
2017/3/28,100.8538524
2017/3/29,104.7328468
2017/3/30,100.8538524
2017/3/31,81.45888082
2017/4/1,23.27396595
2017/4/2,16.62426139
2017/4/3,89.77101151
2017/4/4,86.44615923
2017/4/5,103.0704206
2017/4/6,83.12130696
2017/4/7,86.44615923
2017/4/8,23.27396595
2017/4/9,9.974556835
2017/4/10,66.49704556
2017/4/11,83.12130696
2017/4/12,73.14675012
2017/4/13,73.14675012
2017/4/14,46.5479319
2017/4/15,19.94911367
2017/4/16,13.29940911
2017/4/17,86.44615923
2017/4/18,79.79645468
2017/4/19,69.82189784
2017/4/20,83.12130696
2017/4/21,76.4716024
2017/4/22,19.94911367
2017/4/23,9.974556835
2017/4/24,89.77101151
2017/4/25,96.42071607
2017/4/26,86.44615923
2017/4/27,86.44615923
2017/4/28,86.44615923
2017/4/29,19.94911367
2017/4/30,23.27396595
2017/5/1,136.3189434
2017/5/2,332.4852278
2017/5/3,279.2875914
2017/5/4,129.6692389
2017/5/5,119.694682
2017/5/6,39.89822734
2017/5/7,23.27396595
2017/5/8,159.5929094
2017/5/9,169.5674662
2017/5/10,139.6437957
2017/5/11,106.3952729
2017/5/12,129.6692389
2017/5/13,43.22307962
2017/5/14,23.27396595
2017/5/15,123.0195343
2017/5/16,106.3952729
2017/5/17,132.9940911
2017/5/18,123.0195343
2017/5/19,113.0449775
2017/5/20,29.9236705
2017/5/21,19.94911367
2017/5/22,99.74556835
2017/5/23,96.42071607
2017/5/24,99.74556835
2017/5/25,96.42071607
2017/5/26,86.44615923
2017/5/27,29.9236705
2017/5/28,19.94911367
2017/5/29,19.94911367
2017/5/30,79.79645468
2017/5/31,79.79645468
2017/6/1,76.4716024
2017/6/2,93.09586379
2017/6/3,23.27396595
2017/6/4,16.62426139
2017/6/5,156.2680571
2017/6/6,126.3443866
2017/6/7,93.09586379
2017/6/8,89.77101151
2017/6/9,126.3443866
2017/6/10,43.22307962
2017/6/11,23.27396595
2017/6/12,162.9177616
2017/6/13,139.6437957
2017/6/14,119.694682
2017/6/15,119.694682
2017/6/16,103.0704206
2017/6/17,26.59881823
2017/6/18,13.29940911
2017/6/19,123.0195343
2017/6/20,106.3952729
2017/6/21,83.12130696
2017/6/22,89.77101151
2017/6/23,76.4716024
2017/6/24,19.94911367
2017/6/25,16.62426139
2017/6/26,79.79645468
2017/6/27,86.44615923
2017/6/28,86.44615923
2017/6/29,86.44615923
2017/6/30,79.79645468
2017/7/1,19.94911367
2017/7/2,13.29940911
2017/7/3,73.14675012
2017/7/4,56.52248873
2017/7/5,76.4716024
2017/7/6,76.4716024
2017/7/7,66.49704556
2017/7/8,16.62426139
2017/7/9,19.94911367
2017/7/10,69.82189784
2017/7/11,73.14675012
2017/7/12,76.4716024
2017/7/13,73.14675012
2017/7/14,66.49704556
2017/7/15,23.27396595
2017/7/16,9.974556835
2017/7/17,79.79645468
2017/7/18,86.44615923
2017/7/19,93.09586379
2017/7/20,79.79645468
2017/7/21,69.82189784
2017/7/22,16.62426139
2017/7/23,13.29940911
2017/7/24,79.79645468
2017/7/25,99.74556835
2017/7/26,86.44615923
2017/7/27,113.0449775
2017/7/28,89.77101151
2017/7/29,23.27396595
2017/7/30,13.29940911
2017/7/31,96.42071607
2017/8/1,262.66333
2017/8/2,332.4852278
2017/8/3,139.6437957
2017/8/4,116.3698297
2017/8/5,23.27396595
2017/8/6,19.94911367
2017/8/7,103.0704206
2017/8/8,113.0449775
2017/8/9,109.7201252
2017/8/10,106.3952729
2017/8/11,106.3952729
2017/8/12,23.27396595
2017/8/13,16.62426139
2017/8/14,96.42071607
2017/8/15,109.7201252
2017/8/16,103.0704206
2017/8/17,96.42071607
2017/8/18,83.12130696
2017/8/19,23.27396595
2017/8/20,13.29940911
2017/8/21,69.82189784
2017/8/22,76.4716024
2017/8/23,83.12130696
2017/8/24,79.79645468
2017/8/25,76.4716024
2017/8/26,23.27396595
2017/8/27,13.29940911
2017/8/28,83.12130696
2017/8/29,103.0704206
2017/8/30,93.09586379
2017/8/31,106.3952729
2017/9/1,89.77101151
2017/9/2,23.27396595
2017/9/3,16.62426139
2017/9/4,23.27396595
2017/9/5,86.44615923
2017/9/6,86.44615923
2017/9/7,79.79645468
2017/9/8,76.4716024
2017/9/9,16.62426139
2017/9/10,13.29940911
2017/9/11,106.3952729
2017/9/12,302.5615573
2017/9/13,192.8414321
2017/9/14,123.0195343
2017/9/15,106.3952729
2017/9/16,26.59881823
2017/9/17,19.94911367
2017/9/18,96.42071607
2017/9/19,93.09586379
2017/9/20,113.0449775
2017/9/21,103.0704206
2017/9/22,116.3698297
2017/9/23,29.9236705
2017/9/24,23.27396595
2017/9/25,119.694682
2017/9/26,113.0449775
2017/9/27,106.3952729
2017/9/28,93.09586379
2017/9/29,76.4716024
2017/9/30,19.94911367
2017/10/1,16.62426139
2017/10/2,83.12130696
2017/10/3,86.44615923
2017/10/4,79.79645468
2017/10/5,93.09586379
2017/10/6,69.82189784
2017/10/7,23.27396595
2017/10/8,13.29940911
2017/10/9,79.79645468
2017/10/10,89.77101151
2017/10/11,79.79645468
2017/10/12,79.79645468
2017/10/13,79.79645468
2017/10/14,23.27396595
2017/10/15,16.62426139
2017/10/16,89.77101151
2017/10/17,96.42071607
2017/10/18,96.42071607
2017/10/19,119.694682
2017/10/20,103.0704206
2017/10/21,23.27396595
2017/10/22,9.974556835
2017/10/23,93.09586379
2017/10/24,93.09586379
2017/10/25,83.12130696
2017/10/26,96.42071607
2017/10/27,162.9177616
2017/10/28,43.22307962
2017/10/29,19.94911367
2017/10/30,152.9432048
2017/10/31,152.9432048
2017/11/1,166.2426139
2017/11/2,299.236705
2017/11/3,332.4852278
2017/11/4,59.84734101
2017/11/5,39.89822734
2017/11/6,146.2935002
2017/11/7,146.2935002
2017/11/8,132.9940911
2017/11/9,129.6692389
2017/11/10,106.3952729
2017/11/11,33.24852278
2017/11/12,19.94911367
2017/11/13,99.74556835
2017/11/14,99.74556835
2017/11/15,106.3952729
2017/11/16,106.3952729
2017/11/17,93.09586379
2017/11/18,19.94911367
2017/11/19,13.29940911
2017/11/20,89.77101151
2017/11/21,93.09586379
2017/11/22,93.09586379
2017/11/23,33.24852278
2017/11/24,56.52248873
2017/11/25,29.9236705
2017/11/26,16.62426139
2017/11/27,83.12130696
2017/11/28,93.09586379
2017/11/29,126.3443866
2017/11/30,119.694682
2017/12/1,109.7201252
2017/12/2,33.24852278
2017/12/3,19.94911367
2017/12/4,116.3698297
2017/12/5,106.3952729
2017/12/6,96.42071607
2017/12/7,103.0704206
2017/12/8,99.74556835
2017/12/9,26.59881823
2017/12/10,16.62426139
2017/12/11,93.09586379
2017/12/12,89.77101151
2017/12/13,86.44615923
2017/12/14,89.77101151
2017/12/15,83.12130696
2017/12/16,26.59881823
2017/12/17,19.94911367
2017/12/18,93.09586379
2017/12/19,106.3952729
2017/12/20,89.77101151
2017/12/21,109.7201252
2017/12/22,93.09586379
2017/12/23,33.24852278
2017/12/24,19.94911367
2017/12/25,19.94911367
2017/12/26,109.7201252
2017/12/27,113.0449775
2017/12/28,93.09586379
2017/12/29,96.42071607
2017/12/30,26.59881823
2017/12/31,23.27396595
2018/1/1,23.27396595
2018/1/2,86.44615923
2018/1/3,99.74556835
2018/1/4,89.77101151
2018/1/5,99.74556835
2018/1/6,29.9236705
2018/1/7,19.94911367
2018/1/8,86.44615923
2018/1/9,96.42071607
2018/1/10,86.44615923
2018/1/11,86.44615923
2018/1/12,96.42071607
2018/1/13,29.9236705
2018/1/14,16.62426139
2018/1/15,36.57337506
2018/1/16,99.74556835
2018/1/17,119.694682
2018/1/18,129.6692389
2018/1/19,96.42071607
2018/1/20,29.9236705
2018/1/21,16.62426139
2018/1/22,86.44615923
2018/1/23,109.7201252
2018/1/24,103.0704206
2018/1/25,113.0449775
2018/1/26,116.3698297
2018/1/27,39.89822734
2018/1/28,23.27396595
2018/1/29,132.9940911
2018/1/30,156.2680571
2018/1/31,156.2680571
2018/2/1,289.2621482
2018/2/2,332.4852278
2018/2/3,59.84734101
2018/2/4,29.9236705
2018/2/5,169.5674662
2018/2/6,226.0899549
2018/2/7,149.6183525
2018/2/8,139.6437957
2018/2/9,156.2680571
2018/2/10,39.89822734
2018/2/11,26.59881823
2018/2/12,129.6692389
2018/2/13,123.0195343
2018/2/14,123.0195343
2018/2/15,152.9432048
2018/2/16,129.6692389
2018/2/17,39.89822734
2018/2/18,16.62426139
2018/2/19,43.22307962
2018/2/20,103.0704206
2018/2/21,106.3952729
2018/2/22,96.42071607
2018/2/23,89.77101151
2018/2/24,26.59881823
2018/2/25,16.62426139
2018/2/26,116.3698297
2018/2/27,119.694682
2018/2/28,113.0449775
2018/3/1,96.42071607
2018/3/2,106.3952729
2018/3/3,23.27396595
2018/3/4,16.62426139
2018/3/5,83.12130696
2018/3/6,79.79645468
2018/3/7,99.74556835
2018/3/8,93.09586379
2018/3/9,99.74556835
2018/3/10,26.59881823
2018/3/11,19.94911367
2018/3/12,93.09586379
2018/3/13,96.42071607
2018/3/14,83.12130696
2018/3/15,76.4716024
2018/3/16,76.4716024
2018/3/17,23.27396595
2018/3/18,13.29940911
2018/3/19,99.74556835
2018/3/20,89.77101151
2018/3/21,86.44615923
2018/3/22,109.7201252
2018/3/23,106.3952729
2018/3/24,33.24852278
2018/3/25,19.94911367
2018/3/26,109.7201252
2018/3/27,116.3698297
2018/3/28,116.3698297
2018/3/29,96.42071607
2018/3/30,49.87278417
2018/3/31,16.62426139
2018/4/1,13.29940911
2018/4/2,93.09586379
2018/4/3,86.44615923
2018/4/4,86.44615923
2018/4/5,86.44615923
2018/4/6,86.44615923
2018/4/7,19.94911367
2018/4/8,16.62426139
2018/4/9,76.4716024
2018/4/10,86.44615923
2018/4/11,79.79645468
2018/4/12,76.4716024
2018/4/13,76.4716024
2018/4/14,23.27396595
2018/4/15,16.62426139
2018/4/16,76.4716024
2018/4/17,83.12130696
2018/4/18,79.79645468
2018/4/19,96.42071607
2018/4/20,116.3698297
2018/4/21,26.59881823
2018/4/22,19.94911367
2018/4/23,96.42071607
2018/4/24,103.0704206
2018/4/25,103.0704206
2018/4/26,99.74556835
2018/4/27,93.09586379
2018/4/28,29.9236705
2018/4/29,16.62426139
2018/4/30,106.3952729
2018/5/1,332.4852278
2018/5/2,299.236705
2018/5/3,126.3443866
2018/5/4,192.8414321
2018/5/5,49.87278417
2018/5/6,26.59881823
2018/5/7,142.968648
2018/5/8,129.6692389
2018/5/9,119.694682
2018/5/10,132.9940911
2018/5/11,126.3443866
2018/5/12,33.24852278
2018/5/13,19.94911367
2018/5/14,99.74556835
2018/5/15,86.44615923
2018/5/16,89.77101151
2018/5/17,83.12130696
2018/5/18,83.12130696
2018/5/19,19.94911367
2018/5/20,16.62426139
2018/5/21,83.12130696
2018/5/22,83.12130696
2018/5/23,79.79645468
2018/5/24,89.77101151
2018/5/25,69.82189784
2018/5/26,19.94911367
2018/5/27,13.29940911
2018/5/28,19.94911367
2018/5/29,76.4716024
2018/5/30,73.14675012
2018/5/31,69.82189784
2018/6/1,79.79645468
2018/6/2,26.59881823
2018/6/3,16.62426139
2018/6/4,113.0449775
2018/6/5,113.0449775
2018/6/6,96.42071607
2018/6/7,86.44615923
2018/6/8,89.77101151
2018/6/9,26.59881823
2018/6/10,16.62426139
2018/6/11,76.4716024
2018/6/12,73.14675012
2018/6/13,79.79645468
2018/6/14,79.79645468
2018/6/15,73.14675012
2018/6/16,19.94911367
2018/6/17,13.29940911
2018/6/18,63.17219329
2018/6/19,83.12130696
2018/6/20,76.4716024
2018/6/21,73.14675012
2018/6/22,66.49704556
2018/6/23,16.62426139
2018/6/24,13.29940911
2018/6/25,79.79645468
2018/6/26,69.82189784
2018/6/27,63.17219329
2018/6/28,69.82189784
2018/6/29,63.17219329
2018/6/30,16.62426139
2018/7/1,13.29940911
2018/7/2,57.63077282
2018/7/3,70.93018194
2018/7/4,17.73254548
2018/7/5,57.63077282
2018/7/6,70.93018194
2018/7/7,17.73254548
2018/7/8,13.29940911
2018/7/9,75.36331831
2018/7/10,79.79645468
2018/7/11,75.36331831
2018/7/12,75.36331831
2018/7/13,75.36331831
2018/7/14,22.16568185
2018/7/15,13.29940911
2018/7/16,66.49704556
2018/7/17,79.79645468
2018/7/18,70.93018194
2018/7/19,88.66272742
2018/7/20,79.79645468
2018/7/21,17.73254548
2018/7/22,13.29940911
2018/7/23,75.36331831
2018/7/24,88.66272742
2018/7/25,93.09586379
2018/7/26,110.8284093
2018/7/27,110.8284093
2018/7/28,31.0319546
2018/7/29,22.16568185
2018/7/30,106.3952729
2018/7/31,354.6509097
2018/8/1,443.3136371
2018/8/2,372.3834552
2018/8/3,239.389364
2018/8/4,53.19763645
2018/8/5,26.59881823
2018/8/6,132.9940911
2018/8/7,132.9940911
2018/8/8,106.3952729
2018/8/9,110.8284093
2018/8/10,97.52900016
2018/8/11,26.59881823
2018/8/12,17.73254548
2018/8/13,93.09586379
2018/8/14,106.3952729
2018/8/15,97.52900016
2018/8/16,119.694682
2018/8/17,128.5609548
2018/8/18,35.46509097
2018/8/19,22.16568185
2018/8/20,101.9621365
2018/8/21,119.694682
2018/8/22,106.3952729
2018/8/23,97.52900016
2018/8/24,97.52900016
2018/8/25,26.59881823
2018/8/26,17.73254548
2018/8/27,101.9621365
2018/8/28,119.694682
2018/8/29,128.5609548
2018/8/30,137.4272275
2018/8/31,128.5609548
2018/9/1,31.0319546
2018/9/2,17.73254548
2018/9/3,35.46509097
2018/9/4,124.1278184
2018/9/5,106.3952729
2018/9/6,106.3952729
2018/9/7,106.3952729
2018/9/8,31.0319546
2018/9/9,22.16568185
2018/9/10,101.9621365
2018/9/11,124.1278184
2018/9/12,221.6568185
2018/9/13,177.3254548
2018/9/14,128.5609548
2018/9/15,31.0319546
2018/9/16,17.73254548
2018/9/17,115.2615456
2018/9/18,128.5609548
2018/9/19,101.9621365
2018/9/20,101.9621365
2018/9/21,101.9621365
2018/9/22,26.59881823
2018/9/23,17.73254548
2018/9/24,97.52900016
2018/9/25,101.9621365
2018/9/26,97.52900016
2018/9/27,110.8284093
2018/9/28,106.3952729
2018/9/29,26.59881823
2018/9/30,17.73254548
2018/10/1,106.3952729
2018/10/2,98.21102114
2018/10/3,102.303147
2018/10/4,114.5795247
2018/10/5,110.4873988
2018/10/6,24.55275529
2018/10/7,16.36850352
2018/10/8,98.21102114
2018/10/9,90.02676938
2018/10/10,122.7637764
2018/10/11,155.5007835
2018/10/12,139.13228
2018/10/13,28.64488117
2018/10/14,20.4606294
2018/10/15,114.5795247
2018/10/16,118.6716505
2018/10/17,110.4873988
2018/10/18,90.02676938
2018/10/19,98.21102114
2018/10/20,28.64488117
2018/10/21,20.4606294
2018/10/22,98.21102114
2018/10/23,102.303147
2018/10/24,106.3952729
2018/10/25,126.8559023
2018/10/26,122.7637764
2018/10/27,24.55275529
2018/10/28,16.36850352
2018/10/29,98.21102114
2018/10/30,139.13228
2018/10/31,147.3165317
2018/11/1,376.475581
2018/11/2,409.2125881
2018/11/3,53.19763645
2018/11/4,32.73700705
2018/11/5,196.4220423
2018/11/6,151.4086576
2018/11/7,143.2244058
2018/11/8,126.8559023
2018/11/9,118.6716505
2018/11/10,28.64488117
2018/11/11,16.36850352
2018/11/12,151.4086576
2018/11/13,175.9614129
2018/11/14,180.0535388
2018/11/15,184.1456646
2018/11/16,139.13228
2018/11/17,40.92125881
2018/11/18,20.4606294
2018/11/19,167.7771611
2018/11/20,208.6984199
2018/11/21,159.5929094
2018/11/22,57.28976233
2018/11/23,102.303147
2018/11/24,40.92125881
2018/11/25,28.64488117
2018/11/26,151.4086576
2018/11/27,171.869287
2018/11/28,155.5007835
2018/11/29,143.2244058
2018/11/30,122.7637764
2018/12/1,32.73700705
2018/12/2,28.64488117
2018/12/3,151.4086576
2018/12/4,151.4086576
2018/12/5,81.84251762
2018/12/6,143.2244058
2018/12/7,130.9480282
2018/12/8,36.82913293
2018/12/9,24.55275529
2018/12/10,151.4086576
2018/12/11,139.13228
2018/12/12,122.7637764
2018/12/13,122.7637764
2018/12/14,118.6716505
2018/12/15,40.92125881
2018/12/16,28.64488117
2018/12/17,106.3952729
2018/12/18,114.5795247
2018/12/19,114.5795247
2018/12/20,135.0401541
2018/12/21,163.6850352
2018/12/22,53.19763645
2018/12/23,28.64488117
2018/12/24,118.6716505
2018/12/25,45.01338469
2018/12/26,143.2244058
2018/12/27,159.5929094
2018/12/28,118.6716505
2018/12/29,32.73700705
2018/12/30,24.55275529
2018/12/31,114.5795247
2019/1/1,36.82913293
2019/1/2,251.6657417
2019/1/3,613.8188821
2019/1/4,362.1531405
2019/1/5,79.79645468
2019/1/6,36.82913293
2019/1/7,159.5929094
2019/1/8,159.5929094
2019/1/9,165.7310982
2019/1/10,147.3165317
2019/1/11,128.9019652
2019/1/12,36.82913293
2019/1/13,24.55275529
2019/1/14,110.4873988
2019/1/15,110.4873988
2019/1/16,122.7637764
2019/1/17,110.4873988
2019/1/18,122.7637764
2019/1/19,30.69094411
2019/1/20,24.55275529
2019/1/21,55.24369939
2019/1/22,104.34921
2019/1/23,98.21102114
2019/1/24,98.21102114
2019/1/25,104.34921
2019/1/26,30.69094411
2019/1/27,24.55275529
2019/1/28,116.6255876
2019/1/29,313.0476299
2019/1/30,356.0149516
2019/1/31,184.1456646
2019/2/1,141.1783429
2019/2/2,36.82913293
2019/2/3,18.41456646
2019/2/4,135.0401541
2019/2/5,147.3165317
2019/2/6,128.9019652
2019/2/7,116.6255876
2019/2/8,92.07283232
2019/2/9,30.69094411
2019/2/10,24.55275529
2019/2/11,92.07283232
2019/2/12,104.34921
2019/2/13,92.07283232
2019/2/14,92.07283232
2019/2/15,98.21102114
2019/2/16,24.55275529
2019/2/17,12.27637764
2019/2/18,36.82913293
2019/2/19,79.79645468
2019/2/20,79.79645468
2019/2/21,79.79645468
2019/2/22,79.79645468
2019/2/23,24.55275529
2019/2/24,18.41456646
2019/2/25,92.07283232
2019/2/26,79.79645468
2019/2/27,73.65826586
2019/2/28,73.65826586
2019/3/1,85.9346435
2019/3/2,24.55275529
2019/3/3,18.41456646
2019/3/4,92.07283232
2019/3/5,79.79645468
2019/3/6,79.79645468
2019/3/7,73.65826586
2019/3/8,67.52007703
2019/3/9,18.41456646
2019/3/10,18.41456646
2019/3/11,104.34921
2019/3/12,110.4873988
2019/3/13,98.21102114
2019/3/14,110.4873988
2019/3/15,104.34921
2019/3/16,24.55275529
2019/3/17,24.55275529
2019/3/18,104.34921
2019/3/19,110.4873988
2019/3/20,85.9346435
2019/3/21,153.4547205
2019/3/22,135.0401541
2019/3/23,30.69094411
2019/3/24,18.41456646
2019/3/25,208.6984199
2019/3/26,165.7310982
2019/3/27,110.4873988
2019/3/28,92.07283232
2019/3/29,104.34921
2019/3/30,24.55275529
2019/3/31,18.41456646
2019/4/1,98.21102114
2019/4/2,110.883411
2019/4/3,110.883411
2019/4/4,110.883411
2019/4/5,101.3791186
2019/4/6,28.51287711
2019/4/7,12.67238982
2019/4/8,114.0515084
2019/4/9,136.2281906
2019/4/10,114.0515084
2019/4/11,110.883411
2019/4/12,107.7153135
2019/4/13,28.51287711
2019/4/14,22.17668219
2019/4/15,85.53863132
2019/4/16,114.0515084
2019/4/17,117.2196059
2019/4/18,107.7153135
2019/4/19,53.85765676
2019/4/20,19.00858474
2019/4/21,19.00858474
2019/4/22,91.87482623
2019/4/23,114.0515084
2019/4/24,110.883411
2019/4/25,120.3877033
2019/4/26,101.3791186
2019/4/27,25.34477965
2019/4/28,15.84048728
2019/4/29,110.883411
2019/4/30,281.9606736
2019/5/1,316.8097456
2019/5/2,152.0686779
2019/5/3,117.2196059
2019/5/4,31.68097456
2019/5/5,22.17668219
2019/5/6,133.0600932
2019/5/7,123.5558008
2019/5/8,107.7153135
2019/5/9,107.7153135
2019/5/10,114.0515084
2019/5/11,28.51287711
2019/5/12,19.00858474
2019/5/13,167.9091652
2019/5/14,139.3962881
2019/5/15,110.883411
2019/5/16,101.3791186
2019/5/17,85.53863132
2019/5/18,28.51287711
2019/5/19,15.84048728
2019/5/20,104.5472161
2019/5/21,101.3791186
2019/5/22,95.04292369
2019/5/23,104.5472161
2019/5/24,91.87482623
2019/5/25,25.34477965
2019/5/26,12.67238982
2019/5/27,25.34477965
2019/5/28,85.53863132
2019/5/29,91.87482623
2019/5/30,79.2024364
2019/5/31,88.70672877
2019/6/1,25.34477965
2019/6/2,15.84048728
2019/6/3,110.883411
2019/6/4,114.0515084
2019/6/5,104.5472161
2019/6/6,95.04292369
2019/6/7,95.04292369
2019/6/8,28.51287711
2019/6/9,19.00858474
2019/6/10,88.70672877
2019/6/11,95.04292369
2019/6/12,82.37053386
2019/6/13,82.37053386
2019/6/14,76.03433895
2019/6/15,19.00858474
2019/6/16,9.504292369
2019/6/17,76.03433895
2019/6/18,95.04292369
2019/6/19,91.87482623
2019/6/20,95.04292369
2019/6/21,79.2024364
2019/6/22,19.00858474
2019/6/23,12.67238982
2019/6/24,72.86624149
2019/6/25,76.03433895
2019/6/26,85.53863132
2019/6/27,98.21102114
2019/6/28,104.5472161
2019/6/29,19.00858474
2019/6/30,15.84048728
2019/7/1,98.21102114
2019/7/2,87.29868546
2019/7/3,79.1144337
2019/7/4,30.00892313
2019/7/5,68.20209802
2019/7/6,19.09658744
2019/7/7,10.91233568
2019/7/8,100.9391051
2019/7/9,90.02676938
2019/7/10,76.38634978
2019/7/11,92.7548533
2019/7/12,76.38634978
2019/7/13,16.36850352
2019/7/14,10.91233568
2019/7/15,76.38634978
2019/7/16,76.38634978
2019/7/17,76.38634978
2019/7/18,81.84251762
2019/7/19,65.47401409
2019/7/20,21.82467136
2019/7/21,10.91233568
2019/7/22,73.65826586
2019/7/23,95.48293722
2019/7/24,79.1144337
2019/7/25,87.29868546
2019/7/26,87.29868546
2019/7/27,21.82467136
2019/7/28,16.36850352
2019/7/29,95.48293722
2019/7/30,229.1590493
2019/7/31,272.8083921
2019/8/1,141.8603639
2019/8/2,114.5795247
2019/8/3,24.55275529
2019/8/4,13.6404196
2019/8/5,125.4918603
2019/8/6,128.2199443
2019/8/7,92.7548533
2019/8/8,90.02676938
2019/8/9,79.1144337
2019/8/10,21.82467136
2019/8/11,16.36850352
2019/8/12,81.84251762
2019/8/13,125.4918603
2019/8/14,125.4918603
2019/8/15,106.3952729
2019/8/16,87.29868546
2019/8/17,27.28083921
2019/8/18,13.6404196
2019/8/19,98.21102114
2019/8/20,100.9391051
2019/8/21,95.48293722
2019/8/22,87.29868546
2019/8/23,106.3952729
2019/8/24,27.28083921
2019/8/25,16.36850352
2019/8/26,90.02676938
2019/8/27,87.29868546
2019/8/28,70.93018194
2019/8/29,81.84251762
2019/8/30,76.38634978
2019/8/31,21.82467136
2019/9/1,10.91233568
2019/9/2,24.55275529
2019/9/3,65.47401409
2019/9/4,79.1144337
2019/9/5,81.84251762
2019/9/6,79.1144337
2019/9/7,16.36850352
2019/9/8,13.6404196
2019/9/9,87.29868546
2019/9/10,150.0446156
2019/9/11,139.13228
2019/9/12,130.9480282
2019/9/13,111.8514407
2019/9/14,24.55275529
2019/9/15,16.36850352
2019/9/16,90.02676938
2019/9/17,84.57060154
2019/9/18,87.29868546
2019/9/19,81.84251762
2019/9/20,81.84251762
2019/9/21,21.82467136
2019/9/22,13.6404196
2019/9/23,70.93018194
2019/9/24,70.93018194
2019/9/25,70.93018194
2019/9/26,68.20209802
2019/9/27,68.20209802
2019/9/28,19.09658744
2019/9/29,16.36850352
2019/9/30,79.1144337
2019/10/1,95.48293722
2019/10/2,91.23925112
2019/10/3,78.50819283
2019/10/4,93.36109417
2019/10/5,23.34027354
2019/10/6,16.97474439
2019/10/7,82.75187892
2019/10/8,80.63003588
2019/10/9,80.63003588
2019/10/10,91.23925112
2019/10/11,118.8232108
2019/10/12,31.82764574
2019/10/13,21.21843049
2019/10/14,78.50819283
2019/10/15,97.60478027
2019/10/16,84.87372197
2019/10/17,78.50819283
2019/10/18,74.26450673
2019/10/19,21.21843049
2019/10/20,16.97474439
2019/10/21,89.11740807
2019/10/22,97.60478027
2019/10/23,97.60478027
2019/10/24,95.48293722
2019/10/25,106.0921525
2019/10/26,31.82764574
2019/10/27,23.34027354
2019/10/28,114.5795247
2019/10/29,120.9450538
2019/10/30,212.1843049
2019/10/31,193.0877175
2019/11/1,133.6761121
2019/11/2,36.07133184
2019/11/3,23.34027354
2019/11/4,110.3358386
2019/11/5,103.9703094
2019/11/6,95.48293722
2019/11/7,101.8484664
2019/11/8,93.36109417
2019/11/9,25.46211659
2019/11/10,14.85290135
2019/11/11,82.75187892
2019/11/12,97.60478027
2019/11/13,103.9703094
2019/11/14,93.36109417
2019/11/15,99.72662332
2019/11/16,33.94948879
2019/11/17,21.21843049
2019/11/18,91.23925112
2019/11/19,97.60478027
2019/11/20,99.72662332
2019/11/21,93.36109417
2019/11/22,76.38634978
2019/11/23,21.21843049
2019/11/24,14.85290135
2019/11/25,78.50819283
2019/11/26,82.75187892
2019/11/27,82.75187892
2019/11/28,33.94948879
2019/11/29,53.04607623
2019/11/30,19.09658744
2019/12/1,12.7310583
2019/12/2,76.38634978
2019/12/3,82.75187892
2019/12/4,74.26450673
2019/12/5,78.50819283
2019/12/6,89.11740807
2019/12/7,25.46211659
2019/12/8,19.09658744
2019/12/9,80.63003588
2019/12/10,80.63003588
2019/12/11,84.87372197
2019/12/12,95.48293722
2019/12/13,114.5795247
2019/12/14,33.94948879
2019/12/15,21.21843049
2019/12/16,106.0921525
2019/12/17,103.9703094
2019/12/18,86.99556502
2019/12/19,97.60478027
2019/12/20,89.11740807
2019/12/21,23.34027354
2019/12/22,12.7310583
2019/12/23,91.23925112
2019/12/24,76.38634978
2019/12/25,29.70580269
2019/12/26,95.48293722
2019/12/27,116.7013677
2019/12/28,31.82764574
2019/12/29,16.97474439
2019/12/30,95.48293722
2019/12/31,103.9703094
2020/1/1,29.70580269
2020/1/2,145.5584332
2020/1/3,145.5584332
2020/1/4,38.6175435
2020/1/5,23.76464215
2020/1/6,103.9703094
2020/1/7,109.91147
2020/1/8,127.7349516
2020/1/9,151.4995937
2020/1/10,133.6761121
2020/1/11,41.58812377
2020/1/12,23.76464215
2020/1/13,118.8232108
2020/1/14,130.7055318
2020/1/15,124.7643713
2020/1/16,130.7055318
2020/1/17,124.7643713
2020/1/18,35.64696323
2020/1/19,17.82348161
2020/1/20,47.52928431
2020/1/21,103.9703094
2020/1/22,112.8820502
2020/1/23,112.8820502
2020/1/24,121.793791
2020/1/25,35.64696323
2020/1/26,26.73522242
2020/1/27,130.7055318
2020/1/28,297.0580269
2020/1/29,291.1168664
2020/1/30,151.4995937
2020/1/31,145.5584332
2020/2/1,47.52928431
2020/2/2,26.73522242
2020/2/3,151.4995937
2020/2/4,136.6466924
2020/2/5,139.6172726
2020/2/6,124.7643713
2020/2/7,112.8820502
2020/2/8,29.70580269
2020/2/9,23.76464215
2020/2/10,109.91147
2020/2/11,118.8232108
2020/2/12,124.7643713
2020/2/13,118.8232108
2020/2/14,106.9408897
2020/2/15,26.73522242
2020/2/16,20.79406188
2020/2/17,65.35276592
2020/2/18,210.9111991
2020/2/19,136.6466924
2020/2/20,112.8820502
2020/2/21,112.8820502
2020/2/22,38.6175435
2020/2/23,20.79406188
2020/2/24,196.0582978
2020/2/25,204.9700386
2020/2/26,169.3230753
2020/2/27,204.9700386
2020/2/28,285.1757058
2020/2/29,65.35276592
2020/3/1,38.6175435
2020/3/2,249.5287426
2020/3/3,252.4993229
2020/3/4,196.0582978
2020/3/5,175.2642359
2020/3/6,181.2053964
2020/3/7,44.55870404
2020/3/8,32.67638296
2020/3/9,267.3522242
2020/3/10,228.7346807
2020/3/11,204.9700386
2020/3/12,279.2345453
2020/3/13,279.2345453
2020/3/14,77.235087
2020/3/15,56.44102511
2020/3/16,270.3228045
2020/3/17,240.6170018
2020/3/18,240.6170018
2020/3/19,199.028878
2020/3/20,190.1171372
2020/3/21,62.38218565
2020/3/22,41.58812377
2020/3/23,222.7935202
2020/3/24,207.9406188
2020/3/25,222.7935202
2020/3/26,178.2348161
2020/3/27,151.4995937
2020/3/28,41.58812377
2020/3/29,29.70580269
2020/3/30,136.6466924
2020/3/31,127.7349516
2020/4/1,130.7055318
2020/4/2,125.7732476
2020/4/3,108.5102528
2020/4/4,34.52598954
2020/4/5,27.12756321
2020/4/6,147.9685266
2020/4/7,133.171674
2020/4/8,125.7732476
2020/4/9,130.7055318
2020/4/10,59.18741064
2020/4/11,27.12756321
2020/4/12,22.19527899
2020/4/13,108.5102528
2020/4/14,133.171674
2020/4/15,138.1039582
2020/4/16,130.7055318
2020/4/17,172.6299477
2020/4/18,39.45827376
2020/4/19,29.59370532
2020/4/20,118.3748213
2020/4/21,123.3071055
2020/4/22,118.3748213
2020/4/23,106.0441107
2020/4/24,110.976395
2020/4/25,32.05984743
2020/4/26,24.6614211
2020/4/27,113.4425371
2020/4/28,113.4425371
2020/4/29,133.171674
2020/4/30,246.614211
2020/5/1,207.1559373
2020/5/2,39.45827376
2020/5/3,24.6614211
2020/5/4,113.4425371
2020/5/5,110.976395
2020/5/6,110.976395
2020/5/7,115.9086792
2020/5/8,110.976395
2020/5/9,34.52598954
2020/5/10,22.19527899
2020/5/11,123.3071055
2020/5/12,128.2393897
2020/5/13,125.7732476
2020/5/14,108.5102528
2020/5/15,128.2393897
2020/5/16,32.05984743
2020/5/17,19.72913688
2020/5/18,113.4425371
2020/5/19,101.1118265
2020/5/20,110.976395
2020/5/21,98.64568441
2020/5/22,93.71340019
2020/5/23,24.6614211
2020/5/24,19.72913688
2020/5/25,27.12756321
2020/5/26,108.5102528
2020/5/27,98.64568441
2020/5/28,93.71340019
2020/5/29,88.78111597
2020/5/30,22.19527899
2020/5/31,19.72913688
2020/6/1,86.31497386
2020/6/2,96.1795423
2020/6/3,93.71340019
2020/6/4,81.38268964
2020/6/5,113.4425371
2020/6/6,32.05984743
2020/6/7,24.6614211
2020/6/8,106.0441107
2020/6/9,125.7732476
2020/6/10,157.8330951
2020/6/11,170.1638056
2020/6/12,128.2393897
2020/6/13,29.59370532
2020/6/14,22.19527899
2020/6/15,115.9086792
2020/6/16,108.5102528
2020/6/17,123.3071055
2020/6/18,106.0441107
2020/6/19,125.7732476
2020/6/20,32.05984743
2020/6/21,19.72913688
2020/6/22,143.0362424
2020/6/23,172.6299477
2020/6/24,140.5701003
2020/6/25,125.7732476
2020/6/26,113.4425371
2020/6/27,41.92441587
2020/6/28,19.72913688
2020/6/29,113.4425371
2020/6/30,113.4425371
2020/7/1,108.5102528
2020/7/2,108.5102528
2020/7/3,45.68852752
2020/7/4,17.13319782
2020/7/5,17.13319782
2020/7/6,125.6434507
2020/7/7,131.3545166
2020/7/8,131.3545166
2020/7/9,131.3545166
2020/7/10,131.3545166
2020/7/11,39.97746158
2020/7/12,22.84426376
2020/7/13,165.6209122
2020/7/14,137.0655825
2020/7/15,165.6209122
2020/7/16,131.3545166
2020/7/17,114.2213188
2020/7/18,28.5553297
2020/7/19,22.84426376
2020/7/20,125.6434507
2020/7/21,142.7766485
2020/7/22,114.2213188
2020/7/23,165.6209122
2020/7/24,171.3319782
2020/7/25,34.26639564
2020/7/26,22.84426376
2020/7/27,125.6434507
2020/7/28,131.3545166
2020/7/29,125.6434507
2020/7/30,314.1086267
2020/7/31,496.8627367
2020/8/1,119.9323847
2020/8/2,68.53279127
2020/8/3,291.2643629
2020/8/4,239.8647695
2020/8/5,199.8873079
2020/8/6,222.7315716
2020/8/7,217.0205057
2020/8/8,57.11065939
2020/8/9,39.97746158
2020/8/10,199.8873079
2020/8/11,217.0205057
2020/8/12,211.3094398
2020/8/13,239.8647695
2020/8/14,211.3094398
2020/8/15,51.39959345
2020/8/16,39.97746158
2020/8/17,188.465176
2020/8/18,188.465176
2020/8/19,251.2869013
2020/8/20,239.8647695
2020/8/21,336.9528904
2020/8/22,97.08812097
2020/8/23,62.82172533
2020/8/24,382.6414179
2020/8/25,336.9528904
2020/8/26,302.6864948
2020/8/27,274.1311651
2020/8/28,285.553297
2020/8/29,97.08812097
2020/8/30,91.37705503
2020/8/31,571.1065939
2020/9/1,485.4406048
2020/9/2,456.8852752
2020/9/3,479.7295389
2020/9/4,548.2623302
2020/9/5,102.7991869
2020/9/6,57.11065939
2020/9/7,97.08812097
2020/9/8,462.5963411
2020/9/9,434.0410114
2020/9/10,359.7971542
2020/9/11,325.5307585
2020/9/12,74.24385721
2020/9/13,45.68852752
2020/9/14,331.2418245
2020/9/15,405.4856817
2020/9/16,325.5307585
2020/9/17,308.3975607
2020/9/18,308.3975607
2020/9/19,74.24385721
2020/9/20,51.39959345
2020/9/21,319.8196926
2020/9/22,314.1086267
2020/9/23,296.9754288
2020/9/24,279.842231
2020/9/25,251.2869013
2020/9/26,62.82172533
2020/9/27,34.26639564
2020/9/28,234.1537035
2020/9/29,217.0205057
2020/9/30,211.3094398
2020/10/1,211.3094398
2020/10/2,249.3451389
2020/10/3,42.26188795
2020/10/4,33.80951036
2020/10/5,185.952307
2020/10/6,219.7618173
2020/10/7,194.4046846
2020/10/8,177.4999294
2020/10/9,190.1784958
2020/10/10,50.71426554
2020/10/11,33.80951036
2020/10/12,295.8332157
2020/10/13,422.6188795
2020/10/14,278.9284605
2020/10/15,211.3094398
2020/10/16,198.6308734
2020/10/17,46.48807675
2020/10/18,29.58332157
2020/10/19,198.6308734
2020/10/20,185.952307
2020/10/21,181.7261182
2020/10/22,173.2737406
2020/10/23,173.2737406
2020/10/24,38.03569916
2020/10/25,29.58332157
2020/10/26,173.2737406
2020/10/27,173.2737406
2020/10/28,194.4046846
2020/10/29,316.9641596
2020/10/30,338.0951036
2020/10/31,67.61902072
2020/11/1,33.80951036
2020/11/2,190.1784958
2020/11/3,198.6308734
2020/11/4,185.952307
2020/11/5,194.4046846
2020/11/6,185.952307
2020/11/7,38.03569916
2020/11/8,29.58332157
2020/11/9,240.8927613
2020/11/10,219.7618173
2020/11/11,190.1784958
2020/11/12,169.0475518
2020/11/13,152.1427966
2020/11/14,42.26188795
2020/11/15,25.35713277
2020/11/16,160.5951742
2020/11/17,143.690419
2020/11/18,160.5951742
2020/11/19,143.690419
2020/11/20,135.2380414
2020/11/21,38.03569916
2020/11/22,21.13094398
2020/11/23,139.4642302
2020/11/24,181.7261182
2020/11/25,139.4642302
2020/11/26,50.71426554
2020/11/27,101.4285311
2020/11/28,29.58332157
2020/11/29,25.35713277
2020/11/30,143.690419
2020/12/1,190.1784958
2020/12/2,185.952307
2020/12/3,143.690419
2020/12/4,143.690419
2020/12/5,38.03569916
2020/12/6,25.35713277
2020/12/7,143.690419
2020/12/8,156.3689854
2020/12/9,173.2737406
2020/12/10,147.9166078
2020/12/11,126.7856639
2020/12/12,38.03569916
2020/12/13,25.35713277
2020/12/14,126.7856639
2020/12/15,177.4999294
2020/12/16,173.2737406
2020/12/17,173.2737406
2020/12/18,139.4642302
2020/12/19,42.26188795
2020/12/20,29.58332157
2020/12/21,169.0475518
2020/12/22,274.7022717
2020/12/23,207.083251
2020/12/24,156.3689854
2020/12/25,42.26188795
2020/12/26,33.80951036
2020/12/27,29.58332157
2020/12/28,198.6308734
2020/12/29,207.083251
2020/12/30,181.7261182
2020/12/31,164.821363
2021/1/1,54.94045434
2021/1/2,33.80951036
2021/1/3,25.35713277
2021/1/4,169.0475518
2021/1/5,164.821363
2021/1/6,185.952307
2021/1/7,190.1784958
2021/1/8,185.952307
2021/1/9,46.48807675
2021/1/10,29.58332157
2021/1/11,156.3689854
2021/1/12,143.690419
2021/1/13,164.821363
2021/1/14,160.5951742
2021/1/15,131.0118526
2021/1/16,29.58332157
2021/1/17,25.35713277
2021/1/18,59.16664313
2021/1/19,135.2380414
2021/1/20,160.5951742
2021/1/21,194.4046846
2021/1/22,202.8570622
2021/1/23,67.61902072
2021/1/24,46.48807675
2021/1/25,262.0237053
2021/1/26,257.7975165
2021/1/27,422.6188795
2021/1/28,401.4879355
2021/1/29,274.7022717
2021/1/30,80.29758711
2021/1/31,50.71426554
2021/2/1,223.9880061
2021/2/2,202.8570622
2021/2/3,211.3094398
2021/2/4,223.9880061
2021/2/5,185.952307
2021/2/6,54.94045434
2021/2/7,29.58332157
2021/2/8,177.4999294
2021/2/9,169.0475518
2021/2/10,160.5951742
2021/2/11,143.690419
2021/2/12,131.0118526
2021/2/13,38.03569916
2021/2/14,25.35713277
2021/2/15,59.16664313
2021/2/16,139.4642302
2021/2/17,164.821363
2021/2/18,173.2737406
2021/2/19,147.9166078
2021/2/20,42.26188795
2021/2/21,29.58332157
2021/2/22,169.0475518
2021/2/23,223.9880061
2021/2/24,194.4046846
2021/2/25,198.6308734
2021/2/26,198.6308734
2021/2/27,59.16664313
2021/2/28,42.26188795
2021/3/1,185.952307
2021/3/2,185.952307
2021/3/3,164.821363
2021/3/4,190.1784958
2021/3/5,207.083251
2021/3/6,50.71426554
2021/3/7,29.58332157
2021/3/8,211.3094398
2021/3/9,236.6665725
2021/3/10,190.1784958
2021/3/11,173.2737406
2021/3/12,177.4999294
2021/3/13,42.26188795
2021/3/14,21.13094398
2021/3/15,169.0475518
2021/3/16,169.0475518
2021/3/17,152.1427966
2021/3/18,164.821363
2021/3/19,164.821363
2021/3/20,33.80951036
2021/3/21,25.35713277
2021/3/22,156.3689854
2021/3/23,147.9166078
2021/3/24,126.7856639
2021/3/25,135.2380414
2021/3/26,135.2380414
2021/3/27,38.03569916
2021/3/28,21.13094398
2021/3/29,126.7856639
2021/3/30,139.4642302
2021/3/31,160.5951742
2021/4/1,135.2380414
2021/4/2,70.55897815
2021/4/3,20.57970196
2021/4/4,20.57970196
2021/4/5,138.1779989
2021/4/6,149.9378286
2021/4/7,129.3581266
2021/4/8,164.6376157
2021/4/9,167.5775731
2021/4/10,44.09936134
2021/4/11,23.51965938
2021/4/12,132.298084
2021/4/13,158.7577008
2021/4/14,161.6976582
2021/4/15,138.1779989
2021/4/16,126.4181692
2021/4/17,35.27948907
2021/4/18,26.4596168
2021/4/19,129.3581266
2021/4/20,164.6376157
2021/4/21,135.2380414
2021/4/22,120.5382543
2021/4/23,126.4181692
2021/4/24,32.33953165
2021/4/25,20.57970196
2021/4/26,132.298084
2021/4/27,152.877786
2021/4/28,279.2959552
2021/4/29,293.9957423
2021/4/30,158.7577008
2021/5/1,35.27948907
2021/5/2,26.4596168
2021/5/3,135.2380414
2021/5/4,158.7577008
2021/5/5,138.1779989
2021/5/6,126.4181692
2021/5/7,123.4782118
2021/5/8,29.39957423
2021/5/9,20.57970196
2021/5/10,120.5382543
2021/5/11,138.1779989
2021/5/12,135.2380414
2021/5/13,141.1179563
2021/5/14,117.5982969
2021/5/15,32.33953165
2021/5/16,20.57970196
2021/5/17,105.8384672
2021/5/18,114.6583395
2021/5/19,108.7784246
2021/5/20,111.7183821
2021/5/21,114.6583395
2021/5/22,20.57970196
2021/5/23,20.57970196
2021/5/24,99.95855237
2021/5/25,102.8985098
2021/5/26,102.8985098
2021/5/27,102.8985098
2021/5/28,97.01859495
2021/5/29,20.57970196
2021/5/30,20.57970196
2021/5/31,26.4596168
2021/6/1,94.07863753
2021/6/2,102.8985098
2021/6/3,94.07863753
2021/6/4,108.7784246
2021/6/5,23.51965938
2021/6/6,14.69978711
2021/6/7,99.95855237
2021/6/8,105.8384672
2021/6/9,94.07863753
2021/6/10,102.8985098
2021/6/11,97.01859495
2021/6/12,23.51965938
2021/6/13,17.63974454
2021/6/14,108.7784246
2021/6/15,108.7784246
2021/6/16,97.01859495
2021/6/17,114.6583395
2021/6/18,105.8384672
2021/6/19,23.51965938
2021/6/20,14.69978711
2021/6/21,97.01859495
2021/6/22,105.8384672
2021/6/23,108.7784246
2021/6/24,114.6583395
2021/6/25,97.01859495
2021/6/26,23.51965938
2021/6/27,14.69978711
2021/6/28,99.95855237
2021/6/29,108.7784246
2021/6/30,108.7784246
2021/7/1,105.8384672
2021/7/2,113.2225463
2021/7/3,34.45903584
2021/7/4,19.69087762
2021/7/5,36.92039554
2021/7/6,127.9907045
2021/7/7,155.0656613
2021/7/8,142.7588628
2021/7/9,140.2975031
2021/7/10,39.38175524
2021/7/11,22.15223732
2021/7/12,125.5293448
2021/7/13,137.8361434
2021/7/14,174.7565389
2021/7/15,167.3724598
2021/7/16,130.4520642
2021/7/17,29.53631643
2021/7/18,19.69087762
2021/7/19,125.5293448
2021/7/20,140.2975031
2021/7/21,135.3747837
2021/7/22,127.9907045
2021/7/23,130.4520642
2021/7/24,31.99767614
2021/7/25,27.07495673
2021/7/26,135.3747837
2021/7/27,246.1359703
2021/7/28,223.9837329
2021/7/29,137.8361434
2021/7/30,123.0679851
2021/7/31,31.99767614
2021/8/1,19.69087762
2021/8/2,110.7611866
2021/8/3,113.2225463
2021/8/4,110.7611866
2021/8/5,95.99302841
2021/8/6,103.3771075
2021/8/7,22.15223732
2021/8/8,22.15223732
2021/8/9,93.5316687
2021/8/10,98.45438811
2021/8/11,95.99302841
2021/8/12,103.3771075
2021/8/13,110.7611866
2021/8/14,27.07495673
2021/8/15,17.22951792
2021/8/16,105.8384672
2021/8/17,120.6066254
2021/8/18,115.683906
2021/8/19,113.2225463
2021/8/20,105.8384672
2021/8/21,22.15223732
2021/8/22,17.22951792
2021/8/23,103.3771075
2021/8/24,140.2975031
2021/8/25,100.9157478
2021/8/26,93.5316687
2021/8/27,95.99302841
2021/8/28,22.15223732
2021/8/29,14.76815822
2021/8/30,120.6066254
2021/8/31,123.0679851
2021/9/1,118.1452657
2021/9/2,115.683906
2021/9/3,105.8384672
2021/9/4,24.61359703
2021/9/5,22.15223732
2021/9/6,27.07495673
2021/9/7,118.1452657
2021/9/8,113.2225463
2021/9/9,100.9157478
2021/9/10,145.2202225
2021/9/11,39.38175524
2021/9/12,24.61359703
2021/9/13,127.9907045
2021/9/14,150.1429419
2021/9/15,120.6066254
2021/9/16,100.9157478
2021/9/17,100.9157478
2021/9/18,29.53631643
2021/9/19,17.22951792
2021/9/20,123.0679851
2021/9/21,105.8384672
2021/9/22,100.9157478
2021/9/23,95.99302841
2021/9/24,93.5316687
2021/9/25,22.15223732
2021/9/26,12.30679851
2021/9/27,95.99302841
2021/9/28,103.3771075
2021/9/29,98.45438811
2021/9/30,103.3771075
2021/10/1,91.070309
2021/10/2,22.21227049
2021/10/3,15.54858934
2021/10/4,97.73399015
2021/10/5,102.1764442
2021/10/6,95.5127631
2021/10/7,93.29153605
2021/10/8,86.6278549
2021/10/9,15.54858934
2021/10/10,11.10613524
2021/10/11,77.74294671
2021/10/12,86.6278549
2021/10/13,97.73399015
2021/10/14,95.5127631
2021/10/15,86.6278549
2021/10/16,22.21227049
2021/10/17,17.76981639
2021/10/18,106.6188983
2021/10/19,111.0613524
2021/10/20,99.9552172
2021/10/21,95.5127631
2021/10/22,91.070309
2021/10/23,22.21227049
2021/10/24,17.76981639
2021/10/25,97.73399015
2021/10/26,102.1764442
2021/10/27,104.3976713
2021/10/28,222.1227049
2021/10/29,204.3528885
2021/10/30,35.53963278
2021/10/31,19.99104344
2021/11/1,108.8401254
2021/11/2,104.3976713
2021/11/3,99.9552172
2021/11/4,97.73399015
2021/11/5,95.5127631
2021/11/6,26.65472459
2021/11/7,15.54858934
2021/11/8,91.070309
2021/11/9,91.070309
2021/11/10,91.070309
2021/11/11,77.74294671
2021/11/12,86.6278549
2021/11/13,22.21227049
2021/11/14,15.54858934
2021/11/15,84.40662785
2021/11/16,88.84908195
2021/11/17,95.5127631
2021/11/18,133.2736229
2021/11/19,135.49485
2021/11/20,42.20331393
2021/11/21,22.21227049
2021/11/22,128.8311688
2021/11/23,122.1674877
2021/11/24,104.3976713
2021/11/25,37.76085983
2021/11/26,88.84908195
2021/11/27,24.43349754
2021/11/28,17.76981639
2021/11/29,113.2825795
2021/11/30,124.3887147
2021/12/1,157.7071205
2021/12/2,144.3797582
2021/12/3,124.3887147
2021/12/4,33.31840573
2021/12/5,19.99104344
2021/12/6,126.6099418
2021/12/7,142.1585311
2021/12/8,175.4769369
2021/12/9,155.4858934
2021/12/10,151.0434393
2021/12/11,44.42454098
2021/12/12,26.65472459
2021/12/13,148.8222123
2021/12/14,146.6009852
2021/12/15,131.0523959
2021/12/16,146.6009852
2021/12/17,139.9373041
2021/12/18,33.31840573
2021/12/19,22.21227049
2021/12/20,122.1674877
2021/12/21,119.9462606
2021/12/22,135.49485
2021/12/23,126.6099418
2021/12/24,55.53067622
2021/12/25,19.99104344
2021/12/26,22.21227049
2021/12/27,119.9462606
2021/12/28,137.716077
2021/12/29,122.1674877
2021/12/30,111.0613524
2021/12/31,95.5127631
2022/1/1,24.43349754
2022/1/2,21.37931034
2022/1/3,143.546798
2022/1/4,125.2216749
2022/1/5,103.8423645
2022/1/6,97.73399015
2022/1/7,113.0049261
2022/1/8,39.7044335
2022/1/9,24.43349754
2022/1/10,122.1674877
2022/1/11,113.0049261
2022/1/12,94.67980296
2022/1/13,85.51724138
2022/1/14,85.51724138
2022/1/15,33.59605911
2022/1/16,15.27093596
2022/1/17,33.59605911
2022/1/18,97.73399015
2022/1/19,88.57142857
2022/1/20,103.8423645
2022/1/21,119.1133005
2022/1/22,45.81280788
2022/1/23,24.43349754
2022/1/24,158.817734
2022/1/25,134.3842365
2022/1/26,128.2758621
2022/1/27,219.9014778
2022/1/28,305.4187192
2022/1/29,61.08374384
2022/1/30,30.54187192
2022/1/31,140.4926108
2022/2/1,119.1133005
2022/2/2,128.2758621
2022/2/3,128.2758621
2022/2/4,113.0049261
2022/2/5,24.43349754
2022/2/6,18.32512315
2022/2/7,103.8423645
2022/2/8,109.9507389
2022/2/9,103.8423645
2022/2/10,88.57142857
2022/2/11,94.67980296
2022/2/12,30.54187192
2022/2/13,18.32512315
2022/2/14,94.67980296
2022/2/15,100.7881773
2022/2/16,88.57142857
2022/2/17,85.51724138
2022/2/18,100.7881773
2022/2/19,24.43349754
2022/2/20,18.32512315
2022/2/21,36.65024631
2022/2/22,109.9507389
2022/2/23,94.67980296
2022/2/24,149.6551724
2022/2/25,100.7881773
2022/2/26,33.59605911
2022/2/27,21.37931034
2022/2/28,103.8423645
2022/3/1,82.46305419
2022/3/2,91.62561576
2022/3/3,85.51724138
2022/3/4,91.62561576
2022/3/5,24.43349754
2022/3/6,15.27093596
2022/3/7,103.8423645
2022/3/8,113.0049261
2022/3/9,100.7881773
2022/3/10,100.7881773
2022/3/11,94.67980296
2022/3/12,30.54187192
2022/3/13,18.32512315
2022/3/14,113.0049261
2022/3/15,97.73399015
2022/3/16,106.8965517
2022/3/17,88.57142857
2022/3/18,91.62561576
2022/3/19,27.48768473
2022/3/20,18.32512315
2022/3/21,82.46305419
2022/3/22,91.62561576
2022/3/23,94.67980296
2022/3/24,91.62561576
2022/3/25,94.67980296
2022/3/26,27.48768473
2022/3/27,18.32512315
2022/3/28,106.8965517
2022/3/29,116.0591133
2022/3/30,113.0049261
2022/3/31,94.67980296
2022/4/1,88.57142857
2022/4/2,25.71428571
2022/4/3,17.14285714
2022/4/4,91.42857143
2022/4/5,82.85714286
2022/4/6,91.42857143
2022/4/7,80
2022/4/8,74.28571429
2022/4/9,20
2022/4/10,17.14285714
2022/4/11,91.42857143
2022/4/12,85.71428571
2022/4/13,82.85714286
2022/4/14,80
2022/4/15,37.14285714
2022/4/16,14.28571429
2022/4/17,14.28571429
2022/4/18,82.85714286
2022/4/19,77.14285714
2022/4/20,77.14285714
2022/4/21,88.57142857
2022/4/22,85.71428571
2022/4/23,25.71428571
2022/4/24,20
2022/4/25,100
2022/4/26,100
2022/4/27,117.1428571
2022/4/28,285.7142857
2022/4/29,214.2857143
2022/4/30,45.71428571
2022/5/1,25.71428571
2022/5/2,122.8571429
2022/5/3,97.14285714
2022/5/4,88.57142857
2022/5/5,122.8571429
2022/5/6,114.2857143
2022/5/7,31.42857143
2022/5/8,20
2022/5/9,134.2857143
2022/5/10,111.4285714
2022/5/11,148.5714286
2022/5/12,171.4285714
2022/5/13,128.5714286
2022/5/14,25.71428571
2022/5/15,20
2022/5/16,105.7142857
2022/5/17,108.5714286
2022/5/18,120
2022/5/19,131.4285714
2022/5/20,125.7142857
2022/5/21,34.28571429
2022/5/22,17.14285714
2022/5/23,117.1428571
2022/5/24,120
2022/5/25,100
2022/5/26,100
2022/5/27,97.14285714
2022/5/28,28.57142857
2022/5/29,11.42857143
2022/5/30,31.42857143
2022/5/31,91.42857143
2022/6/1,91.42857143
2022/6/2,88.57142857
2022/6/3,91.42857143
2022/6/4,25.71428571
2022/6/5,17.14285714
2022/6/6,100
2022/6/7,97.14285714
2022/6/8,85.71428571
2022/6/9,88.57142857
2022/6/10,94.28571429
2022/6/11,22.85714286
2022/6/12,17.14285714
2022/6/13,122.8571429
2022/6/14,97.14285714
2022/6/15,105.7142857
2022/6/16,117.1428571
2022/6/17,100
2022/6/18,22.85714286
2022/6/19,20
2022/6/20,42.85714286
2022/6/21,94.28571429
2022/6/22,85.71428571
2022/6/23,82.85714286
2022/6/24,77.14285714
2022/6/25,22.85714286
2022/6/26,17.14285714
2022/6/27,74.28571429
2022/6/28,82.85714286
2022/6/29,80
2022/6/30,74.28571429
2022/7/1,80
2022/7/2,25
2022/7/3,15
2022/7/4,21
2022/7/5,76
2022/7/6,72
2022/7/7,83
2022/7/8,76
2022/7/9,22
2022/7/10,15
2022/7/11,79
2022/7/12,75
2022/7/13,76
2022/7/14,83
2022/7/15,91
2022/7/16,25
2022/7/17,19
2022/7/18,99
2022/7/19,100
