Date,AMZN
2012/1/1,4.557613994
2012/1/2,7.97582449
2012/1/3,20.50926297
2012/1/4,22.78806997
2012/1/5,21.64866647
2012/1/6,25.06687697
2012/1/7,12.53343848
2012/1/8,6.836420991
2012/1/9,25.06687697
2012/1/10,22.78806997
2012/1/11,19.36985947
2012/1/12,27.34568396
2012/1/13,18.23045598
2012/1/14,7.97582449
2012/1/15,5.697017493
2012/1/16,7.97582449
2012/1/17,18.23045598
2012/1/18,29.62449096
2012/1/19,22.78806997
2012/1/20,27.34568396
2012/1/21,10.25463149
2012/1/22,9.115227988
2012/1/23,17.09105248
2012/1/24,26.20628047
2012/1/25,22.78806997
2012/1/26,26.20628047
2012/1/27,28.48508746
2012/1/28,10.25463149
2012/1/29,12.53343848
2012/1/30,39.87912245
2012/1/31,75.2006309
2012/2/1,113.9403499
2012/2/2,62.66719242
2012/2/3,44.43673644
2012/2/4,12.53343848
2012/2/5,11.39403499
2012/2/6,30.76389446
2012/2/7,23.92747347
2012/2/8,22.78806997
2012/2/9,29.62449096
2012/2/10,28.48508746
2012/2/11,13.67284198
2012/2/12,3.418210496
2012/2/13,15.95164898
2012/2/14,19.36985947
2012/2/15,15.95164898
2012/2/16,30.76389446
2012/2/17,26.20628047
2012/2/18,5.697017493
2012/2/19,9.115227988
2012/2/20,9.115227988
2012/2/21,19.36985947
2012/2/22,21.64866647
2012/2/23,19.36985947
2012/2/24,13.67284198
2012/2/25,7.97582449
2012/2/26,5.697017493
2012/2/27,13.67284198
2012/2/28,23.92747347
2012/2/29,23.92747347
2012/3/1,18.23045598
2012/3/2,18.23045598
2012/3/3,7.97582449
2012/3/4,4.557613994
2012/3/5,17.09105248
2012/3/6,15.95164898
2012/3/7,14.81224548
2012/3/8,19.36985947
2012/3/9,12.53343848
2012/3/10,5.697017493
2012/3/11,5.697017493
2012/3/12,15.95164898
2012/3/13,18.23045598
2012/3/14,17.09105248
2012/3/15,12.53343848
2012/3/16,14.81224548
2012/3/17,7.97582449
2012/3/18,6.836420991
2012/3/19,18.23045598
2012/3/20,22.78806997
2012/3/21,22.78806997
2012/3/22,21.64866647
2012/3/23,22.78806997
2012/3/24,6.836420991
2012/3/25,1.139403499
2012/3/26,22.78806997
2012/3/27,31.90329796
2012/3/28,23.92747347
2012/3/29,23.92747347
2012/3/30,18.23045598
2012/3/31,7.97582449
2012/4/1,7.97582449
2012/4/2,22.59816939
2012/4/3,23.92747347
2012/4/4,21.26886531
2012/4/5,22.59816939
2012/4/6,15.95164898
2012/4/7,3.987912245
2012/4/8,5.317216326
2012/4/9,10.63443265
2012/4/10,15.95164898
2012/4/11,21.26886531
2012/4/12,21.26886531
2012/4/13,18.61025714
2012/4/14,7.97582449
2012/4/15,7.97582449
2012/4/16,15.95164898
2012/4/17,17.28095306
2012/4/18,17.28095306
2012/4/19,10.63443265
2012/4/20,14.6223449
2012/4/21,3.987912245
2012/4/22,5.317216326
2012/4/23,19.93956122
2012/4/24,18.61025714
2012/4/25,23.92747347
2012/4/26,77.09963673
2012/4/27,132.9304082
2012/4/28,35.8912102
2012/4/29,13.29304082
2012/4/30,55.83077143
2012/5/1,41.20842653
2012/5/2,31.90329796
2012/5/3,39.87912245
2012/5/4,31.90329796
2012/5/5,9.305128571
2012/5/6,7.97582449
2012/5/7,23.92747347
2012/5/8,25.25677755
2012/5/9,25.25677755
2012/5/10,21.26886531
2012/5/11,21.26886531
2012/5/12,7.97582449
2012/5/13,5.317216326
2012/5/14,18.61025714
2012/5/15,22.59816939
2012/5/16,21.26886531
2012/5/17,14.6223449
2012/5/18,26.58608163
2012/5/19,6.646520408
2012/5/20,7.97582449
2012/5/21,26.58608163
2012/5/22,21.26886531
2012/5/23,18.61025714
2012/5/24,25.25677755
2012/5/25,17.28095306
2012/5/26,10.63443265
2012/5/27,5.317216326
2012/5/28,3.987912245
2012/5/29,19.93956122
2012/5/30,15.95164898
2012/5/31,14.6223449
2012/6/1,18.61025714
2012/6/2,3.987912245
2012/6/3,5.317216326
2012/6/4,14.6223449
2012/6/5,13.29304082
2012/6/6,11.96373673
2012/6/7,11.96373673
2012/6/8,11.96373673
2012/6/9,5.317216326
2012/6/10,2.658608163
2012/6/11,11.96373673
2012/6/12,11.96373673
2012/6/13,14.6223449
2012/6/14,13.29304082
2012/6/15,10.63443265
2012/6/16,3.987912245
2012/6/17,3.987912245
2012/6/18,17.28095306
2012/6/19,11.96373673
2012/6/20,14.6223449
2012/6/21,7.97582449
2012/6/22,13.29304082
2012/6/23,2.658608163
2012/6/24,2.658608163
2012/6/25,15.95164898
2012/6/26,18.61025714
2012/6/27,14.6223449
2012/6/28,13.29304082
2012/6/29,11.96373673
2012/6/30,3.987912245
2012/7/1,3.987912245
2012/7/2,14.6223449
2012/7/3,8.64047653
2012/7/4,5.317216326
2012/7/5,10.63443265
2012/7/6,16.61630102
2012/7/7,7.311172449
2012/7/8,3.987912245
2012/7/9,13.95769286
2012/7/10,18.61025714
2012/7/11,17.28095306
2012/7/12,16.61630102
2012/7/13,12.62838878
2012/7/14,6.646520408
2012/7/15,1.993956122
2012/7/16,9.969780612
2012/7/17,18.61025714
2012/7/18,17.28095306
2012/7/19,19.27490918
2012/7/20,11.96373673
2012/7/21,4.652564286
2012/7/22,4.652564286
2012/7/23,9.969780612
2012/7/24,17.9456051
2012/7/25,23.92747347
2012/7/26,66.46520408
2012/7/27,59.15403163
2012/7/28,19.27490918
2012/7/29,8.64047653
2012/7/30,17.28095306
2012/7/31,27.25073367
2012/8/1,20.60421326
2012/8/2,14.6223449
2012/8/3,12.62838878
2012/8/4,4.652564286
2012/8/5,5.317216326
2012/8/6,13.95769286
2012/8/7,19.93956122
2012/8/8,10.63443265
2012/8/9,21.93351735
2012/8/10,12.62838878
2012/8/11,11.29908469
2012/8/12,5.981868367
2012/8/13,10.63443265
2012/8/14,14.6223449
2012/8/15,13.29304082
2012/8/16,11.96373673
2012/8/17,18.61025714
2012/8/18,11.96373673
2012/8/19,7.97582449
2012/8/20,19.27490918
2012/8/21,16.61630102
2012/8/22,11.96373673
2012/8/23,15.95164898
2012/8/24,23.26282143
2012/8/25,8.64047653
2012/8/26,3.987912245
2012/8/27,19.27490918
2012/8/28,13.95769286
2012/8/29,19.27490918
2012/8/30,19.93956122
2012/8/31,19.27490918
2012/9/1,3.323260204
2012/9/2,3.987912245
2012/9/3,4.652564286
2012/9/4,21.93351735
2012/9/5,20.60421326
2012/9/6,61.14798775
2012/9/7,51.84285918
2012/9/8,22.59816939
2012/9/9,11.29908469
2012/9/10,21.26886531
2012/9/11,23.26282143
2012/9/12,19.27490918
2012/9/13,32.56795
2012/9/14,26.58608163
2012/9/15,5.981868367
2012/9/16,3.323260204
2012/9/17,22.59816939
2012/9/18,20.60421326
2012/9/19,18.61025714
2012/9/20,23.92747347
2012/9/21,21.93351735
2012/9/22,7.311172449
2012/9/23,9.305128571
2012/9/24,15.95164898
2012/9/25,15.95164898
2012/9/26,17.28095306
2012/9/27,15.95164898
2012/9/28,10.63443265
2012/9/29,6.646520408
2012/9/30,7.97582449
2012/10/1,12.62838878
2012/10/2,18.57115996
2012/10/3,16.34262077
2012/10/4,22.28539196
2012/10/5,20.05685276
2012/10/6,6.685617587
2012/10/7,2.971385594
2012/10/8,14.11408157
2012/10/9,12.62838878
2012/10/10,15.59977437
2012/10/11,27.48531675
2012/10/12,16.34262077
2012/10/13,2.228539196
2012/10/14,3.714231993
2012/10/15,25.99962395
2012/10/16,13.37123517
2012/10/17,22.28539196
2012/10/18,25.25677755
2012/10/19,16.34262077
2012/10/20,9.657003181
2012/10/21,6.685617587
2012/10/22,22.28539196
2012/10/23,24.51393115
2012/10/24,31.19954874
2012/10/25,74.28463985
2012/10/26,66.85617587
2012/10/27,21.54254556
2012/10/28,6.685617587
2012/10/29,17.82831357
2012/10/30,10.39984958
2012/10/31,21.54254556
2012/11/1,19.31400636
2012/11/2,18.57115996
2012/11/3,6.685617587
2012/11/4,5.19992479
2012/11/5,17.08546717
2012/11/6,14.11408157
2012/11/7,19.31400636
2012/11/8,21.54254556
2012/11/9,21.54254556
2012/11/10,4.457078391
2012/11/11,7.428463985
2012/11/12,16.34262077
2012/11/13,11.88554238
2012/11/14,20.79969916
2012/11/15,14.85692797
2012/11/16,14.85692797
2012/11/17,8.914156783
2012/11/18,5.19992479
2012/11/19,21.54254556
2012/11/20,23.02823835
2012/11/21,15.59977437
2012/11/22,5.19992479
2012/11/23,15.59977437
2012/11/24,5.942771188
2012/11/25,2.228539196
2012/11/26,20.05685276
2012/11/27,20.79969916
2012/11/28,29.71385594
2012/11/29,23.02823835
2012/11/30,32.68524154
2012/12/1,11.14269598
2012/12/2,5.19992479
2012/12/3,17.82831357
2012/12/4,14.85692797
2012/12/5,18.57115996
2012/12/6,22.28539196
2012/12/7,20.05685276
2012/12/8,9.657003181
2012/12/9,8.171310384
2012/12/10,11.88554238
2012/12/11,20.79969916
2012/12/12,20.05685276
2012/12/13,13.37123517
2012/12/14,26.74247035
2012/12/15,5.19992479
2012/12/16,5.19992479
2012/12/17,21.54254556
2012/12/18,20.79969916
2012/12/19,23.02823835
2012/12/20,15.59977437
2012/12/21,21.54254556
2012/12/22,4.457078391
2012/12/23,5.942771188
2012/12/24,12.62838878
2012/12/25,10.39984958
2012/12/26,29.71385594
2012/12/27,25.25677755
2012/12/28,25.25677755
2012/12/29,10.39984958
2012/12/30,7.428463985
2012/12/31,17.08546717
2013/1/1,10.39984958
2013/1/2,20.79969916
2013/1/3,20.79969916
2013/1/4,24.69964275
2013/1/5,7.799887185
2013/1/6,2.599962395
2013/1/7,25.99962395
2013/1/8,25.99962395
2013/1/9,18.19973676
2013/1/10,16.89975557
2013/1/11,22.09968036
2013/1/12,9.099868382
2013/1/13,12.99981197
2013/1/14,22.09968036
2013/1/15,18.19973676
2013/1/16,16.89975557
2013/1/17,22.09968036
2013/1/18,22.09968036
2013/1/19,11.69983078
2013/1/20,10.39984958
2013/1/21,10.39984958
2013/1/22,15.59977437
2013/1/23,25.99962395
2013/1/24,31.19954874
2013/1/25,35.09949233
2013/1/26,16.89975557
2013/1/27,6.499905987
2013/1/28,24.69964275
2013/1/29,101.3985334
2013/1/30,129.9981197
2013/1/31,59.79913508
2013/2/1,45.49934191
2013/2/2,16.89975557
2013/2/3,3.899943592
2013/2/4,29.89956754
2013/2/5,20.79969916
2013/2/6,23.39966155
2013/2/7,31.19954874
2013/2/8,22.09968036
2013/2/9,7.799887185
2013/2/10,3.899943592
2013/2/11,22.09968036
2013/2/12,19.49971796
2013/2/13,33.79951113
2013/2/14,23.39966155
2013/2/15,25.99962395
2013/2/16,9.099868382
2013/2/17,7.799887185
2013/2/18,9.099868382
2013/2/19,18.19973676
2013/2/20,25.99962395
2013/2/21,25.99962395
2013/2/22,27.29960515
2013/2/23,7.799887185
2013/2/24,3.899943592
2013/2/25,16.89975557
2013/2/26,16.89975557
2013/2/27,18.19973676
2013/2/28,14.29979317
2013/3/1,20.79969916
2013/3/2,10.39984958
2013/3/3,5.19992479
2013/3/4,15.59977437
2013/3/5,25.99962395
2013/3/6,12.99981197
2013/3/7,19.49971796
2013/3/8,23.39966155
2013/3/9,9.099868382
2013/3/10,3.899943592
2013/3/11,16.89975557
2013/3/12,20.79969916
2013/3/13,15.59977437
2013/3/14,22.09968036
2013/3/15,22.09968036
2013/3/16,5.19992479
2013/3/17,6.499905987
2013/3/18,22.09968036
2013/3/19,24.69964275
2013/3/20,14.29979317
2013/3/21,12.99981197
2013/3/22,16.89975557
2013/3/23,11.69983078
2013/3/24,3.899943592
2013/3/25,15.59977437
2013/3/26,14.29979317
2013/3/27,15.59977437
2013/3/28,19.49971796
2013/3/29,7.799887185
2013/3/30,6.499905987
2013/3/31,2.599962395
2013/4/1,15.59977437
2013/4/2,16.4664285
2013/4/3,15.59977437
2013/4/4,15.59977437
2013/4/5,20.79969916
2013/4/6,8.666541316
2013/4/7,6.066578921
2013/4/8,12.99981197
2013/4/9,16.4664285
2013/4/10,14.73312024
2013/4/11,17.33308263
2013/4/12,20.79969916
2013/4/13,10.39984958
2013/4/14,10.39984958
2013/4/15,15.59977437
2013/4/16,14.73312024
2013/4/17,14.73312024
2013/4/18,16.4664285
2013/4/19,13.86646611
2013/4/20,7.799887185
2013/4/21,6.933233053
2013/4/22,19.0663909
2013/4/23,23.39966155
2013/4/24,20.79969916
2013/4/25,75.39890945
2013/4/26,86.66541316
2013/4/27,17.33308263
2013/4/28,9.533195448
2013/4/29,29.46624048
2013/4/30,45.06601484
2013/5/1,32.932857
2013/5/2,25.99962395
2013/5/3,26.86627808
2013/5/4,7.799887185
2013/5/5,4.333270658
2013/5/6,25.99962395
2013/5/7,24.26631569
2013/5/8,19.0663909
2013/5/9,19.93304503
2013/5/10,24.26631569
2013/5/11,10.39984958
2013/5/12,3.466616527
2013/5/13,22.53300742
2013/5/14,29.46624048
2013/5/15,26.86627808
2013/5/16,17.33308263
2013/5/17,20.79969916
2013/5/18,6.066578921
2013/5/19,6.066578921
2013/5/20,18.19973676
2013/5/21,19.0663909
2013/5/22,20.79969916
2013/5/23,25.99962395
2013/5/24,26.86627808
2013/5/25,4.333270658
2013/5/26,3.466616527
2013/5/27,2.599962395
2013/5/28,18.19973676
2013/5/29,21.66635329
2013/5/30,17.33308263
2013/5/31,18.19973676
2013/6/1,8.666541316
2013/6/2,10.39984958
2013/6/3,12.99981197
2013/6/4,19.0663909
2013/6/5,19.93304503
2013/6/6,28.59958634
2013/6/7,19.0663909
2013/6/8,8.666541316
2013/6/9,5.19992479
2013/6/10,20.79969916
2013/6/11,17.33308263
2013/6/12,12.13315784
2013/6/13,15.59977437
2013/6/14,14.73312024
2013/6/15,5.19992479
2013/6/16,6.933233053
2013/6/17,19.0663909
2013/6/18,15.59977437
2013/6/19,19.0663909
2013/6/20,19.0663909
2013/6/21,17.33308263
2013/6/22,8.666541316
2013/6/23,4.333270658
2013/6/24,18.19973676
2013/6/25,17.33308263
2013/6/26,15.59977437
2013/6/27,8.666541316
2013/6/28,14.73312024
2013/6/29,5.19992479
2013/6/30,1.733308263
2013/7/1,12.13315784
2013/7/2,21.03080693
2013/7/3,16.98642098
2013/7/4,7.279894706
2013/7/5,17.79529817
2013/7/6,6.471017516
2013/7/7,4.044385948
2013/7/8,16.17754379
2013/7/9,22.64856131
2013/7/10,21.83968412
2013/7/11,33.16396477
2013/7/12,38.8261051
2013/7/13,21.03080693
2013/7/14,7.279894706
2013/7/15,22.64856131
2013/7/16,28.31070163
2013/7/17,19.41305255
2013/7/18,23.4574385
2013/7/19,25.07519288
2013/7/20,8.088771895
2013/7/21,4.044385948
2013/7/22,23.4574385
2013/7/23,23.4574385
2013/7/24,22.64856131
2013/7/25,80.88771895
2013/7/26,80.07884176
2013/7/27,18.60417536
2013/7/28,12.94203503
2013/7/29,33.97284196
2013/7/30,34.78171915
2013/7/31,25.07519288
2013/8/1,28.31070163
2013/8/2,22.64856131
2013/8/3,12.13315784
2013/8/4,6.471017516
2013/8/5,26.69294725
2013/8/6,45.29712261
2013/8/7,26.69294725
2013/8/8,25.07519288
2013/8/9,20.22192974
2013/8/10,7.279894706
2013/8/11,8.897649085
2013/8/12,18.60417536
2013/8/13,22.64856131
2013/8/14,29.92845601
2013/8/15,24.26631569
2013/8/16,25.07519288
2013/8/17,4.853263137
2013/8/18,5.662140327
2013/8/19,20.22192974
2013/8/20,21.83968412
2013/8/21,25.88407006
2013/8/22,21.83968412
2013/8/23,22.64856131
2013/8/24,6.471017516
2013/8/25,5.662140327
2013/8/26,18.60417536
2013/8/27,21.83968412
2013/8/28,25.88407006
2013/8/29,16.98642098
2013/8/30,15.3686666
2013/8/31,8.088771895
2013/9/1,2.426631569
2013/9/2,8.897649085
2013/9/3,25.07519288
2013/9/4,26.69294725
2013/9/5,21.83968412
2013/9/6,18.60417536
2013/9/7,2.426631569
2013/9/8,5.662140327
2013/9/9,20.22192974
2013/9/10,18.60417536
2013/9/11,19.41305255
2013/9/12,21.83968412
2013/9/13,12.13315784
2013/9/14,6.471017516
2013/9/15,4.044385948
2013/9/16,17.79529817
2013/9/17,16.98642098
2013/9/18,26.69294725
2013/9/19,23.4574385
2013/9/20,29.11957882
2013/9/21,7.279894706
2013/9/22,9.706526274
2013/9/23,27.50182444
2013/9/24,24.26631569
2013/9/25,36.39947353
2013/9/26,25.88407006
2013/9/27,17.79529817
2013/9/28,9.706526274
2013/9/29,7.279894706
2013/9/30,18.60417536
2013/10/1,21.83968412
2013/10/2,21.83968412
2013/10/3,21.83968412
2013/10/4,24.40905872
2013/10/5,5.138749204
2013/10/6,5.138749204
2013/10/7,21.83968412
2013/10/8,25.69374602
2013/10/9,25.69374602
2013/10/10,19.27030952
2013/10/11,24.40905872
2013/10/12,12.84687301
2013/10/13,5.138749204
2013/10/14,24.40905872
2013/10/15,20.55499682
2013/10/16,26.97843332
2013/10/17,30.83249522
2013/10/18,48.81811744
2013/10/19,16.70093491
2013/10/20,11.56218571
2013/10/21,32.11718253
2013/10/22,37.25593173
2013/10/23,32.11718253
2013/10/24,96.35154758
2013/10/25,128.4687301
2013/10/26,26.97843332
2013/10/27,12.84687301
2013/10/28,39.82530633
2013/10/29,37.25593173
2013/10/30,38.54061903
2013/10/31,42.39468093
2013/11/1,32.11718253
2013/11/2,16.70093491
2013/11/3,3.854061903
2013/11/4,25.69374602
2013/11/5,33.40186983
2013/11/6,23.12437142
2013/11/7,34.68655713
2013/11/8,30.83249522
2013/11/9,10.27749841
2013/11/10,5.138749204
2013/11/11,28.26312062
2013/11/12,30.83249522
2013/11/13,28.26312062
2013/11/14,34.68655713
2013/11/15,51.38749204
2013/11/16,8.992811107
2013/11/17,11.56218571
2013/11/18,29.54780792
2013/11/19,33.40186983
2013/11/20,25.69374602
2013/11/21,29.54780792
2013/11/22,29.54780792
2013/11/23,12.84687301
2013/11/24,8.992811107
2013/11/25,21.83968412
2013/11/26,32.11718253
2013/11/27,35.97124443
2013/11/28,17.98562221
2013/11/29,30.83249522
2013/11/30,16.70093491
2013/12/1,12.84687301
2013/12/2,83.50467457
2013/12/3,59.09561585
2013/12/4,35.97124443
2013/12/5,43.67936823
2013/12/6,30.83249522
2013/12/7,8.992811107
2013/12/8,8.992811107
2013/12/9,19.27030952
2013/12/10,28.26312062
2013/12/11,25.69374602
2013/12/12,32.11718253
2013/12/13,26.97843332
2013/12/14,12.84687301
2013/12/15,8.992811107
2013/12/16,28.26312062
2013/12/17,28.26312062
2013/12/18,33.40186983
2013/12/19,32.11718253
2013/12/20,42.39468093
2013/12/21,17.98562221
2013/12/22,10.27749841
2013/12/23,30.83249522
2013/12/24,39.82530633
2013/12/25,16.70093491
2013/12/26,32.11718253
2013/12/27,48.81811744
2013/12/28,17.98562221
2013/12/29,7.708123806
2013/12/30,24.40905872
2013/12/31,28.26312062
2014/1/1,10.27749841
2014/1/2,35.97124443
2014/1/3,27.40666242
2014/1/4,11.99041481
2014/1/5,11.99041481
2014/1/6,32.54541163
2014/1/7,29.11957882
2014/1/8,29.11957882
2014/1/9,22.26791322
2014/1/10,23.98082962
2014/1/11,11.99041481
2014/1/12,8.564582007
2014/1/13,25.69374602
2014/1/14,27.40666242
2014/1/15,29.11957882
2014/1/16,29.11957882
2014/1/17,29.11957882
2014/1/18,10.27749841
2014/1/19,10.27749841
2014/1/20,13.70333121
2014/1/21,29.11957882
2014/1/22,30.83249522
2014/1/23,34.25832803
2014/1/24,39.39707723
2014/1/25,11.99041481
2014/1/26,6.851665605
2014/1/27,32.54541163
2014/1/28,41.10999363
2014/1/29,39.39707723
2014/1/30,116.4783153
2014/1/31,171.2916401
2014/2/1,65.09082325
2014/2/2,22.26791322
2014/2/3,77.08123806
2014/2/4,63.37790685
2014/2/5,47.96165924
2014/2/6,34.25832803
2014/2/7,49.67457564
2014/2/8,13.70333121
2014/2/9,8.564582007
2014/2/10,44.53582644
2014/2/11,34.25832803
2014/2/12,56.52624124
2014/2/13,41.10999363
2014/2/14,25.69374602
2014/2/15,11.99041481
2014/2/16,8.564582007
2014/2/17,18.84208041
2014/2/18,39.39707723
2014/2/19,34.25832803
2014/2/20,35.97124443
2014/2/21,35.97124443
2014/2/22,10.27749841
2014/2/23,6.851665605
2014/2/24,34.25832803
2014/2/25,32.54541163
2014/2/26,42.82291003
2014/2/27,32.54541163
2014/2/28,35.97124443
2014/3/1,11.99041481
2014/3/2,5.138749204
2014/3/3,27.40666242
2014/3/4,30.83249522
2014/3/5,32.54541163
2014/3/6,30.83249522
2014/3/7,22.26791322
2014/3/8,10.27749841
2014/3/9,6.851665605
2014/3/10,29.11957882
2014/3/11,27.40666242
2014/3/12,25.69374602
2014/3/13,42.82291003
2014/3/14,39.39707723
2014/3/15,11.99041481
2014/3/16,6.851665605
2014/3/17,30.83249522
2014/3/18,23.98082962
2014/3/19,25.69374602
2014/3/20,32.54541163
2014/3/21,23.98082962
2014/3/22,10.27749841
2014/3/23,6.851665605
2014/3/24,27.40666242
2014/3/25,27.40666242
2014/3/26,30.83249522
2014/3/27,34.25832803
2014/3/28,32.54541163
2014/3/29,13.70333121
2014/3/30,8.564582007
2014/3/31,25.69374602
2014/4/1,29.11957882
2014/4/2,46.59132612
2014/4/3,45.13534718
2014/4/4,42.22338929
2014/4/5,11.64783153
2014/4/6,8.735873647
2014/4/7,34.94349459
2014/4/8,42.22338929
2014/4/9,42.22338929
2014/4/10,40.76741035
2014/4/11,45.13534718
2014/4/12,13.10381047
2014/4/13,11.64783153
2014/4/14,39.31143141
2014/4/15,34.94349459
2014/4/16,36.39947353
2014/4/17,42.22338929
2014/4/18,24.751642
2014/4/19,11.64783153
2014/4/20,8.735873647
2014/4/21,33.48751565
2014/4/22,34.94349459
2014/4/23,48.04730506
2014/4/24,104.8304838
2014/4/25,145.5978941
2014/4/26,39.31143141
2014/4/27,21.83968412
2014/4/28,85.90275753
2014/4/29,59.69513659
2014/4/30,50.95926294
2014/5/1,62.60709447
2014/5/2,45.13534718
2014/5/3,10.19185259
2014/5/4,7.279894706
2014/5/5,42.22338929
2014/5/6,39.31143141
2014/5/7,52.41524188
2014/5/8,53.87122082
2014/5/9,52.41524188
2014/5/10,16.01576835
2014/5/11,7.279894706
2014/5/12,42.22338929
2014/5/13,40.76741035
2014/5/14,36.39947353
2014/5/15,46.59132612
2014/5/16,27.66359988
2014/5/17,10.19185259
2014/5/18,8.735873647
2014/5/19,36.39947353
2014/5/20,39.31143141
2014/5/21,43.67936823
2014/5/22,40.76741035
2014/5/23,36.39947353
2014/5/24,13.10381047
2014/5/25,11.64783153
2014/5/26,8.735873647
2014/5/27,29.11957882
2014/5/28,33.48751565
2014/5/29,36.39947353
2014/5/30,26.20762094
2014/5/31,8.735873647
2014/6/1,11.64783153
2014/6/2,24.751642
2014/6/3,23.29566306
2014/6/4,33.48751565
2014/6/5,65.51905235
2014/6/6,61.15111553
2014/6/7,21.83968412
2014/6/8,8.735873647
2014/6/9,34.94349459
2014/6/10,42.22338929
2014/6/11,37.85545247
2014/6/12,48.04730506
2014/6/13,33.48751565
2014/6/14,13.10381047
2014/6/15,10.19185259
2014/6/16,30.57555776
2014/6/17,37.85545247
2014/6/18,97.55058906
2014/6/19,85.90275753
2014/6/20,40.76741035
2014/6/21,11.64783153
2014/6/22,5.823915765
2014/6/23,33.48751565
2014/6/24,37.85545247
2014/6/25,36.39947353
2014/6/26,30.57555776
2014/6/27,30.57555776
2014/6/28,8.735873647
2014/6/29,10.19185259
2014/6/30,24.751642
2014/7/1,30.57555776
2014/7/2,24.46044621
2014/7/3,38.72903983
2014/7/4,8.15348207
2014/7/5,8.15348207
2014/7/6,8.15348207
2014/7/7,34.6522988
2014/7/8,24.46044621
2014/7/9,30.57555776
2014/7/10,34.6522988
2014/7/11,55.03600398
2014/7/12,18.34533466
2014/7/13,10.19185259
2014/7/14,32.61392828
2014/7/15,36.69066932
2014/7/16,42.80578087
2014/7/17,26.49881673
2014/7/18,30.57555776
2014/7/19,14.26859362
2014/7/20,6.115111553
2014/7/21,32.61392828
2014/7/22,38.72903983
2014/7/23,34.6522988
2014/7/24,124.3406016
2014/7/25,203.8370518
2014/7/26,40.76741035
2014/7/27,22.42207569
2014/7/28,55.03600398
2014/7/29,61.15111553
2014/7/30,38.72903983
2014/7/31,46.8825219
2014/8/1,48.92089242
2014/8/2,16.30696414
2014/8/3,8.15348207
2014/8/4,42.80578087
2014/8/5,42.80578087
2014/8/6,36.69066932
2014/8/7,40.76741035
2014/8/8,34.6522988
2014/8/9,12.23022311
2014/8/10,8.15348207
2014/8/11,32.61392828
2014/8/12,36.69066932
2014/8/13,38.72903983
2014/8/14,40.76741035
2014/8/15,32.61392828
2014/8/16,14.26859362
2014/8/17,4.076741035
2014/8/18,22.42207569
2014/8/19,30.57555776
2014/8/20,28.53718725
2014/8/21,34.6522988
2014/8/22,24.46044621
2014/8/23,12.23022311
2014/8/24,10.19185259
2014/8/25,48.92089242
2014/8/26,44.84415139
2014/8/27,48.92089242
2014/8/28,34.6522988
2014/8/29,28.53718725
2014/8/30,14.26859362
2014/8/31,8.15348207
2014/9/1,8.15348207
2014/9/2,22.42207569
2014/9/3,28.53718725
2014/9/4,28.53718725
2014/9/5,20.38370518
2014/9/6,12.23022311
2014/9/7,4.076741035
2014/9/8,26.49881673
2014/9/9,32.61392828
2014/9/10,30.57555776
2014/9/11,26.49881673
2014/9/12,24.46044621
2014/9/13,8.15348207
2014/9/14,8.15348207
2014/9/15,22.42207569
2014/9/16,28.53718725
2014/9/17,28.53718725
2014/9/18,28.53718725
2014/9/19,34.6522988
2014/9/20,12.23022311
2014/9/21,10.19185259
2014/9/22,22.42207569
2014/9/23,18.34533466
2014/9/24,30.57555776
2014/9/25,24.46044621
2014/9/26,18.34533466
2014/9/27,8.15348207
2014/9/28,4.076741035
2014/9/29,14.26859362
2014/9/30,18.34533466
2014/10/1,24.46044621
2014/10/2,18.34533466
2014/10/3,24.46044621
2014/10/4,8.15348207
2014/10/5,6.115111553
2014/10/6,16.30696414
2014/10/7,20.38370518
2014/10/8,22.42207569
2014/10/9,26.49881673
2014/10/10,16.30696414
2014/10/11,8.15348207
2014/10/12,10.19185259
2014/10/13,24.46044621
2014/10/14,26.49881673
2014/10/15,30.57555776
2014/10/16,34.6522988
2014/10/17,22.42207569
2014/10/18,12.23022311
2014/10/19,8.15348207
2014/10/20,26.49881673
2014/10/21,32.61392828
2014/10/22,30.57555776
2014/10/23,122.3022311
2014/10/24,203.8370518
2014/10/25,44.84415139
2014/10/26,22.42207569
2014/10/27,52.99763346
2014/10/28,48.92089242
2014/10/29,42.80578087
2014/10/30,34.6522988
2014/10/31,32.61392828
2014/11/1,16.30696414
2014/11/2,8.15348207
2014/11/3,24.46044621
2014/11/4,32.61392828
2014/11/5,32.61392828
2014/11/6,26.49881673
2014/11/7,30.57555776
2014/11/8,12.23022311
2014/11/9,10.19185259
2014/11/10,28.53718725
2014/11/11,34.6522988
2014/11/12,32.61392828
2014/11/13,36.69066932
2014/11/14,50.95926294
2014/11/15,18.34533466
2014/11/16,10.19185259
2014/11/17,34.6522988
2014/11/18,32.61392828
2014/11/19,30.57555776
2014/11/20,30.57555776
2014/11/21,30.57555776
2014/11/22,14.26859362
2014/11/23,8.15348207
2014/11/24,26.49881673
2014/11/25,30.57555776
2014/11/26,28.53718725
2014/11/27,14.26859362
2014/11/28,20.38370518
2014/11/29,16.30696414
2014/11/30,10.19185259
2014/12/1,36.69066932
2014/12/2,38.72903983
2014/12/3,40.76741035
2014/12/4,34.6522988
2014/12/5,26.49881673
2014/12/6,10.19185259
2014/12/7,8.15348207
2014/12/8,32.61392828
2014/12/9,28.53718725
2014/12/10,36.69066932
2014/12/11,26.49881673
2014/12/12,24.46044621
2014/12/13,8.15348207
2014/12/14,4.076741035
2014/12/15,24.46044621
2014/12/16,30.57555776
2014/12/17,26.49881673
2014/12/18,34.6522988
2014/12/19,24.46044621
2014/12/20,12.23022311
2014/12/21,8.15348207
2014/12/22,22.42207569
2014/12/23,28.53718725
2014/12/24,22.42207569
2014/12/25,8.15348207
2014/12/26,20.38370518
2014/12/27,14.26859362
2014/12/28,12.23022311
2014/12/29,24.46044621
2014/12/30,22.42207569
2014/12/31,20.38370518
2015/1/1,8.15348207
2015/1/2,24.46044621
2015/1/3,11.4148749
2015/1/4,9.784178484
2015/1/5,24.46044621
2015/1/6,24.46044621
2015/1/7,29.35253545
2015/1/8,22.8297498
2015/1/9,21.19905338
2015/1/10,11.4148749
2015/1/11,11.4148749
2015/1/12,16.30696414
2015/1/13,21.19905338
2015/1/14,24.46044621
2015/1/15,26.09114263
2015/1/16,27.72183904
2015/1/17,9.784178484
2015/1/18,6.522785656
2015/1/19,14.67626773
2015/1/20,24.46044621
2015/1/21,27.72183904
2015/1/22,34.2446247
2015/1/23,35.87532111
2015/1/24,16.30696414
2015/1/25,9.784178484
2015/1/26,22.8297498
2015/1/27,34.2446247
2015/1/28,34.2446247
2015/1/29,97.84178484
2015/1/30,163.0696414
2015/1/31,34.2446247
2015/2/1,16.30696414
2015/2/2,52.18228525
2015/2/3,52.18228525
2015/2/4,40.76741035
2015/2/5,53.81298166
2015/2/6,40.76741035
2015/2/7,17.93766055
2015/2/8,8.15348207
2015/2/9,29.35253545
2015/2/10,27.72183904
2015/2/11,27.72183904
2015/2/12,35.87532111
2015/2/13,32.61392828
2015/2/14,17.93766055
2015/2/15,8.15348207
2015/2/16,24.46044621
2015/2/17,32.61392828
2015/2/18,32.61392828
2015/2/19,29.35253545
2015/2/20,26.09114263
2015/2/21,13.04557131
2015/2/22,8.15348207
2015/2/23,26.09114263
2015/2/24,27.72183904
2015/2/25,27.72183904
2015/2/26,30.98323187
2015/2/27,22.8297498
2015/2/28,13.04557131
2015/3/1,3.261392828
2015/3/2,21.19905338
2015/3/3,22.8297498
2015/3/4,22.8297498
2015/3/5,19.56835697
2015/3/6,29.35253545
2015/3/7,16.30696414
2015/3/8,4.892089242
2015/3/9,19.56835697
2015/3/10,22.8297498
2015/3/11,24.46044621
2015/3/12,19.56835697
2015/3/13,19.56835697
2015/3/14,9.784178484
2015/3/15,6.522785656
2015/3/16,21.19905338
2015/3/17,16.30696414
2015/3/18,22.8297498
2015/3/19,19.56835697
2015/3/20,17.93766055
2015/3/21,9.784178484
2015/3/22,4.892089242
2015/3/23,21.19905338
2015/3/24,21.19905338
2015/3/25,9.784178484
2015/3/26,17.93766055
2015/3/27,14.67626773
2015/3/28,6.522785656
2015/3/29,6.522785656
2015/3/30,14.67626773
2015/3/31,24.46044621
2015/4/1,17.93766055
2015/4/2,14.35012844
2015/4/3,8.968830277
2015/4/4,5.381298166
2015/4/5,5.381298166
2015/4/6,14.35012844
2015/4/7,19.73142661
2015/4/8,19.73142661
2015/4/9,14.35012844
2015/4/10,17.93766055
2015/4/11,7.175064222
2015/4/12,5.381298166
2015/4/13,17.93766055
2015/4/14,17.93766055
2015/4/15,19.73142661
2015/4/16,25.11272478
2015/4/17,21.52519267
2015/4/18,8.968830277
2015/4/19,5.381298166
2015/4/20,26.90649083
2015/4/21,30.49402294
2015/4/22,30.49402294
2015/4/23,95.06960094
2015/4/24,179.3766055
2015/4/25,52.01921561
2015/4/26,25.11272478
2015/4/27,55.60674772
2015/4/28,52.01921561
2015/4/29,39.46285322
2015/4/30,32.287789
2015/5/1,35.87532111
2015/5/2,14.35012844
2015/5/3,10.76259633
2015/5/4,25.11272478
2015/5/5,26.90649083
2015/5/6,25.11272478
2015/5/7,21.52519267
2015/5/8,26.90649083
2015/5/9,10.76259633
2015/5/10,3.587532111
2015/5/11,17.93766055
2015/5/12,21.52519267
2015/5/13,21.52519267
2015/5/14,17.93766055
2015/5/15,28.70025689
2015/5/16,7.175064222
2015/5/17,8.968830277
2015/5/18,17.93766055
2015/5/19,30.49402294
2015/5/20,23.31895872
2015/5/21,21.52519267
2015/5/22,25.11272478
2015/5/23,7.175064222
2015/5/24,5.381298166
2015/5/25,8.968830277
2015/5/26,23.31895872
2015/5/27,19.73142661
2015/5/28,21.52519267
2015/5/29,21.52519267
2015/5/30,8.968830277
2015/5/31,5.381298166
2015/6/1,19.73142661
2015/6/2,21.52519267
2015/6/3,23.31895872
2015/6/4,21.52519267
2015/6/5,19.73142661
2015/6/6,10.76259633
2015/6/7,7.175064222
2015/6/8,16.1438945
2015/6/9,16.1438945
2015/6/10,12.55636239
2015/6/11,19.73142661
2015/6/12,16.1438945
2015/6/13,10.76259633
2015/6/14,3.587532111
2015/6/15,16.1438945
2015/6/16,23.31895872
2015/6/17,17.93766055
2015/6/18,14.35012844
2015/6/19,16.1438945
2015/6/20,7.175064222
2015/6/21,7.175064222
2015/6/22,16.1438945
2015/6/23,19.73142661
2015/6/24,19.73142661
2015/6/25,19.73142661
2015/6/26,17.93766055
2015/6/27,5.381298166
2015/6/28,7.175064222
2015/6/29,23.31895872
2015/6/30,17.93766055
2015/7/1,17.93766055
2015/7/2,17.93766055
2015/7/3,8.968830277
2015/7/4,8.968830277
2015/7/5,5.979220185
2015/7/6,20.92727065
2015/7/7,23.91688074
2015/7/8,20.92727065
2015/7/9,23.91688074
2015/7/10,29.89610092
2015/7/11,11.95844037
2015/7/12,5.979220185
2015/7/13,32.88571102
2015/7/14,50.82337157
2015/7/15,59.79220185
2015/7/16,56.80259176
2015/7/17,56.80259176
2015/7/18,23.91688074
2015/7/19,11.95844037
2015/7/20,41.85454129
2015/7/21,44.84415139
2015/7/22,47.83376148
2015/7/23,203.2934863
2015/7/24,298.9610092
2015/7/25,59.79220185
2015/7/26,29.89610092
2015/7/27,62.78181194
2015/7/28,50.82337157
2015/7/29,50.82337157
2015/7/30,47.83376148
2015/7/31,35.87532111
2015/8/1,14.94805046
2015/8/2,11.95844037
2015/8/3,29.89610092
2015/8/4,26.90649083
2015/8/5,29.89610092
2015/8/6,26.90649083
2015/8/7,26.90649083
2015/8/8,8.968830277
2015/8/9,8.968830277
2015/8/10,32.88571102
2015/8/11,32.88571102
2015/8/12,32.88571102
2015/8/13,29.89610092
2015/8/14,26.90649083
2015/8/15,14.94805046
2015/8/16,8.968830277
2015/8/17,41.85454129
2015/8/18,41.85454129
2015/8/19,32.88571102
2015/8/20,29.89610092
2015/8/21,44.84415139
2015/8/22,20.92727065
2015/8/23,14.94805046
2015/8/24,86.69869268
2015/8/25,68.76103213
2015/8/26,62.78181194
2015/8/27,65.77142203
2015/8/28,47.83376148
2015/8/29,17.93766055
2015/8/30,8.968830277
2015/8/31,29.89610092
2015/9/1,38.8649312
2015/9/2,26.90649083
2015/9/3,32.88571102
2015/9/4,32.88571102
2015/9/5,11.95844037
2015/9/6,2.989610092
2015/9/7,11.95844037
2015/9/8,29.89610092
2015/9/9,32.88571102
2015/9/10,29.89610092
2015/9/11,23.91688074
2015/9/12,11.95844037
2015/9/13,5.979220185
2015/9/14,23.91688074
2015/9/15,29.89610092
2015/9/16,29.89610092
2015/9/17,32.88571102
2015/9/18,38.8649312
2015/9/19,11.95844037
2015/9/20,5.979220185
2015/9/21,32.88571102
2015/9/22,29.89610092
2015/9/23,29.89610092
2015/9/24,29.89610092
2015/9/25,35.87532111
2015/9/26,8.968830277
2015/9/27,5.979220185
2015/9/28,26.90649083
2015/9/29,32.88571102
2015/9/30,32.88571102
2015/10/1,32.88571102
2015/10/2,31.15488412
2015/10/3,10.38496137
2015/10/4,8.654134478
2015/10/5,32.88571102
2015/10/6,36.34736481
2015/10/7,31.15488412
2015/10/8,34.61653791
2015/10/9,29.42405723
2015/10/10,12.11578827
2015/10/11,12.11578827
2015/10/12,25.96240343
2015/10/13,32.88571102
2015/10/14,38.0781917
2015/10/15,39.8090186
2015/10/16,34.61653791
2015/10/17,13.84661517
2015/10/18,12.11578827
2015/10/19,38.0781917
2015/10/20,38.0781917
2015/10/21,39.8090186
2015/10/22,147.1202861
2015/10/23,173.0826896
2015/10/24,29.42405723
2015/10/25,17.30826896
2015/10/26,64.04059514
2015/10/27,57.11728756
2015/10/28,39.8090186
2015/10/29,46.73232618
2015/10/30,43.27067239
2015/10/31,17.30826896
2015/11/1,12.11578827
2015/11/2,45.00149929
2015/11/3,41.5398455
2015/11/4,45.00149929
2015/11/5,55.38646066
2015/11/6,55.38646066
2015/11/7,15.57744206
2015/11/8,10.38496137
2015/11/9,43.27067239
2015/11/10,45.00149929
2015/11/11,46.73232618
2015/11/12,50.19397997
2015/11/13,50.19397997
2015/11/14,20.76992275
2015/11/15,13.84661517
2015/11/16,46.73232618
2015/11/17,50.19397997
2015/11/18,50.19397997
2015/11/19,55.38646066
2015/11/20,41.5398455
2015/11/21,17.30826896
2015/11/22,15.57744206
2015/11/23,36.34736481
2015/11/24,57.11728756
2015/11/25,38.0781917
2015/11/26,13.84661517
2015/11/27,36.34736481
2015/11/28,19.03909585
2015/11/29,17.30826896
2015/11/30,55.38646066
2015/12/1,48.46315308
2015/12/2,41.5398455
2015/12/3,41.5398455
2015/12/4,48.46315308
2015/12/5,15.57744206
2015/12/6,10.38496137
2015/12/7,36.34736481
2015/12/8,38.0781917
2015/12/9,36.34736481
2015/12/10,39.8090186
2015/12/11,39.8090186
2015/12/12,12.11578827
2015/12/13,8.654134478
2015/12/14,31.15488412
2015/12/15,46.73232618
2015/12/16,46.73232618
2015/12/17,51.92480687
2015/12/18,46.73232618
2015/12/19,13.84661517
2015/12/20,10.38496137
2015/12/21,32.88571102
2015/12/22,39.8090186
2015/12/23,34.61653791
2015/12/24,25.96240343
2015/12/25,12.11578827
2015/12/26,13.84661517
2015/12/27,13.84661517
2015/12/28,46.73232618
2015/12/29,55.38646066
2015/12/30,62.30976824
2015/12/31,50.19397997
2016/1/1,20.76992275
2016/1/2,14.83565911
2016/1/3,11.86852728
2016/1/4,77.14542735
2016/1/5,80.11255917
2016/1/6,71.21116371
2016/1/7,80.11255917
2016/1/8,68.24403189
2016/1/9,23.73705457
2016/1/10,11.86852728
2016/1/11,59.34263642
2016/1/12,62.30976824
2016/1/13,65.27690006
2016/1/14,83.07969099
2016/1/15,89.01395463
2016/1/16,20.76992275
2016/1/17,11.86852728
2016/1/18,23.73705457
2016/1/19,62.30976824
2016/1/20,80.11255917
2016/1/21,71.21116371
2016/1/22,62.30976824
2016/1/23,20.76992275
2016/1/24,14.83565911
2016/1/25,59.34263642
2016/1/26,59.34263642
2016/1/27,80.11255917
2016/1/28,287.8117866
2016/1/29,296.7131821
2016/1/30,47.47410914
2016/1/31,23.73705457
2016/2/1,71.21116371
2016/2/2,77.14542735
2016/2/3,89.01395463
2016/2/4,68.24403189
2016/2/5,86.04682281
2016/2/6,32.63845003
2016/2/7,17.80279093
2016/2/8,97.9153501
2016/2/9,86.04682281
2016/2/10,74.17829553
2016/2/11,89.01395463
2016/2/12,74.17829553
2016/2/13,20.76992275
2016/2/14,11.86852728
2016/2/15,26.70418639
2016/2/16,50.44124096
2016/2/17,59.34263642
2016/2/18,62.30976824
2016/2/19,47.47410914
2016/2/20,14.83565911
2016/2/21,8.901395463
2016/2/22,62.30976824
2016/2/23,59.34263642
2016/2/24,53.40837278
2016/2/25,47.47410914
2016/2/26,44.50697732
2016/2/27,14.83565911
2016/2/28,8.901395463
2016/2/29,50.44124096
2016/3/1,59.34263642
2016/3/2,59.34263642
2016/3/3,56.3755046
2016/3/4,50.44124096
2016/3/5,11.86852728
2016/3/6,5.934263642
2016/3/7,47.47410914
2016/3/8,47.47410914
2016/3/9,47.47410914
2016/3/10,47.47410914
2016/3/11,41.5398455
2016/3/12,14.83565911
2016/3/13,5.934263642
2016/3/14,44.50697732
2016/3/15,50.44124096
2016/3/16,44.50697732
2016/3/17,50.44124096
2016/3/18,47.47410914
2016/3/19,17.80279093
2016/3/20,11.86852728
2016/3/21,47.47410914
2016/3/22,47.47410914
2016/3/23,50.44124096
2016/3/24,47.47410914
2016/3/25,29.67131821
2016/3/26,14.83565911
2016/3/27,11.86852728
2016/3/28,38.57271367
2016/3/29,41.5398455
2016/3/30,53.40837278
2016/3/31,50.44124096
2016/4/1,44.50697732
2016/4/2,14.05483494
2016/4/3,11.71236245
2016/4/4,39.82203234
2016/4/5,39.82203234
2016/4/6,51.53439479
2016/4/7,39.82203234
2016/4/8,39.82203234
2016/4/9,11.71236245
2016/4/10,9.369889961
2016/4/11,42.16450483
2016/4/12,32.79461486
2016/4/13,42.16450483
2016/4/14,51.53439479
2016/4/15,44.50697732
2016/4/16,16.39730743
2016/4/17,11.71236245
2016/4/18,53.87686728
2016/4/19,77.30159218
2016/4/20,53.87686728
2016/4/21,49.1919223
2016/4/22,46.84944981
2016/4/23,21.08225241
2016/4/24,9.369889961
2016/4/25,49.1919223
2016/4/26,51.53439479
2016/4/27,60.90428475
2016/4/28,224.8773591
2016/4/29,234.247249
2016/4/30,28.10966988
2016/5/1,16.39730743
2016/5/2,93.69889961
2016/5/3,81.98653716
2016/5/4,74.95911969
2016/5/5,58.56181226
2016/5/6,58.56181226
2016/5/7,21.08225241
2016/5/8,14.05483494
2016/5/9,65.58922973
2016/5/10,112.4386795
2016/5/11,128.835987
2016/5/12,103.0687896
2016/5/13,91.35642712
2016/5/14,28.10966988
2016/5/15,18.73977992
2016/5/16,81.98653716
2016/5/17,70.27417471
2016/5/18,74.95911969
2016/5/19,65.58922973
2016/5/20,60.90428475
2016/5/21,16.39730743
2016/5/22,16.39730743
2016/5/23,51.53439479
2016/5/24,60.90428475
2016/5/25,56.21933977
2016/5/26,60.90428475
2016/5/27,51.53439479
2016/5/28,21.08225241
2016/5/29,7.027417471
2016/5/30,14.05483494
2016/5/31,49.1919223
2016/6/1,67.93170222
2016/6/2,58.56181226
2016/6/3,56.21933977
2016/6/4,14.05483494
2016/6/5,11.71236245
2016/6/6,53.87686728
2016/6/7,46.84944981
2016/6/8,51.53439479
2016/6/9,49.1919223
2016/6/10,42.16450483
2016/6/11,16.39730743
2016/6/12,7.027417471
2016/6/13,35.13708736
2016/6/14,37.47955985
2016/6/15,46.84944981
2016/6/16,44.50697732
2016/6/17,44.50697732
2016/6/18,9.369889961
2016/6/19,11.71236245
2016/6/20,35.13708736
2016/6/21,44.50697732
2016/6/22,37.47955985
2016/6/23,60.90428475
2016/6/24,105.4112621
2016/6/25,21.08225241
2016/6/26,11.71236245
2016/6/27,74.95911969
2016/6/28,65.58922973
2016/6/29,51.53439479
2016/6/30,46.84944981
2016/7/1,46.84944981
2016/7/2,12.32880258
2016/7/3,12.32880258
2016/7/4,17.26032361
2016/7/5,41.91792877
2016/7/6,54.24673136
2016/7/7,54.24673136
2016/7/8,56.71249187
2016/7/9,19.72608413
2016/7/10,17.26032361
2016/7/11,73.97281548
2016/7/12,93.69889961
2016/7/13,83.83585755
2016/7/14,51.78097084
2016/7/15,54.24673136
2016/7/16,14.7945631
2016/7/17,12.32880258
2016/7/18,51.78097084
2016/7/19,59.17825239
2016/7/20,54.24673136
2016/7/21,51.78097084
2016/7/22,49.31521032
2016/7/23,17.26032361
2016/7/24,14.7945631
2016/7/25,54.24673136
2016/7/26,56.71249187
2016/7/27,71.50705497
2016/7/28,246.5760516
2016/7/29,199.7266018
2016/7/30,34.52064723
2016/7/31,19.72608413
2016/8/1,73.97281548
2016/8/2,64.10977342
2016/8/3,59.17825239
2016/8/4,46.84944981
2016/8/5,56.71249187
2016/8/6,17.26032361
2016/8/7,9.863042065
2016/8/8,56.71249187
2016/8/9,51.78097084
2016/8/10,44.38368929
2016/8/11,44.38368929
2016/8/12,44.38368929
2016/8/13,12.32880258
2016/8/14,9.863042065
2016/8/15,41.91792877
2016/8/16,41.91792877
2016/8/17,34.52064723
2016/8/18,32.05488671
2016/8/19,34.52064723
2016/8/20,12.32880258
2016/8/21,7.397281548
2016/8/22,27.12336568
2016/8/23,36.98640774
2016/8/24,34.52064723
2016/8/25,36.98640774
2016/8/26,34.52064723
2016/8/27,12.32880258
2016/8/28,9.863042065
2016/8/29,34.52064723
2016/8/30,36.98640774
2016/8/31,41.91792877
2016/9/1,34.52064723
2016/9/2,36.98640774
2016/9/3,12.32880258
2016/9/4,9.863042065
2016/9/5,9.863042065
2016/9/6,46.84944981
2016/9/7,59.17825239
2016/9/8,41.91792877
2016/9/9,49.31521032
2016/9/10,17.26032361
2016/9/11,9.863042065
2016/9/12,44.38368929
2016/9/13,44.38368929
2016/9/14,36.98640774
2016/9/15,46.84944981
2016/9/16,41.91792877
2016/9/17,17.26032361
2016/9/18,12.32880258
2016/9/19,41.91792877
2016/9/20,34.52064723
2016/9/21,41.91792877
2016/9/22,71.50705497
2016/9/23,66.57553394
2016/9/24,19.72608413
2016/9/25,14.7945631
2016/9/26,44.38368929
2016/9/27,64.10977342
2016/9/28,66.57553394
2016/9/29,73.97281548
2016/9/30,61.6440129
2016/10/1,24.65760516
2016/10/2,13.44960282
2016/10/3,53.79841126
2016/10/4,60.52321267
2016/10/5,67.24801408
2016/10/6,53.79841126
2016/10/7,53.79841126
2016/10/8,17.93280375
2016/10/9,13.44960282
2016/10/10,49.31521032
2016/10/11,62.76481314
2016/10/12,49.31521032
2016/10/13,49.31521032
2016/10/14,47.07360985
2016/10/15,20.17440422
2016/10/16,8.966401877
2016/10/17,56.04001173
2016/10/18,60.52321267
2016/10/19,49.31521032
2016/10/20,47.07360985
2016/10/21,56.04001173
2016/10/22,15.69120328
2016/10/23,15.69120328
2016/10/24,67.24801408
2016/10/25,71.73121502
2016/10/26,69.48961455
2016/10/27,224.1600469
2016/10/28,217.4352455
2016/10/29,33.62400704
2016/10/30,20.17440422
2016/10/31,71.73121502
2016/11/1,80.69761689
2016/11/2,67.24801408
2016/11/3,71.73121502
2016/11/4,62.76481314
2016/11/5,17.93280375
2016/11/6,13.44960282
2016/11/7,80.69761689
2016/11/8,69.48961455
2016/11/9,150.1872314
2016/11/10,127.7712267
2016/11/11,103.1136216
2016/11/12,31.38240657
2016/11/13,13.44960282
2016/11/14,89.66401877
2016/11/15,105.3552221
2016/11/16,78.45601642
2016/11/17,62.76481314
2016/11/18,76.21441595
2016/11/19,29.1408061
2016/11/20,13.44960282
2016/11/21,82.93921736
2016/11/22,87.4224183
2016/11/23,71.73121502
2016/11/24,24.65760516
2016/11/25,51.55681079
2016/11/26,17.93280375
2016/11/27,13.44960282
2016/11/28,69.48961455
2016/11/29,76.21441595
2016/11/30,71.73121502
2016/12/1,67.24801408
2016/12/2,51.55681079
2016/12/3,20.17440422
2016/12/4,11.20800235
2016/12/5,80.69761689
2016/12/6,80.69761689
2016/12/7,73.97281548
2016/12/8,62.76481314
2016/12/9,56.04001173
2016/12/10,17.93280375
2016/12/11,11.20800235
2016/12/12,51.55681079
2016/12/13,65.00641361
2016/12/14,65.00641361
2016/12/15,56.04001173
2016/12/16,49.31521032
2016/12/17,22.41600469
2016/12/18,6.724801408
2016/12/19,47.07360985
2016/12/20,60.52321267
2016/12/21,51.55681079
2016/12/22,47.07360985
2016/12/23,51.55681079
2016/12/24,17.93280375
2016/12/25,11.20800235
2016/12/26,17.93280375
2016/12/27,49.31521032
2016/12/28,56.04001173
2016/12/29,53.79841126
2016/12/30,49.31521032
2016/12/31,15.69120328
2017/1/1,6.724801408
2017/1/2,15.69120328
2017/1/3,51.55681079
2017/1/4,53.79841126
2017/1/5,58.2816122
2017/1/6,78.45601642
2017/1/7,24.65760516
2017/1/8,15.69120328
2017/1/9,53.79841126
2017/1/10,58.2816122
2017/1/11,53.79841126
2017/1/12,76.21441595
2017/1/13,65.00641361
2017/1/14,24.65760516
2017/1/15,11.20800235
2017/1/16,26.89920563
2017/1/17,56.04001173
2017/1/18,58.2816122
2017/1/19,53.79841126
2017/1/20,58.2816122
2017/1/21,17.93280375
2017/1/22,11.20800235
2017/1/23,47.07360985
2017/1/24,62.76481314
2017/1/25,76.21441595
2017/1/26,85.18081783
2017/1/27,69.48961455
2017/1/28,22.41600469
2017/1/29,11.20800235
2017/1/30,60.52321267
2017/1/31,69.48961455
2017/2/1,80.69761689
2017/2/2,203.9856427
2017/2/3,224.1600469
2017/2/4,33.62400704
2017/2/5,17.93280375
2017/2/6,65.00641361
2017/2/7,73.97281548
2017/2/8,65.00641361
2017/2/9,65.00641361
2017/2/10,62.76481314
2017/2/11,22.41600469
2017/2/12,13.44960282
2017/2/13,60.52321267
2017/2/14,56.04001173
2017/2/15,67.24801408
2017/2/16,67.24801408
2017/2/17,56.04001173
2017/2/18,22.41600469
2017/2/19,13.44960282
2017/2/20,29.1408061
2017/2/21,71.73121502
2017/2/22,62.76481314
2017/2/23,58.2816122
2017/2/24,51.55681079
2017/2/25,15.69120328
2017/2/26,11.20800235
2017/2/27,49.31521032
2017/2/28,82.93921736
2017/3/1,71.73121502
2017/3/2,49.31521032
2017/3/3,49.31521032
2017/3/4,13.44960282
2017/3/5,11.20800235
2017/3/6,42.59040892
2017/3/7,44.83200938
2017/3/8,42.59040892
2017/3/9,44.83200938
2017/3/10,44.83200938
2017/3/11,11.20800235
2017/3/12,11.20800235
2017/3/13,38.10720798
2017/3/14,33.62400704
2017/3/15,44.83200938
2017/3/16,44.83200938
2017/3/17,40.34880845
2017/3/18,13.44960282
2017/3/19,8.966401877
2017/3/20,44.83200938
2017/3/21,49.31521032
2017/3/22,42.59040892
2017/3/23,42.59040892
2017/3/24,33.62400704
2017/3/25,11.20800235
2017/3/26,8.966401877
2017/3/27,40.34880845
2017/3/28,51.55681079
2017/3/29,65.00641361
2017/3/30,78.45601642
2017/3/31,80.69761689
2017/4/1,31.38240657
2017/4/2,20.92160438
2017/4/3,60.14961259
2017/4/4,96.76242026
2017/4/5,115.0688241
2017/4/6,94.14721971
2017/4/7,75.84081588
2017/4/8,18.30640383
2017/4/9,18.30640383
2017/4/10,73.22561533
2017/4/11,62.76481314
2017/4/12,70.61041478
2017/4/13,60.14961259
2017/4/14,33.99760712
2017/4/15,13.07600274
2017/4/16,7.845601642
2017/4/17,70.61041478
2017/4/18,70.61041478
2017/4/19,57.53441204
2017/4/20,57.53441204
2017/4/21,57.53441204
2017/4/22,15.69120328
2017/4/23,10.46080219
2017/4/24,70.61041478
2017/4/25,75.84081588
2017/4/26,86.30161807
2017/4/27,235.3680493
2017/4/28,222.2920465
2017/4/29,36.61280766
2017/4/30,23.53680493
2017/5/1,107.2232224
2017/5/2,96.76242026
2017/5/3,78.45601642
2017/5/4,75.84081588
2017/5/5,65.38001369
2017/5/6,20.92160438
2017/5/7,15.69120328
2017/5/8,75.84081588
2017/5/9,88.91681861
2017/5/10,75.84081588
2017/5/11,65.38001369
2017/5/12,83.68641752
2017/5/13,26.15200547
2017/5/14,18.30640383
2017/5/15,70.61041478
2017/5/16,91.53201916
2017/5/17,86.30161807
2017/5/18,81.07121697
2017/5/19,73.22561533
2017/5/20,23.53680493
2017/5/21,13.07600274
2017/5/22,73.22561533
2017/5/23,78.45601642
2017/5/24,78.45601642
2017/5/25,138.605629
2017/5/26,115.0688241
2017/5/27,26.15200547
2017/5/28,18.30640383
2017/5/29,26.15200547
2017/5/30,135.9904285
2017/5/31,112.4536235
2017/6/1,101.9928214
2017/6/2,96.76242026
2017/6/3,31.38240657
2017/6/4,18.30640383
2017/6/5,86.30161807
2017/6/6,91.53201916
2017/6/7,75.84081588
2017/6/8,83.68641752
2017/6/9,112.4536235
2017/6/10,36.61280766
2017/6/11,26.15200547
2017/6/12,109.838423
2017/6/13,99.3776208
2017/6/14,94.14721971
2017/6/15,91.53201916
2017/6/16,261.5200547
2017/6/17,60.14961259
2017/6/18,31.38240657
2017/6/19,122.9144257
2017/6/20,104.6080219
2017/6/21,94.14721971
2017/6/22,88.91681861
2017/6/23,91.53201916
2017/6/24,23.53680493
2017/6/25,20.92160438
2017/6/26,88.91681861
2017/6/27,78.45601642
2017/6/28,88.91681861
2017/6/29,96.76242026
2017/6/30,78.45601642
2017/7/1,20.92160438
2017/7/2,10.46080219
2017/7/3,80.19948345
2017/7/4,104.6080219
2017/7/5,80.19948345
2017/7/6,94.14721971
2017/7/7,73.22561533
2017/7/8,24.40853844
2017/7/9,13.94773625
2017/7/10,83.68641752
2017/7/11,101.1210878
2017/7/12,101.1210878
2017/7/13,90.66028564
2017/7/14,80.19948345
2017/7/15,24.40853844
2017/7/16,17.43467032
2017/7/17,94.14721971
2017/7/18,97.63415377
2017/7/19,94.14721971
2017/7/20,97.63415377
2017/7/21,83.68641752
2017/7/22,24.40853844
2017/7/23,20.92160438
2017/7/24,97.63415377
2017/7/25,101.1210878
2017/7/26,122.0426922
2017/7/27,348.6934063
2017/7/28,278.9547251
2017/7/29,48.81707689
2017/7/30,27.89547251
2017/7/31,149.9381647
2017/8/1,139.4773625
2017/8/2,125.5296263
2017/8/3,90.66028564
2017/8/4,97.63415377
2017/8/5,24.40853844
2017/8/6,17.43467032
2017/8/7,83.68641752
2017/8/8,83.68641752
2017/8/9,83.68641752
2017/8/10,104.6080219
2017/8/11,90.66028564
2017/8/12,31.38240657
2017/8/13,20.92160438
2017/8/14,94.14721971
2017/8/15,80.19948345
2017/8/16,115.0688241
2017/8/17,83.68641752
2017/8/18,80.19948345
2017/8/19,24.40853844
2017/8/20,10.46080219
2017/8/21,76.71254939
2017/8/22,80.19948345
2017/8/23,73.22561533
2017/8/24,101.1210878
2017/8/25,76.71254939
2017/8/26,31.38240657
2017/8/27,17.43467032
2017/8/28,101.1210878
2017/8/29,83.68641752
2017/8/30,76.71254939
2017/8/31,66.2517472
2017/9/1,73.22561533
2017/9/2,17.43467032
2017/9/3,13.94773625
2017/9/4,20.92160438
2017/9/5,69.73868127
2017/9/6,62.76481314
2017/9/7,73.22561533
2017/9/8,55.79094501
2017/9/9,20.92160438
2017/9/10,13.94773625
2017/9/11,69.73868127
2017/9/12,62.76481314
2017/9/13,69.73868127
2017/9/14,76.71254939
2017/9/15,66.2517472
2017/9/16,20.92160438
2017/9/17,13.94773625
2017/9/18,62.76481314
2017/9/19,62.76481314
2017/9/20,59.27787908
2017/9/21,55.79094501
2017/9/22,55.79094501
2017/9/23,17.43467032
2017/9/24,10.46080219
2017/9/25,73.22561533
2017/9/26,76.71254939
2017/9/27,69.73868127
2017/9/28,69.73868127
2017/9/29,52.30401095
2017/9/30,20.92160438
2017/10/1,13.94773625
2017/10/2,60.44019043
2017/10/3,65.08943585
2017/10/4,65.08943585
2017/10/5,74.38792668
2017/10/6,69.73868127
2017/10/7,23.24622709
2017/10/8,18.59698167
2017/10/9,65.08943585
2017/10/10,69.73868127
2017/10/11,69.73868127
2017/10/12,88.33566294
2017/10/13,79.0371721
2017/10/14,18.59698167
2017/10/15,13.94773625
2017/10/16,69.73868127
2017/10/17,74.38792668
2017/10/18,74.38792668
2017/10/19,79.0371721
2017/10/20,65.08943585
2017/10/21,23.24622709
2017/10/22,13.94773625
2017/10/23,74.38792668
2017/10/24,79.0371721
2017/10/25,79.0371721
2017/10/26,265.0069888
2017/10/27,464.9245418
2017/10/28,102.2833992
2017/10/29,46.49245418
2017/10/30,158.0743442
2017/10/31,125.5296263
2017/11/1,106.9326446
2017/11/2,97.63415377
2017/11/3,97.63415377
2017/11/4,37.19396334
2017/11/5,27.89547251
2017/11/6,83.68641752
2017/11/7,92.98490835
2017/11/8,97.63415377
2017/11/9,88.33566294
2017/11/10,83.68641752
2017/11/11,27.89547251
2017/11/12,18.59698167
2017/11/13,88.33566294
2017/11/14,79.0371721
2017/11/15,97.63415377
2017/11/16,79.0371721
2017/11/17,74.38792668
2017/11/18,27.89547251
2017/11/19,18.59698167
2017/11/20,69.73868127
2017/11/21,83.68641752
2017/11/22,83.68641752
2017/11/23,32.54471792
2017/11/24,106.9326446
2017/11/25,69.73868127
2017/11/26,37.19396334
2017/11/27,148.7758534
2017/11/28,144.1266079
2017/11/29,153.4250988
2017/11/30,130.1788717
2017/12/1,111.58189
2017/12/2,27.89547251
2017/12/3,18.59698167
2017/12/4,116.2311354
2017/12/5,111.58189
2017/12/6,92.98490835
2017/12/7,97.63415377
2017/12/8,88.33566294
2017/12/9,27.89547251
2017/12/10,23.24622709
2017/12/11,83.68641752
2017/12/12,74.38792668
2017/12/13,74.38792668
2017/12/14,74.38792668
2017/12/15,74.38792668
2017/12/16,23.24622709
2017/12/17,23.24622709
2017/12/18,79.0371721
2017/12/19,79.0371721
2017/12/20,74.38792668
2017/12/21,69.73868127
2017/12/22,65.08943585
2017/12/23,27.89547251
2017/12/24,13.94773625
2017/12/25,18.59698167
2017/12/26,65.08943585
2017/12/27,69.73868127
2017/12/28,69.73868127
2017/12/29,83.68641752
2017/12/30,23.24622709
2017/12/31,13.94773625
2018/1/1,18.59698167
2018/1/2,74.38792668
2018/1/3,83.68641752
2018/1/4,88.33566294
2018/1/5,83.68641752
2018/1/6,37.19396334
2018/1/7,18.59698167
2018/1/8,83.68641752
2018/1/9,111.58189
2018/1/10,97.63415377
2018/1/11,92.98490835
2018/1/12,125.5296263
2018/1/13,46.49245418
2018/1/14,23.24622709
2018/1/15,46.49245418
2018/1/16,111.58189
2018/1/17,111.58189
2018/1/18,116.2311354
2018/1/19,92.98490835
2018/1/20,32.54471792
2018/1/21,23.24622709
2018/1/22,102.2833992
2018/1/23,144.1266079
2018/1/24,134.8281171
2018/1/25,134.8281171
2018/1/26,148.7758534
2018/1/27,55.79094501
2018/1/28,32.54471792
2018/1/29,139.4773625
2018/1/30,176.6713259
2018/1/31,199.917553
2018/2/1,381.2381242
2018/2/2,464.9245418
2018/2/3,83.68641752
2018/2/4,37.19396334
2018/2/5,209.2160438
2018/2/6,269.6562342
2018/2/7,172.0220805
2018/2/8,181.3205713
2018/2/9,241.7607617
2018/2/10,60.44019043
2018/2/11,27.89547251
2018/2/12,153.4250988
2018/2/13,158.0743442
2018/2/14,153.4250988
2018/2/15,158.0743442
2018/2/16,139.4773625
2018/2/17,46.49245418
2018/2/18,18.59698167
2018/2/19,46.49245418
2018/2/20,139.4773625
2018/2/21,148.7758534
2018/2/22,139.4773625
2018/2/23,139.4773625
2018/2/24,46.49245418
2018/2/25,27.89547251
2018/2/26,134.8281171
2018/2/27,153.4250988
2018/2/28,130.1788717
2018/3/1,120.8803809
2018/3/2,125.5296263
2018/3/3,41.84320876
2018/3/4,23.24622709
2018/3/5,111.58189
2018/3/6,116.2311354
2018/3/7,134.8281171
2018/3/8,134.8281171
2018/3/9,134.8281171
2018/3/10,46.49245418
2018/3/11,27.89547251
2018/3/12,144.1266079
2018/3/13,144.1266079
2018/3/14,125.5296263
2018/3/15,120.8803809
2018/3/16,120.8803809
2018/3/17,32.54471792
2018/3/18,23.24622709
2018/3/19,130.1788717
2018/3/20,148.7758534
2018/3/21,139.4773625
2018/3/22,139.4773625
2018/3/23,153.4250988
2018/3/24,46.49245418
2018/3/25,23.24622709
2018/3/26,139.4773625
2018/3/27,158.0743442
2018/3/28,292.9024613
2018/3/29,316.1486884
2018/3/30,116.2311354
2018/3/31,51.14169959
2018/4/1,37.19396334
2018/4/2,288.2532159
2018/4/3,260.3577434
2018/4/4,213.8652892
2018/4/5,176.6713259
2018/4/6,195.2683075
2018/4/7,41.84320876
2018/4/8,27.89547251
2018/4/9,139.4773625
2018/4/10,148.7758534
2018/4/11,139.4773625
2018/4/12,125.5296263
2018/4/13,120.8803809
2018/4/14,37.19396334
2018/4/15,23.24622709
2018/4/16,106.9326446
2018/4/17,144.1266079
2018/4/18,172.0220805
2018/4/19,195.2683075
2018/4/20,162.7235896
2018/4/21,37.19396334
2018/4/22,27.89547251
2018/4/23,139.4773625
2018/4/24,167.372835
2018/4/25,181.3205713
2018/4/26,385.8873697
2018/4/27,464.9245418
2018/4/28,74.38792668
2018/4/29,37.19396334
2018/4/30,158.0743442
2018/5/1,153.4250988
2018/5/2,134.8281171
2018/5/3,120.8803809
2018/5/4,120.8803809
2018/5/5,41.84320876
2018/5/6,27.89547251
2018/5/7,125.5296263
2018/5/8,120.8803809
2018/5/9,125.5296263
2018/5/10,139.4773625
2018/5/11,125.5296263
2018/5/12,37.19396334
2018/5/13,23.24622709
2018/5/14,111.58189
2018/5/15,125.5296263
2018/5/16,116.2311354
2018/5/17,106.9326446
2018/5/18,102.2833992
2018/5/19,32.54471792
2018/5/20,13.94773625
2018/5/21,106.9326446
2018/5/22,106.9326446
2018/5/23,106.9326446
2018/5/24,97.63415377
2018/5/25,92.98490835
2018/5/26,27.89547251
2018/5/27,18.59698167
2018/5/28,23.24622709
2018/5/29,92.98490835
2018/5/30,106.9326446
2018/5/31,102.2833992
2018/6/1,116.2311354
2018/6/2,32.54471792
2018/6/3,23.24622709
2018/6/4,102.2833992
2018/6/5,130.1788717
2018/6/6,139.4773625
2018/6/7,116.2311354
2018/6/8,111.58189
2018/6/9,32.54471792
2018/6/10,18.59698167
2018/6/11,88.33566294
2018/6/12,106.9326446
2018/6/13,111.58189
2018/6/14,106.9326446
2018/6/15,111.58189
2018/6/16,32.54471792
2018/6/17,18.59698167
2018/6/18,97.63415377
2018/6/19,116.2311354
2018/6/20,120.8803809
2018/6/21,144.1266079
2018/6/22,116.2311354
2018/6/23,32.54471792
2018/6/24,18.59698167
2018/6/25,134.8281171
2018/6/26,116.2311354
2018/6/27,116.2311354
2018/6/28,130.1788717
2018/6/29,125.5296263
2018/6/30,32.54471792
2018/7/1,23.24622709
2018/7/2,79.0371721
2018/7/3,83.68641752
2018/7/4,27.89547251
2018/7/5,74.38792668
2018/7/6,83.68641752
2018/7/7,23.24622709
2018/7/8,18.59698167
2018/7/9,88.33566294
2018/7/10,97.63415377
2018/7/11,106.9326446
2018/7/12,134.8281171
2018/7/13,144.1266079
2018/7/14,37.19396334
2018/7/15,18.59698167
2018/7/16,213.8652892
2018/7/17,213.8652892
2018/7/18,158.0743442
2018/7/19,148.7758534
2018/7/20,125.5296263
2018/7/21,37.19396334
2018/7/22,23.24622709
2018/7/23,134.8281171
2018/7/24,144.1266079
2018/7/25,167.372835
2018/7/26,464.9245418
2018/7/27,409.1335968
2018/7/28,74.38792668
2018/7/29,37.19396334
2018/7/30,158.0743442
2018/7/31,148.7758534
2018/8/1,144.1266079
2018/8/2,158.0743442
2018/8/3,144.1266079
2018/8/4,41.84320876
2018/8/5,23.24622709
2018/8/6,116.2311354
2018/8/7,134.8281171
2018/8/8,139.4773625
2018/8/9,144.1266079
2018/8/10,130.1788717
2018/8/11,37.19396334
2018/8/12,27.89547251
2018/8/13,125.5296263
2018/8/14,148.7758534
2018/8/15,148.7758534
2018/8/16,134.8281171
2018/8/17,125.5296263
2018/8/18,27.89547251
2018/8/19,23.24622709
2018/8/20,106.9326446
2018/8/21,120.8803809
2018/8/22,116.2311354
2018/8/23,116.2311354
2018/8/24,102.2833992
2018/8/25,32.54471792
2018/8/26,23.24622709
2018/8/27,120.8803809
2018/8/28,125.5296263
2018/8/29,218.5145346
2018/8/30,251.0592526
2018/8/31,176.6713259
2018/9/1,51.14169959
2018/9/2,27.89547251
2018/9/3,37.19396334
2018/9/4,223.16378
2018/9/5,204.5667984
2018/9/6,172.0220805
2018/9/7,148.7758534
2018/9/8,46.49245418
2018/9/9,27.89547251
2018/9/10,130.1788717
2018/9/11,134.8281171
2018/9/12,134.8281171
2018/9/13,134.8281171
2018/9/14,134.8281171
2018/9/15,32.54471792
2018/9/16,18.59698167
2018/9/17,144.1266079
2018/9/18,153.4250988
2018/9/19,125.5296263
2018/9/20,144.1266079
2018/9/21,125.5296263
2018/9/22,32.54471792
2018/9/23,27.89547251
2018/9/24,116.2311354
2018/9/25,120.8803809
2018/9/26,134.8281171
2018/9/27,148.7758534
2018/9/28,130.1788717
2018/9/29,37.19396334
2018/9/30,27.89547251
2018/10/1,125.5296263
2018/10/2,143.46243
2018/10/3,134.4960282
2018/10/4,147.945631
2018/10/5,143.46243
2018/10/6,31.38240657
2018/10/7,22.41600469
2018/10/8,134.4960282
2018/10/9,130.0128272
2018/10/10,201.7440422
2018/10/11,309.3408648
2018/10/12,228.6432479
2018/10/13,49.31521032
2018/10/14,26.89920563
2018/10/15,165.8784347
2018/10/16,165.8784347
2018/10/17,156.9120328
2018/10/18,152.4288319
2018/10/19,143.46243
2018/10/20,35.86560751
2018/10/21,31.38240657
2018/10/22,134.4960282
2018/10/23,156.9120328
2018/10/24,201.7440422
2018/10/25,425.9040892
2018/10/26,448.3200938
2018/10/27,76.21441595
2018/10/28,40.34880845
2018/10/29,273.4752572
2018/10/30,318.3072666
2018/10/31,260.0256544
2018/11/1,237.6096497
2018/11/2,219.676846
2018/11/3,58.2816122
2018/11/4,26.89920563
2018/11/5,174.8448366
2018/11/6,161.3952338
2018/11/7,197.2608413
2018/11/8,197.2608413
2018/11/9,165.8784347
2018/11/10,40.34880845
2018/11/11,26.89920563
2018/11/12,134.4960282
2018/11/13,170.3616357
2018/11/14,147.945631
2018/11/15,161.3952338
2018/11/16,156.9120328
2018/11/17,40.34880845
2018/11/18,26.89920563
2018/11/19,174.8448366
2018/11/20,233.1264488
2018/11/21,179.3280375
2018/11/22,53.79841126
2018/11/23,107.5968225
2018/11/24,44.83200938
2018/11/25,31.38240657
2018/11/26,156.9120328
2018/11/27,165.8784347
2018/11/28,179.3280375
2018/11/29,192.7776404
2018/11/30,147.945631
2018/12/1,49.31521032
2018/12/2,35.86560751
2018/12/3,210.7104441
2018/12/4,188.2944394
2018/12/5,89.66401877
2018/12/6,170.3616357
2018/12/7,152.4288319
2018/12/8,44.83200938
2018/12/9,26.89920563
2018/12/10,143.46243
2018/12/11,147.945631
2018/12/12,152.4288319
2018/12/13,152.4288319
2018/12/14,125.5296263
2018/12/15,40.34880845
2018/12/16,31.38240657
2018/12/17,152.4288319
2018/12/18,147.945631
2018/12/19,152.4288319
2018/12/20,179.3280375
2018/12/21,188.2944394
2018/12/22,67.24801408
2018/12/23,31.38240657
2018/12/24,156.9120328
2018/12/25,62.76481314
2018/12/26,192.7776404
2018/12/27,215.193645
2018/12/28,165.8784347
2018/12/29,44.83200938
2018/12/30,26.89920563
2018/12/31,143.46243
2019/1/1,58.2816122
2019/1/2,163.1885142
2019/1/3,205.9283631
2019/1/4,194.2720407
2019/1/5,54.39617139
2019/1/6,31.08352651
2019/1/7,174.8448366
2019/1/8,174.8448366
2019/1/9,190.3865999
2019/1/10,170.9593958
2019/1/11,151.5321917
2019/1/12,42.73984895
2019/1/13,31.08352651
2019/1/14,124.334106
2019/1/15,143.7613101
2019/1/16,159.3030733
2019/1/17,143.7613101
2019/1/18,139.8758693
2019/1/19,38.85440813
2019/1/20,23.31264488
2019/1/21,62.16705301
2019/1/22,135.9904285
2019/1/23,124.334106
2019/1/24,124.334106
2019/1/25,120.4486652
2019/1/26,38.85440813
2019/1/27,27.19808569
2019/1/28,128.2195468
2019/1/29,135.9904285
2019/1/30,170.9593958
2019/1/31,388.5440813
2019/2/1,376.8877589
2019/2/2,73.82337545
2019/2/3,38.85440813
2019/2/4,163.1885142
2019/2/5,151.5321917
2019/2/6,139.8758693
2019/2/7,139.8758693
2019/2/8,159.3030733
2019/2/9,42.73984895
2019/2/10,31.08352651
2019/2/11,124.334106
2019/2/12,139.8758693
2019/2/13,132.1049877
2019/2/14,147.6467509
2019/2/15,139.8758693
2019/2/16,50.51073057
2019/2/17,42.73984895
2019/2/18,66.05249383
2019/2/19,143.7613101
2019/2/20,143.7613101
2019/2/21,139.8758693
2019/2/22,143.7613101
2019/2/23,77.70881627
2019/2/24,69.93793464
2019/2/25,151.5321917
2019/2/26,128.2195468
2019/2/27,132.1049877
2019/2/28,147.6467509
2019/3/1,163.1885142
2019/3/2,104.906902
2019/3/3,81.59425708
2019/3/4,163.1885142
2019/3/5,178.7302774
2019/3/6,143.7613101
2019/3/7,151.5321917
2019/3/8,167.073955
2019/3/9,89.36513871
2019/3/10,85.47969789
2019/3/11,155.4176325
2019/3/12,159.3030733
2019/3/13,147.6467509
2019/3/14,163.1885142
2019/3/15,163.1885142
2019/3/16,108.7923428
2019/3/17,85.47969789
2019/3/18,163.1885142
2019/3/19,202.0429223
2019/3/20,202.0429223
2019/3/21,202.0429223
2019/3/22,186.501159
2019/3/23,104.906902
2019/3/24,73.82337545
2019/3/25,170.9593958
2019/3/26,155.4176325
2019/3/27,167.073955
2019/3/28,159.3030733
2019/3/29,147.6467509
2019/3/30,97.13602033
2019/3/31,93.25057952
2019/4/1,147.6467509
2019/4/2,159.6181091
2019/4/3,167.5990145
2019/4/4,171.5894673
2019/4/5,167.5990145
2019/4/6,103.7517709
2019/4/7,95.77086545
2019/4/8,159.6181091
2019/4/9,163.6085618
2019/4/10,163.6085618
2019/4/11,159.6181091
2019/4/12,175.57992
2019/4/13,99.76131818
2019/4/14,91.78041273
2019/4/15,147.6467509
2019/4/16,167.5990145
2019/4/17,167.5990145
2019/4/18,175.57992
2019/4/19,131.68494
2019/4/20,87.78996
2019/4/21,91.78041273
2019/4/22,175.57992
2019/4/23,231.4462582
2019/4/24,227.4558055
2019/4/25,399.0452727
2019/4/26,343.1789345
2019/4/27,123.7040345
2019/4/28,111.7326764
2019/4/29,211.4939945
2019/4/30,203.5130891
2019/5/1,195.5321836
2019/5/2,171.5894673
2019/5/3,243.4176164
2019/5/4,115.7231291
2019/5/5,99.76131818
2019/5/6,223.4653527
2019/5/7,195.5321836
2019/5/8,179.5703727
2019/5/9,199.5226364
2019/5/10,187.5512782
2019/5/11,115.7231291
2019/5/12,103.7517709
2019/5/13,203.5130891
2019/5/14,203.5130891
2019/5/15,203.5130891
2019/5/16,199.5226364
2019/5/17,171.5894673
2019/5/18,115.7231291
2019/5/19,107.7422236
2019/5/20,175.57992
2019/5/21,179.5703727
2019/5/22,159.6181091
2019/5/23,167.5990145
2019/5/24,171.5894673
2019/5/25,107.7422236
2019/5/26,95.77086545
2019/5/27,87.78996
2019/5/28,155.6276564
2019/5/29,155.6276564
2019/5/30,151.6372036
2019/5/31,171.5894673
2019/6/1,99.76131818
2019/6/2,95.77086545
2019/6/3,211.4939945
2019/6/4,215.4844473
2019/6/5,171.5894673
2019/6/6,155.6276564
2019/6/7,155.6276564
2019/6/8,99.76131818
2019/6/9,83.79950727
2019/6/10,167.5990145
2019/6/11,155.6276564
2019/6/12,147.6467509
2019/6/13,143.6562982
2019/6/14,135.6753927
2019/6/15,83.79950727
2019/6/16,71.82814909
2019/6/17,139.6658455
2019/6/18,151.6372036
2019/6/19,163.6085618
2019/6/20,139.6658455
2019/6/21,115.7231291
2019/6/22,51.87588545
2019/6/23,35.91407454
2019/6/24,107.7422236
2019/6/25,107.7422236
2019/6/26,111.7326764
2019/6/27,103.7517709
2019/6/28,99.76131818
2019/6/29,43.89498
2019/6/30,31.92362182
2019/7/1,115.7231291
2019/7/2,113.4540481
2019/7/3,97.57048139
2019/7/4,52.18886214
2019/7/5,93.03231946
2019/7/6,43.11253829
2019/7/7,31.76713348
2019/7/8,106.6468052
2019/7/9,122.530372
2019/7/10,138.4139387
2019/7/11,154.2975055
2019/7/12,129.3376149
2019/7/13,49.91978118
2019/7/14,34.03621444
2019/7/15,138.4139387
2019/7/16,131.6066958
2019/7/17,120.261291
2019/7/18,122.530372
2019/7/19,113.4540481
2019/7/20,40.84345733
2019/7/21,31.76713348
2019/7/22,104.3777243
2019/7/23,131.6066958
2019/7/24,131.6066958
2019/7/25,226.9080963
2019/7/26,197.4100437
2019/7/27,45.38161925
2019/7/28,38.57437636
2019/7/29,122.530372
2019/7/30,115.7231291
2019/7/31,122.530372
2019/8/1,129.3376149
2019/8/2,113.4540481
2019/8/3,40.84345733
2019/8/4,34.03621444
2019/8/5,142.9521006
2019/8/6,152.0284245
2019/8/7,131.6066958
2019/8/8,124.7994529
2019/8/9,104.3777243
2019/8/10,38.57437636
2019/8/11,31.76713348
2019/8/12,106.6468052
2019/8/13,108.9158862
2019/8/14,136.1448578
2019/8/15,147.4902626
2019/8/16,108.9158862
2019/8/17,38.57437636
2019/8/18,31.76713348
2019/8/19,99.83956235
2019/8/20,99.83956235
2019/8/21,99.83956235
2019/8/22,90.7632385
2019/8/23,106.6468052
2019/8/24,40.84345733
2019/8/25,34.03621444
2019/8/26,104.3777243
2019/8/27,102.1086433
2019/8/28,90.7632385
2019/8/29,97.57048139
2019/8/30,95.30140043
2019/8/31,31.76713348
2019/9/1,20.42172866
2019/9/2,36.3052954
2019/9/3,88.49415754
2019/9/4,104.3777243
2019/9/5,97.57048139
2019/9/6,102.1086433
2019/9/7,38.57437636
2019/9/8,27.22897155
2019/9/9,90.7632385
2019/9/10,86.22507658
2019/9/11,86.22507658
2019/9/12,97.57048139
2019/9/13,86.22507658
2019/9/14,36.3052954
2019/9/15,27.22897155
2019/9/16,86.22507658
2019/9/17,86.22507658
2019/9/18,83.95599561
2019/9/19,90.7632385
2019/9/20,88.49415754
2019/9/21,29.49805251
2019/9/22,27.22897155
2019/9/23,74.87967176
2019/9/24,97.57048139
2019/9/25,97.57048139
2019/9/26,93.03231946
2019/9/27,93.03231946
2019/9/28,29.49805251
2019/9/29,27.22897155
2019/9/30,81.68691465
2019/10/1,83.95599561
2019/10/2,83.95599561
2019/10/3,94.45049507
2019/10/4,80.45782913
2019/10/5,27.98533187
2019/10/6,24.48716539
2019/10/7,73.46149616
2019/10/8,76.95966265
2019/10/9,69.96332968
2019/10/10,80.45782913
2019/10/11,87.4541621
2019/10/12,31.48349836
2019/10/13,20.9889989
2019/10/14,69.96332968
2019/10/15,94.45049507
2019/10/16,87.4541621
2019/10/17,87.4541621
2019/10/18,87.4541621
2019/10/19,27.98533187
2019/10/20,31.48349836
2019/10/21,90.95232858
2019/10/22,90.95232858
2019/10/23,94.45049507
2019/10/24,234.3771544
2019/10/25,349.8166484
2019/10/26,73.46149616
2019/10/27,38.47983132
2019/10/28,125.9339934
2019/10/29,104.9449945
2019/10/30,90.95232858
2019/10/31,94.45049507
2019/11/1,87.4541621
2019/11/2,27.98533187
2019/11/3,20.9889989
2019/11/4,83.95599561
2019/11/5,90.95232858
2019/11/6,83.95599561
2019/11/7,90.95232858
2019/11/8,83.95599561
2019/11/9,27.98533187
2019/11/10,17.49083242
2019/11/11,62.96699671
2019/11/12,76.95966265
2019/11/13,76.95966265
2019/11/14,80.45782913
2019/11/15,83.95599561
2019/11/16,38.47983132
2019/11/17,24.48716539
2019/11/18,76.95966265
2019/11/19,83.95599561
2019/11/20,83.95599561
2019/11/21,73.46149616
2019/11/22,73.46149616
2019/11/23,31.48349836
2019/11/24,13.99266594
2019/11/25,73.46149616
2019/11/26,87.4541621
2019/11/27,83.95599561
2019/11/28,41.97799781
2019/11/29,62.96699671
2019/11/30,24.48716539
2019/12/1,24.48716539
2019/12/2,87.4541621
2019/12/3,90.95232858
2019/12/4,90.95232858
2019/12/5,76.95966265
2019/12/6,83.95599561
2019/12/7,34.98166484
2019/12/8,24.48716539
2019/12/9,66.46516319
2019/12/10,76.95966265
2019/12/11,62.96699671
2019/12/12,80.45782913
2019/12/13,80.45782913
2019/12/14,27.98533187
2019/12/15,20.9889989
2019/12/16,83.95599561
2019/12/17,90.95232858
2019/12/18,80.45782913
2019/12/19,87.4541621
2019/12/20,80.45782913
2019/12/21,31.48349836
2019/12/22,17.49083242
2019/12/23,69.96332968
2019/12/24,59.46883023
2019/12/25,24.48716539
2019/12/26,111.9413275
2019/12/27,153.9193253
2019/12/28,38.47983132
2019/12/29,24.48716539
2019/12/30,87.4541621
2019/12/31,90.95232858
2020/1/1,38.47983132
2020/1/2,102.6128835
2020/1/3,102.6128835
2020/1/4,34.20429451
2020/1/5,25.65322088
2020/1/6,85.51073627
2020/1/7,102.6128835
2020/1/8,115.439494
2020/1/9,98.33734671
2020/1/10,89.78627309
2020/1/11,29.9287577
2020/1/12,21.37768407
2020/1/13,89.78627309
2020/1/14,85.51073627
2020/1/15,94.0618099
2020/1/16,85.51073627
2020/1/17,89.78627309
2020/1/18,29.9287577
2020/1/19,17.10214725
2020/1/20,29.9287577
2020/1/21,76.95966265
2020/1/22,85.51073627
2020/1/23,81.23519946
2020/1/24,72.68412583
2020/1/25,29.9287577
2020/1/26,21.37768407
2020/1/27,85.51073627
2020/1/28,89.78627309
2020/1/29,98.33734671
2020/1/30,282.1854297
2020/1/31,427.5536814
2020/2/1,76.95966265
2020/2/2,29.9287577
2020/2/3,136.817178
2020/2/4,132.5416412
2020/2/5,128.2661044
2020/2/6,115.439494
2020/2/7,119.7150308
2020/2/8,38.47983132
2020/2/9,21.37768407
2020/2/10,128.2661044
2020/2/11,141.0927149
2020/2/12,119.7150308
2020/2/13,115.439494
2020/2/14,102.6128835
2020/2/15,34.20429451
2020/2/16,25.65322088
2020/2/17,47.03090495
2020/2/18,102.6128835
2020/2/19,106.8884203
2020/2/20,102.6128835
2020/2/21,98.33734671
2020/2/22,34.20429451
2020/2/23,21.37768407
2020/2/24,119.7150308
2020/2/25,132.5416412
2020/2/26,128.2661044
2020/2/27,136.817178
2020/2/28,179.5725462
2020/2/29,47.03090495
2020/3/1,38.47983132
2020/3/2,141.0927149
2020/3/3,132.5416412
2020/3/4,123.9905676
2020/3/5,106.8884203
2020/3/6,106.8884203
2020/3/7,34.20429451
2020/3/8,21.37768407
2020/3/9,188.1236198
2020/3/10,145.3682517
2020/3/11,141.0927149
2020/3/12,222.3279143
2020/3/13,213.7768407
2020/3/14,55.58197858
2020/3/15,47.03090495
2020/3/16,200.9502302
2020/3/17,213.7768407
2020/3/18,200.9502302
2020/3/19,196.6746934
2020/3/20,188.1236198
2020/3/21,55.58197858
2020/3/22,47.03090495
2020/3/23,183.848083
2020/3/24,175.2970094
2020/3/25,158.1948621
2020/3/26,136.817178
2020/3/27,119.7150308
2020/3/28,38.47983132
2020/3/29,34.20429451
2020/3/30,111.1639572
2020/3/31,115.439494
2020/4/1,111.1639572
2020/4/2,103.2236745
2020/4/3,91.31325052
2020/4/4,39.70141327
2020/4/5,27.79098929
2020/4/6,103.2236745
2020/4/7,115.1340985
2020/4/8,111.1639572
2020/4/9,119.1042398
2020/4/10,59.5521199
2020/4/11,31.76113062
2020/4/12,31.76113062
2020/4/13,162.7757944
2020/4/14,226.2980556
2020/4/15,206.447349
2020/4/16,254.0890449
2020/4/17,234.2383383
2020/4/18,55.58197858
2020/4/19,51.61183725
2020/4/20,166.7459357
2020/4/21,194.536925
2020/4/22,162.7757944
2020/4/23,166.7459357
2020/4/24,138.9549464
2020/4/25,43.6715546
2020/4/26,35.73127194
2020/4/27,138.9549464
2020/4/28,174.6862184
2020/4/29,182.626501
2020/4/30,365.2530021
2020/5/1,397.0141327
2020/5/2,71.46254389
2020/5/3,43.6715546
2020/5/4,170.7160771
2020/5/5,131.0146638
2020/5/6,123.0743811
2020/5/7,123.0743811
2020/5/8,111.1639572
2020/5/9,39.70141327
2020/5/10,35.73127194
2020/5/11,131.0146638
2020/5/12,123.0743811
2020/5/13,119.1042398
2020/5/14,107.1938158
2020/5/15,111.1639572
2020/5/16,39.70141327
2020/5/17,31.76113062
2020/5/18,115.1340985
2020/5/19,119.1042398
2020/5/20,119.1042398
2020/5/21,134.9848051
2020/5/22,107.1938158
2020/5/23,31.76113062
2020/5/24,27.79098929
2020/5/25,39.70141327
2020/5/26,107.1938158
2020/5/27,107.1938158
2020/5/28,103.2236745
2020/5/29,95.28339185
2020/5/30,27.79098929
2020/5/31,23.82084796
2020/6/1,99.25353317
2020/6/2,95.28339185
2020/6/3,95.28339185
2020/6/4,91.31325052
2020/6/5,103.2236745
2020/6/6,39.70141327
2020/6/7,27.79098929
2020/6/8,103.2236745
2020/6/9,131.0146638
2020/6/10,158.8056531
2020/6/11,170.7160771
2020/6/12,123.0743811
2020/6/13,39.70141327
2020/6/14,23.82084796
2020/6/15,115.1340985
2020/6/16,107.1938158
2020/6/17,111.1639572
2020/6/18,99.25353317
2020/6/19,107.1938158
2020/6/20,35.73127194
2020/6/21,23.82084796
2020/6/22,107.1938158
2020/6/23,142.9250878
2020/6/24,123.0743811
2020/6/25,111.1639572
2020/6/26,115.1340985
2020/6/27,39.70141327
2020/6/28,23.82084796
2020/6/29,107.1938158
2020/6/30,119.1042398
2020/7/1,142.9250878
2020/7/2,173.8278095
2020/7/3,69.53112378
2020/7/4,30.90272168
2020/7/5,27.03988147
2020/7/6,208.5933713
2020/7/7,204.7305311
2020/7/8,154.5136084
2020/7/9,193.1420105
2020/7/10,197.0048507
2020/7/11,57.94260315
2020/7/12,42.49124231
2020/7/13,212.4562116
2020/7/14,197.0048507
2020/7/15,189.2791703
2020/7/16,193.1420105
2020/7/17,181.5534899
2020/7/18,54.07976294
2020/7/19,38.6284021
2020/7/20,220.181892
2020/7/21,254.9474539
2020/7/22,189.2791703
2020/7/23,193.1420105
2020/7/24,189.2791703
2020/7/25,42.49124231
2020/7/26,27.03988147
2020/7/27,158.3764486
2020/7/28,158.3764486
2020/7/29,158.3764486
2020/7/30,386.284021
2020/7/31,382.4211808
2020/8/1,73.39396399
2020/8/2,46.35408252
2020/8/3,177.6906497
2020/8/4,142.9250878
2020/8/5,142.9250878
2020/8/6,146.787928
2020/8/7,131.3365671
2020/8/8,42.49124231
2020/8/9,27.03988147
2020/8/10,127.4737269
2020/8/11,139.0622476
2020/8/12,131.3365671
2020/8/13,127.4737269
2020/8/14,112.0223661
2020/8/15,38.6284021
2020/8/16,27.03988147
2020/8/17,112.0223661
2020/8/18,162.2392888
2020/8/19,169.9649692
2020/8/20,139.0622476
2020/8/21,135.1994074
2020/8/22,42.49124231
2020/8/23,27.03988147
2020/8/24,139.0622476
2020/8/25,127.4737269
2020/8/26,154.5136084
2020/8/27,158.3764486
2020/8/28,135.1994074
2020/8/29,38.6284021
2020/8/30,27.03988147
2020/8/31,158.3764486
2020/9/1,169.9649692
2020/9/2,166.102129
2020/9/3,193.1420105
2020/9/4,200.8676909
2020/9/5,54.07976294
2020/9/6,27.03988147
2020/9/7,42.49124231
2020/9/8,173.8278095
2020/9/9,150.6507682
2020/9/10,146.787928
2020/9/11,146.787928
2020/9/12,38.6284021
2020/9/13,27.03988147
2020/9/14,135.1994074
2020/9/15,139.0622476
2020/9/16,123.6108867
2020/9/17,139.0622476
2020/9/18,146.787928
2020/9/19,38.6284021
2020/9/20,27.03988147
2020/9/21,154.5136084
2020/9/22,158.3764486
2020/9/23,166.102129
2020/9/24,139.0622476
2020/9/25,127.4737269
2020/9/26,34.76556189
2020/9/27,23.17704126
2020/9/28,115.8852063
2020/9/29,108.1595259
2020/9/30,108.1595259
2020/10/1,108.1595259
2020/10/2,138.7263484
2020/10/3,37.62070465
2020/10/4,21.16164637
2020/10/5,115.213408
2020/10/6,131.6724663
2020/10/7,122.2672901
2020/10/8,112.862114
2020/10/9,122.2672901
2020/10/10,37.62070465
2020/10/11,21.16164637
2020/10/12,157.5367007
2020/10/13,178.6983471
2020/10/14,134.0237603
2020/10/15,117.564702
2020/10/16,131.6724663
2020/10/17,44.67458678
2020/10/18,25.86423445
2020/10/19,119.9159961
2020/10/20,115.213408
2020/10/21,115.213408
2020/10/22,119.9159961
2020/10/23,105.8082318
2020/10/24,32.91811657
2020/10/25,23.51294041
2020/10/26,115.213408
2020/10/27,119.9159961
2020/10/28,138.7263484
2020/10/29,235.1294041
2020/10/30,228.075522
2020/10/31,42.32329274
2020/11/1,28.21552849
2020/11/2,148.1315246
2020/11/3,134.0237603
2020/11/4,138.7263484
2020/11/5,136.3750544
2020/11/6,122.2672901
2020/11/7,32.91811657
2020/11/8,28.21552849
2020/11/9,176.3470531
2020/11/10,159.8879948
2020/11/11,141.0776425
2020/11/12,124.6185842
2020/11/13,110.5108199
2020/11/14,37.62070465
2020/11/15,25.86423445
2020/11/16,124.6185842
2020/11/17,129.3211722
2020/11/18,105.8082318
2020/11/19,105.8082318
2020/11/20,110.5108199
2020/11/21,32.91811657
2020/11/22,25.86423445
2020/11/23,105.8082318
2020/11/24,129.3211722
2020/11/25,108.1595259
2020/11/26,49.37717486
2020/11/27,89.34917355
2020/11/28,35.26941061
2020/11/29,30.56682253
2020/11/30,103.4569378
2020/12/1,110.5108199
2020/12/2,112.862114
2020/12/3,101.1056438
2020/12/4,94.05176164
2020/12/5,32.91811657
2020/12/6,21.16164637
2020/12/7,105.8082318
2020/12/8,98.75434972
2020/12/9,101.1056438
2020/12/10,101.1056438
2020/12/11,84.64658547
2020/12/12,35.26941061
2020/12/13,25.86423445
2020/12/14,101.1056438
2020/12/15,103.4569378
2020/12/16,103.4569378
2020/12/17,115.213408
2020/12/18,98.75434972
2020/12/19,37.62070465
2020/12/20,23.51294041
2020/12/21,98.75434972
2020/12/22,91.70046759
2020/12/23,91.70046759
2020/12/24,75.24140931
2020/12/25,28.21552849
2020/12/26,35.26941061
2020/12/27,23.51294041
2020/12/28,105.8082318
2020/12/29,124.6185842
2020/12/30,110.5108199
2020/12/31,91.70046759
2021/1/1,35.26941061
2021/1/2,27.43176381
2021/1/3,23.51294041
2021/1/4,109.7270552
2021/1/5,113.6458786
2021/1/6,109.7270552
2021/1/7,137.1588191
2021/1/8,125.4023488
2021/1/9,39.18823401
2021/1/10,23.51294041
2021/1/11,101.8894084
2021/1/12,105.8082318
2021/1/13,101.8894084
2021/1/14,105.8082318
2021/1/15,97.97058504
2021/1/16,31.35058721
2021/1/17,23.51294041
2021/1/18,39.18823401
2021/1/19,97.97058504
2021/1/20,129.3211722
2021/1/21,137.1588191
2021/1/22,117.564702
2021/1/23,35.26941061
2021/1/24,27.43176381
2021/1/25,117.564702
2021/1/26,113.6458786
2021/1/27,133.2399957
2021/1/28,125.4023488
2021/1/29,113.6458786
2021/1/30,39.18823401
2021/1/31,31.35058721
2021/2/1,141.0776425
2021/2/2,391.8823401
2021/2/3,391.8823401
2021/2/4,160.6717595
2021/2/5,125.4023488
2021/2/6,39.18823401
2021/2/7,27.43176381
2021/2/8,101.8894084
2021/2/9,101.8894084
2021/2/10,101.8894084
2021/2/11,94.05176164
2021/2/12,97.97058504
2021/2/13,31.35058721
2021/2/14,23.51294041
2021/2/15,35.26941061
2021/2/16,90.13293823
2021/2/17,94.05176164
2021/2/18,90.13293823
2021/2/19,94.05176164
2021/2/20,31.35058721
2021/2/21,23.51294041
2021/2/22,78.37646803
2021/2/23,121.4835254
2021/2/24,97.97058504
2021/2/25,101.8894084
2021/2/26,117.564702
2021/2/27,35.26941061
2021/2/28,23.51294041
2021/3/1,97.97058504
2021/3/2,82.29529143
2021/3/3,94.05176164
2021/3/4,109.7270552
2021/3/5,125.4023488
2021/3/6,35.26941061
2021/3/7,27.43176381
2021/3/8,97.97058504
2021/3/9,109.7270552
2021/3/10,101.8894084
2021/3/11,86.21411483
2021/3/12,90.13293823
2021/3/13,27.43176381
2021/3/14,15.67529361
2021/3/15,90.13293823
2021/3/16,78.37646803
2021/3/17,86.21411483
2021/3/18,97.97058504
2021/3/19,90.13293823
2021/3/20,23.51294041
2021/3/21,23.51294041
2021/3/22,82.29529143
2021/3/23,86.21411483
2021/3/24,78.37646803
2021/3/25,74.45764463
2021/3/26,82.29529143
2021/3/27,27.43176381
2021/3/28,19.59411701
2021/3/29,90.13293823
2021/3/30,74.45764463
2021/3/31,86.21411483
2021/4/1,86.21411483
2021/4/2,50.05980861
2021/4/3,19.46770335
2021/4/4,16.68660287
2021/4/5,83.43301435
2021/4/6,91.77631579
2021/4/7,86.21411483
2021/4/8,91.77631579
2021/4/9,97.33851675
2021/4/10,33.37320574
2021/4/11,19.46770335
2021/4/12,91.77631579
2021/4/13,102.9007177
2021/4/14,91.77631579
2021/4/15,100.1196172
2021/4/16,83.43301435
2021/4/17,25.02990431
2021/4/18,22.24880383
2021/4/19,77.8708134
2021/4/20,88.99521531
2021/4/21,72.30861244
2021/4/22,72.30861244
2021/4/23,77.8708134
2021/4/24,22.24880383
2021/4/25,16.68660287
2021/4/26,97.33851675
2021/4/27,122.3684211
2021/4/28,139.0550239
2021/4/29,278.1100478
2021/4/30,253.0801435
2021/5/1,41.71650718
2021/5/2,30.59210526
2021/5/3,105.6818182
2021/5/4,111.2440191
2021/5/5,88.99521531
2021/5/6,97.33851675
2021/5/7,88.99521531
2021/5/8,25.02990431
2021/5/9,19.46770335
2021/5/10,83.43301435
2021/5/11,116.8062201
2021/5/12,100.1196172
2021/5/13,105.6818182
2021/5/14,80.65191388
2021/5/15,19.46770335
2021/5/16,19.46770335
2021/5/17,83.43301435
2021/5/18,91.77631579
2021/5/19,80.65191388
2021/5/20,75.08971292
2021/5/21,77.8708134
2021/5/22,22.24880383
2021/5/23,19.46770335
2021/5/24,83.43301435
2021/5/25,77.8708134
2021/5/26,97.33851675
2021/5/27,77.8708134
2021/5/28,72.30861244
2021/5/29,16.68660287
2021/5/30,13.90550239
2021/5/31,25.02990431
2021/6/1,69.52751196
2021/6/2,63.965311
2021/6/3,72.30861244
2021/6/4,66.74641148
2021/6/5,25.02990431
2021/6/6,16.68660287
2021/6/7,66.74641148
2021/6/8,75.08971292
2021/6/9,72.30861244
2021/6/10,80.65191388
2021/6/11,86.21411483
2021/6/12,27.81100478
2021/6/13,16.68660287
2021/6/14,72.30861244
2021/6/15,80.65191388
2021/6/16,72.30861244
2021/6/17,86.21411483
2021/6/18,97.33851675
2021/6/19,30.59210526
2021/6/20,19.46770335
2021/6/21,75.08971292
2021/6/22,91.77631579
2021/6/23,86.21411483
2021/6/24,105.6818182
2021/6/25,86.21411483
2021/6/26,25.02990431
2021/6/27,16.68660287
2021/6/28,80.65191388
2021/6/29,75.08971292
2021/6/30,72.30861244
2021/7/1,66.74641148
2021/7/2,79.46001367
2021/7/3,28.60560492
2021/7/4,19.07040328
2021/7/5,38.14080656
2021/7/6,143.0280246
2021/7/7,158.9200273
2021/7/8,136.6712235
2021/7/9,123.9576213
2021/7/10,28.60560492
2021/7/11,19.07040328
2021/7/12,92.17361586
2021/7/13,104.887218
2021/7/14,98.53041695
2021/7/15,98.53041695
2021/7/16,85.81681476
2021/7/17,25.42720437
2021/7/18,19.07040328
2021/7/19,98.53041695
2021/7/20,114.4224197
2021/7/21,98.53041695
2021/7/22,85.81681476
2021/7/23,88.99521531
2021/7/24,28.60560492
2021/7/25,22.24880383
2021/7/26,92.17361586
2021/7/27,108.0656186
2021/7/28,104.887218
2021/7/29,209.7744361
2021/7/30,317.8400547
2021/7/31,60.38961039
2021/8/1,41.31920711
2021/8/2,130.3144224
2021/8/3,108.0656186
2021/8/4,108.0656186
2021/8/5,95.3520164
2021/8/6,88.99521531
2021/8/7,22.24880383
2021/8/8,12.71360219
2021/8/9,82.63841422
2021/8/10,79.46001367
2021/8/11,85.81681476
2021/8/12,82.63841422
2021/8/13,76.28161312
2021/8/14,31.78400547
2021/8/15,19.07040328
2021/8/16,76.28161312
2021/8/17,88.99521531
2021/8/18,88.99521531
2021/8/19,98.53041695
2021/8/20,95.3520164
2021/8/21,28.60560492
2021/8/22,19.07040328
2021/8/23,92.17361586
2021/8/24,123.9576213
2021/8/25,79.46001367
2021/8/26,79.46001367
2021/8/27,76.28161312
2021/8/28,22.24880383
2021/8/29,15.89200273
2021/8/30,88.99521531
2021/8/31,98.53041695
2021/9/1,92.17361586
2021/9/2,85.81681476
2021/9/3,85.81681476
2021/9/4,19.07040328
2021/9/5,19.07040328
2021/9/6,25.42720437
2021/9/7,76.28161312
2021/9/8,73.10321258
2021/9/9,76.28161312
2021/9/10,73.10321258
2021/9/11,22.24880383
2021/9/12,19.07040328
2021/9/13,69.92481203
2021/9/14,63.56801094
2021/9/15,63.56801094
2021/9/16,63.56801094
2021/9/17,63.56801094
2021/9/18,15.89200273
2021/9/19,19.07040328
2021/9/20,76.28161312
2021/9/21,79.46001367
2021/9/22,60.38961039
2021/9/23,63.56801094
2021/9/24,63.56801094
2021/9/25,15.89200273
2021/9/26,15.89200273
2021/9/27,63.56801094
2021/9/28,79.46001367
2021/9/29,69.92481203
2021/9/30,69.92481203
2021/10/1,66.74641148
2021/10/2,19.37799043
2021/10/3,15.07177033
2021/10/4,81.81818182
2021/10/5,81.81818182
2021/10/6,81.81818182
2021/10/7,75.35885167
2021/10/8,62.44019139
2021/10/9,17.22488038
2021/10/10,10.76555024
2021/10/11,64.59330144
2021/10/12,64.59330144
2021/10/13,62.44019139
2021/10/14,66.74641148
2021/10/15,83.97129187
2021/10/16,25.83732057
2021/10/17,21.53110048
2021/10/18,71.05263158
2021/10/19,77.51196172
2021/10/20,75.35885167
2021/10/21,71.05263158
2021/10/22,68.89952153
2021/10/23,19.37799043
2021/10/24,17.22488038
2021/10/25,83.97129187
2021/10/26,96.88995215
2021/10/27,94.73684211
2021/10/28,215.3110048
2021/10/29,211.0047847
2021/10/30,34.44976077
2021/10/31,21.53110048
2021/11/1,75.35885167
2021/11/2,77.51196172
2021/11/3,83.97129187
2021/11/4,101.1961722
2021/11/5,101.1961722
2021/11/6,25.83732057
2021/11/7,19.37799043
2021/11/8,79.66507177
2021/11/9,86.12440191
2021/11/10,90.43062201
2021/11/11,77.51196172
2021/11/12,75.35885167
2021/11/13,21.53110048
2021/11/14,21.53110048
2021/11/15,68.89952153
2021/11/16,75.35885167
2021/11/17,75.35885167
2021/11/18,96.88995215
2021/11/19,111.9617225
2021/11/20,27.99043062
2021/11/21,19.37799043
2021/11/22,92.58373206
2021/11/23,81.81818182
2021/11/24,66.74641148
2021/11/25,30.14354067
2021/11/26,79.66507177
2021/11/27,23.68421053
2021/11/28,19.37799043
2021/11/29,90.43062201
2021/11/30,79.66507177
2021/12/1,88.27751196
2021/12/2,75.35885167
2021/12/3,71.05263158
2021/12/4,27.99043062
2021/12/5,21.53110048
2021/12/6,71.05263158
2021/12/7,92.58373206
2021/12/8,90.43062201
2021/12/9,75.35885167
2021/12/10,79.66507177
2021/12/11,21.53110048
2021/12/12,19.37799043
2021/12/13,64.59330144
2021/12/14,77.51196172
2021/12/15,73.20574163
2021/12/16,75.35885167
2021/12/17,73.20574163
2021/12/18,30.14354067
2021/12/19,17.22488038
2021/12/20,75.35885167
2021/12/21,71.05263158
2021/12/22,73.20574163
2021/12/23,79.66507177
2021/12/24,30.14354067
2021/12/25,17.22488038
2021/12/26,15.07177033
2021/12/27,71.05263158
2021/12/28,77.51196172
2021/12/29,68.89952153
2021/12/30,60.28708134
2021/12/31,51.67464115
2022/1/1,21.53110048
2022/1/2,17.22488038
2022/1/3,73.20574163
2022/1/4,55.98086124
2022/1/5,51.67464115
2022/1/6,47.36842105
2022/1/7,73.20574163
2022/1/8,21.53110048
2022/1/9,17.22488038
2022/1/10,73.20574163
2022/1/11,73.20574163
2022/1/12,60.28708134
2022/1/13,47.36842105
2022/1/14,55.98086124
2022/1/15,17.22488038
2022/1/16,12.91866029
2022/1/17,25.83732057
2022/1/18,68.89952153
2022/1/19,55.98086124
2022/1/20,73.20574163
2022/1/21,129.1866029
2022/1/22,55.98086124
2022/1/23,34.44976077
2022/1/24,137.7990431
2022/1/25,103.3492823
2022/1/26,94.73684211
2022/1/27,86.12440191
2022/1/28,99.0430622
2022/1/29,34.44976077
2022/1/30,21.53110048
2022/1/31,90.43062201
2022/2/1,94.73684211
2022/2/2,142.1052632
2022/2/3,430.6220096
2022/2/4,404.784689
2022/2/5,68.89952153
2022/2/6,25.83732057
2022/2/7,133.492823
2022/2/8,111.9617225
2022/2/9,99.0430622
2022/2/10,73.20574163
2022/2/11,77.51196172
2022/2/12,25.83732057
2022/2/13,21.53110048
2022/2/14,77.51196172
2022/2/15,81.81818182
2022/2/16,68.89952153
2022/2/17,73.20574163
2022/2/18,73.20574163
2022/2/19,30.14354067
2022/2/20,17.22488038
2022/2/21,30.14354067
2022/2/22,77.51196172
2022/2/23,73.20574163
2022/2/24,116.2679426
2022/2/25,81.81818182
2022/2/26,21.53110048
2022/2/27,17.22488038
2022/2/28,68.89952153
2022/3/1,55.98086124
2022/3/2,64.59330144
2022/3/3,64.59330144
2022/3/4,68.89952153
2022/3/5,25.83732057
2022/3/6,12.91866029
2022/3/7,86.12440191
2022/3/8,86.12440191
2022/3/9,150.7177033
2022/3/10,249.7607656
2022/3/11,129.1866029
2022/3/12,38.75598086
2022/3/13,25.83732057
2022/3/14,103.3492823
2022/3/15,90.43062201
2022/3/16,103.3492823
2022/3/17,99.0430622
2022/3/18,111.9617225
2022/3/19,34.44976077
2022/3/20,21.53110048
2022/3/21,90.43062201
2022/3/22,90.43062201
2022/3/23,86.12440191
2022/3/24,86.12440191
2022/3/25,77.51196172
2022/3/26,30.14354067
2022/3/27,21.53110048
2022/3/28,90.43062201
2022/3/29,94.73684211
2022/3/30,86.12440191
2022/3/31,81.81818182
2022/4/1,81.81818182
2022/4/2,28.63636364
2022/4/3,16.36363636
2022/4/4,85.90909091
2022/4/5,69.54545455
2022/4/6,77.72727273
2022/4/7,73.63636364
2022/4/8,69.54545455
2022/4/9,24.54545455
2022/4/10,20.45454545
2022/4/11,73.63636364
2022/4/12,77.72727273
2022/4/13,73.63636364
2022/4/14,77.72727273
2022/4/15,40.90909091
2022/4/16,16.36363636
2022/4/17,16.36363636
2022/4/18,73.63636364
2022/4/19,73.63636364
2022/4/20,85.90909091
2022/4/21,81.81818182
2022/4/22,85.90909091
2022/4/23,32.72727273
2022/4/24,24.54545455
2022/4/25,90
2022/4/26,110.4545455
2022/4/27,110.4545455
2022/4/28,319.0909091
2022/4/29,409.0909091
2022/4/30,98.18181818
2022/5/1,40.90909091
2022/5/2,200.4545455
2022/5/3,126.8181818
2022/5/4,122.7272727
2022/5/5,163.6363636
2022/5/6,151.3636364
2022/5/7,40.90909091
2022/5/8,24.54545455
2022/5/9,167.7272727
2022/5/10,147.2727273
2022/5/11,151.3636364
2022/5/12,143.1818182
2022/5/13,126.8181818
2022/5/14,40.90909091
2022/5/15,24.54545455
2022/5/16,106.3636364
2022/5/17,102.2727273
2022/5/18,118.6363636
2022/5/19,114.5454545
2022/5/20,106.3636364
2022/5/21,36.81818182
2022/5/22,24.54545455
2022/5/23,106.3636364
2022/5/24,130.9090909
2022/5/25,110.4545455
2022/5/26,118.6363636
2022/5/27,106.3636364
2022/5/28,32.72727273
2022/5/29,24.54545455
2022/5/30,36.81818182
2022/5/31,143.1818182
2022/6/1,143.1818182
2022/6/2,126.8181818
2022/6/3,159.5454545
2022/6/4,49.09090909
2022/6/5,40.90909091
2022/6/6,343.6363636
2022/6/7,233.1818182
2022/6/8,159.5454545
2022/6/9,135
2022/6/10,159.5454545
2022/6/11,45
2022/6/12,32.72727273
2022/6/13,184.0909091
2022/6/14,155.4545455
2022/6/15,135
2022/6/16,143.1818182
2022/6/17,110.4545455
2022/6/18,36.81818182
2022/6/19,24.54545455
2022/6/20,57.27272727
2022/6/21,122.7272727
2022/6/22,114.5454545
2022/6/23,98.18181818
2022/6/24,106.3636364
2022/6/25,28.63636364
2022/6/26,24.54545455
2022/6/27,102.2727273
2022/6/28,98.18181818
2022/6/29,90
2022/6/30,94.09090909
2022/7/1,90
2022/7/2,30
2022/7/3,19
2022/7/4,22
2022/7/5,100
2022/7/6,97
2022/7/7,94
2022/7/8,91
2022/7/9,31
2022/7/10,18
2022/7/11,88
2022/7/12,92
2022/7/13,92
2022/7/14,89
2022/7/15,92
2022/7/16,28
2022/7/17,23
2022/7/18,84
2022/7/19,83
