Date,META
2012/1/1,30.4752774
2012/1/2,38.57027296
2012/1/3,39.99880159
2012/1/4,42.85585885
2012/1/5,42.37968264
2012/1/6,39.52262538
2012/1/7,33.33233466
2012/1/8,32.37998224
2012/1/9,39.52262538
2012/1/10,39.99880159
2012/1/11,42.85585885
2012/1/12,44.28438748
2012/1/13,41.90350643
2012/1/14,33.80851087
2012/1/15,36.66556813
2012/1/16,40.95115401
2012/1/17,44.28438748
2012/1/18,44.28438748
2012/1/19,45.7129161
2012/1/20,42.37968264
2012/1/21,32.85615845
2012/1/22,34.76086329
2012/1/23,43.33203506
2012/1/24,42.37968264
2012/1/25,43.80821127
2012/1/26,46.18909231
2012/1/27,39.52262538
2012/1/28,33.80851087
2012/1/29,32.85615845
2012/1/30,41.90350643
2012/1/31,45.7129161
2012/2/1,47.14144473
2012/2/2,45.2367399
2012/2/3,39.04644917
2012/2/4,31.90380603
2012/2/5,34.76086329
2012/2/6,42.37968264
2012/2/7,40.4749778
2012/2/8,42.85585885
2012/2/9,45.7129161
2012/2/10,41.90350643
2012/2/11,33.80851087
2012/2/12,33.33233466
2012/2/13,41.90350643
2012/2/14,40.95115401
2012/2/15,42.37968264
2012/2/16,43.33203506
2012/2/17,37.61792054
2012/2/18,33.33233466
2012/2/19,34.28468708
2012/2/20,43.33203506
2012/2/21,44.28438748
2012/2/22,41.90350643
2012/2/23,47.61762094
2012/2/24,44.76056369
2012/2/25,36.18939192
2012/2/26,37.14174434
2012/2/27,40.4749778
2012/2/28,43.33203506
2012/2/29,43.33203506
2012/3/1,45.7129161
2012/3/2,40.95115401
2012/3/3,36.18939192
2012/3/4,37.61792054
2012/3/5,42.85585885
2012/3/6,41.90350643
2012/3/7,43.80821127
2012/3/8,43.80821127
2012/3/9,40.95115401
2012/3/10,32.37998224
2012/3/11,35.2370395
2012/3/12,41.42733022
2012/3/13,40.95115401
2012/3/14,45.7129161
2012/3/15,44.76056369
2012/3/16,40.4749778
2012/3/17,33.33233466
2012/3/18,34.76086329
2012/3/19,41.90350643
2012/3/20,39.52262538
2012/3/21,43.33203506
2012/3/22,43.80821127
2012/3/23,43.80821127
2012/3/24,34.76086329
2012/3/25,31.90380603
2012/3/26,42.37968264
2012/3/27,39.99880159
2012/3/28,39.04644917
2012/3/29,45.7129161
2012/3/30,39.52262538
2012/3/31,32.37998224
2012/4/1,33.80851087
2012/4/2,40.06934622
2012/4/3,40.06934622
2012/4/4,40.69542975
2012/4/5,38.19109561
2012/4/6,36.31284501
2012/4/7,32.5563438
2012/4/8,35.06067794
2012/4/9,39.44326268
2012/4/10,41.32151328
2012/4/11,43.19976389
2012/4/12,43.82584742
2012/4/13,40.06934622
2012/4/14,36.31284501
2012/4/15,41.32151328
2012/4/16,43.19976389
2012/4/17,45.07801449
2012/4/18,38.19109561
2012/4/19,46.33018156
2012/4/20,43.82584742
2012/4/21,36.93892854
2012/4/22,41.32151328
2012/4/23,62.60835346
2012/4/24,58.22576872
2012/4/25,57.59968518
2012/4/26,55.09535105
2012/4/27,45.07801449
2012/4/28,36.93892854
2012/4/29,36.93892854
2012/4/30,40.06934622
2012/5/1,38.81717915
2012/5/2,43.82584742
2012/5/3,45.07801449
2012/5/4,39.44326268
2012/5/5,35.68676147
2012/5/6,35.06067794
2012/5/7,42.57368035
2012/5/8,41.32151328
2012/5/9,42.57368035
2012/5/10,41.94759682
2012/5/11,43.82584742
2012/5/12,36.31284501
2012/5/13,37.56501208
2012/5/14,39.44326268
2012/5/15,50.08668277
2012/5/16,44.45193096
2012/5/17,44.45193096
2012/5/18,40.69542975
2012/5/19,38.19109561
2012/5/20,39.44326268
2012/5/21,39.44326268
2012/5/22,44.45193096
2012/5/23,45.70409803
2012/5/24,46.33018156
2012/5/25,40.06934622
2012/5/26,33.18242733
2012/5/27,32.5563438
2012/5/28,41.32151328
2012/5/29,46.9562651
2012/5/30,42.57368035
2012/5/31,45.07801449
2012/6/1,39.44326268
2012/6/2,37.56501208
2012/6/3,35.68676147
2012/6/4,40.06934622
2012/6/5,36.93892854
2012/6/6,38.81717915
2012/6/7,41.32151328
2012/6/8,40.06934622
2012/6/9,30.6780932
2012/6/10,30.05200966
2012/6/11,39.44326268
2012/6/12,40.69542975
2012/6/13,39.44326268
2012/6/14,41.94759682
2012/6/15,41.32151328
2012/6/16,32.5563438
2012/6/17,31.93026027
2012/6/18,40.06934622
2012/6/19,41.94759682
2012/6/20,44.45193096
2012/6/21,40.69542975
2012/6/22,39.44326268
2012/6/23,32.5563438
2012/6/24,30.6780932
2012/6/25,39.44326268
2012/6/26,41.32151328
2012/6/27,38.81717915
2012/6/28,42.57368035
2012/6/29,38.19109561
2012/6/30,34.4345944
2012/7/1,28.79984259
2012/7/2,38.0901144
2012/7/3,41.80622312
2012/7/4,43.19976389
2012/7/5,43.19976389
2012/7/6,38.0901144
2012/7/7,32.51595131
2012/7/8,30.65789695
2012/7/9,39.94816876
2012/7/10,38.0901144
2012/7/11,41.34170953
2012/7/12,43.19976389
2012/7/13,37.62560081
2012/7/14,32.05143772
2012/7/15,30.65789695
2012/7/16,41.34170953
2012/7/17,41.34170953
2012/7/18,39.94816876
2012/7/19,42.7352503
2012/7/20,37.62560081
2012/7/21,32.9804649
2012/7/22,32.51595131
2012/7/23,38.0901144
2012/7/24,40.87719594
2012/7/25,41.80622312
2012/7/26,43.66427748
2012/7/27,40.87719594
2012/7/28,30.19338336
2012/7/29,32.9804649
2012/7/30,36.23206004
2012/7/31,39.01914158
2012/8/1,38.55462799
2012/8/2,42.7352503
2012/8/3,43.19976389
2012/8/4,32.05143772
2012/8/5,30.19338336
2012/8/6,36.69657363
2012/8/7,45.98684543
2012/8/8,42.7352503
2012/8/9,44.12879107
2012/8/10,38.0901144
2012/8/11,33.44497849
2012/8/12,33.44497849
2012/8/13,39.94816876
2012/8/14,42.27073671
2012/8/15,38.0901144
2012/8/16,45.52233184
2012/8/17,39.94816876
2012/8/18,31.12241054
2012/8/19,35.76754645
2012/8/20,39.01914158
2012/8/21,39.48365517
2012/8/22,45.05781825
2012/8/23,45.05781825
2012/8/24,41.80622312
2012/8/25,32.9804649
2012/8/26,35.30303286
2012/8/27,41.34170953
2012/8/28,39.94816876
2012/8/29,40.41268235
2012/8/30,46.45135902
2012/8/31,40.87719594
2012/9/1,32.51595131
2012/9/2,30.19338336
2012/9/3,39.48365517
2012/9/4,43.19976389
2012/9/5,43.66427748
2012/9/6,43.66427748
2012/9/7,36.69657363
2012/9/8,31.58692413
2012/9/9,34.37400567
2012/9/10,40.41268235
2012/9/11,42.7352503
2012/9/12,40.87719594
2012/9/13,46.45135902
2012/9/14,39.48365517
2012/9/15,33.90949208
2012/9/16,34.83851926
2012/9/17,42.7352503
2012/9/18,40.87719594
2012/9/19,41.34170953
2012/9/20,45.05781825
2012/9/21,43.19976389
2012/9/22,32.51595131
2012/9/23,31.12241054
2012/9/24,39.94816876
2012/9/25,39.94816876
2012/9/26,41.34170953
2012/9/27,45.98684543
2012/9/28,41.34170953
2012/9/29,34.37400567
2012/9/30,37.16108722
2012/10/1,44.59330466
2012/10/2,42.27073671
2012/10/3,45.05781825
2012/10/4,44.59330466
2012/10/5,41.80622312
2012/10/6,31.12241054
2012/10/7,32.9804649
2012/10/8,41.34170953
2012/10/9,41.34170953
2012/10/10,41.34170953
2012/10/11,43.66427748
2012/10/12,39.48365517
2012/10/13,31.58692413
2012/10/14,31.12241054
2012/10/15,38.55462799
2012/10/16,43.19976389
2012/10/17,40.41268235
2012/10/18,44.59330466
2012/10/19,41.34170953
2012/10/20,30.19338336
2012/10/21,32.51595131
2012/10/22,42.27073671
2012/10/23,40.41268235
2012/10/24,40.41268235
2012/10/25,43.19976389
2012/10/26,38.55462799
2012/10/27,30.65789695
2012/10/28,32.05143772
2012/10/29,40.87719594
2012/10/30,39.01914158
2012/10/31,39.48365517
2012/11/1,40.87719594
2012/11/2,36.23206004
2012/11/3,32.05143772
2012/11/4,32.9804649
2012/11/5,44.59330466
2012/11/6,39.48365517
2012/11/7,39.94816876
2012/11/8,46.45135902
2012/11/9,39.94816876
2012/11/10,34.83851926
2012/11/11,31.58692413
2012/11/12,37.62560081
2012/11/13,43.19976389
2012/11/14,38.0901144
2012/11/15,41.80622312
2012/11/16,36.69657363
2012/11/17,32.05143772
2012/11/18,30.65789695
2012/11/19,38.0901144
2012/11/20,39.01914158
2012/11/21,40.41268235
2012/11/22,40.87719594
2012/11/23,40.41268235
2012/11/24,32.05143772
2012/11/25,32.51595131
2012/11/26,39.01914158
2012/11/27,38.0901144
2012/11/28,38.55462799
2012/11/29,42.7352503
2012/11/30,39.94816876
2012/12/1,32.9804649
2012/12/2,37.62560081
2012/12/3,38.55462799
2012/12/4,39.01914158
2012/12/5,39.01914158
2012/12/6,39.94816876
2012/12/7,37.62560081
2012/12/8,31.12241054
2012/12/9,37.62560081
2012/12/10,39.01914158
2012/12/11,36.69657363
2012/12/12,38.0901144
2012/12/13,40.41268235
2012/12/14,36.69657363
2012/12/15,31.12241054
2012/12/16,30.65789695
2012/12/17,34.83851926
2012/12/18,35.30303286
2012/12/19,37.62560081
2012/12/20,38.0901144
2012/12/21,32.05143772
2012/12/22,26.01276105
2012/12/23,28.335329
2012/12/24,28.79984259
2012/12/25,29.26435618
2012/12/26,33.44497849
2012/12/27,36.69657363
2012/12/28,32.9804649
2012/12/29,30.19338336
2012/12/30,27.87081541
2012/12/31,26.01276105
2013/1/1,26.94178823
2013/1/2,36.24895144
2013/1/3,39.18805561
2013/1/4,36.73880213
2013/1/5,32.81999657
2013/1/6,28.90119101
2013/1/7,35.75910074
2013/1/8,36.24895144
2013/1/9,40.167757
2013/1/10,40.65760769
2013/1/11,39.6779063
2013/1/12,30.3707431
2013/1/13,30.86059379
2013/1/14,40.167757
2013/1/15,41.63730909
2013/1/16,38.69820491
2013/1/17,46.04596534
2013/1/18,36.24895144
2013/1/19,32.81999657
2013/1/20,30.3707431
2013/1/21,34.77939935
2013/1/22,37.71850352
2013/1/23,42.61701048
2013/1/24,44.57641326
2013/1/25,38.20835422
2013/1/26,31.84029518
2013/1/27,31.35044449
2013/1/28,40.65760769
2013/1/29,42.61701048
2013/1/30,42.61701048
2013/1/31,39.18805561
2013/2/1,37.22865283
2013/2/2,29.39104171
2013/2/3,31.84029518
2013/2/4,40.65760769
2013/2/5,45.55611465
2013/2/6,42.61701048
2013/2/7,43.59671187
2013/2/8,37.22865283
2013/2/9,31.35044449
2013/2/10,31.84029518
2013/2/11,37.22865283
2013/2/12,38.69820491
2013/2/13,44.08656256
2013/2/14,40.65760769
2013/2/15,40.65760769
2013/2/16,29.8808924
2013/2/17,32.81999657
2013/2/18,43.10686117
2013/2/19,45.55611465
2013/2/20,43.10686117
2013/2/21,46.04596534
2013/2/22,40.167757
2013/2/23,34.28954866
2013/2/24,30.86059379
2013/2/25,42.12715978
2013/2/26,43.10686117
2013/2/27,39.18805561
2013/2/28,45.55611465
2013/3/1,39.18805561
2013/3/2,29.8808924
2013/3/3,33.30984727
2013/3/4,43.10686117
2013/3/5,48.98506951
2013/3/6,39.18805561
2013/3/7,47.02566673
2013/3/8,38.20835422
2013/3/9,33.79969796
2013/3/10,34.77939935
2013/3/11,42.61701048
2013/3/12,42.61701048
2013/3/13,44.08656256
2013/3/14,43.59671187
2013/3/15,43.10686117
2013/3/16,32.33014588
2013/3/17,34.28954866
2013/3/18,36.24895144
2013/3/19,42.61701048
2013/3/20,44.57641326
2013/3/21,44.57641326
2013/3/22,40.65760769
2013/3/23,29.8808924
2013/3/24,29.8808924
2013/3/25,37.71850352
2013/3/26,38.20835422
2013/3/27,44.08656256
2013/3/28,38.69820491
2013/3/29,33.30984727
2013/3/30,28.90119101
2013/3/31,31.84029518
2013/4/1,36.73880213
2013/4/2,42.19997542
2013/4/3,41.70350512
2013/4/4,43.19291602
2013/4/5,39.71762393
2013/4/6,31.77409914
2013/4/7,32.76703974
2013/4/8,41.70350512
2013/4/9,41.70350512
2013/4/10,40.71056453
2013/4/11,44.68232692
2013/4/12,37.73174273
2013/4/13,31.27762884
2013/4/14,32.76703974
2013/4/15,36.73880213
2013/4/16,43.19291602
2013/4/17,45.17879722
2013/4/18,43.19291602
2013/4/19,42.19997542
2013/4/20,31.27762884
2013/4/21,31.27762884
2013/4/22,42.19997542
2013/4/23,44.68232692
2013/4/24,44.18585662
2013/4/25,49.64702991
2013/4/26,39.22115363
2013/4/27,34.25645064
2013/4/28,31.77409914
2013/4/29,36.24233183
2013/4/30,41.70350512
2013/5/1,36.24233183
2013/5/2,44.18585662
2013/5/3,40.71056453
2013/5/4,35.74586154
2013/5/5,30.78115854
2013/5/6,35.74586154
2013/5/7,43.19291602
2013/5/8,41.20703483
2013/5/9,42.69644572
2013/5/10,36.73880213
2013/5/11,29.29174765
2013/5/12,30.78115854
2013/5/13,37.23527243
2013/5/14,44.18585662
2013/5/15,41.20703483
2013/5/16,46.66820812
2013/5/17,38.22821303
2013/5/18,32.76703974
2013/5/19,33.75998034
2013/5/20,40.71056453
2013/5/21,41.20703483
2013/5/22,43.19291602
2013/5/23,44.68232692
2013/5/24,36.73880213
2013/5/25,29.78821795
2013/5/26,38.22821303
2013/5/27,44.68232692
2013/5/28,39.71762393
2013/5/29,41.20703483
2013/5/30,43.68938632
2013/5/31,36.24233183
2013/6/1,31.27762884
2013/6/2,30.78115854
2013/6/3,37.73174273
2013/6/4,41.20703483
2013/6/5,41.70350512
2013/6/6,44.68232692
2013/6/7,36.24233183
2013/6/8,33.75998034
2013/6/9,32.27056944
2013/6/10,38.22821303
2013/6/11,40.71056453
2013/6/12,41.70350512
2013/6/13,42.69644572
2013/6/14,37.73174273
2013/6/15,32.76703974
2013/6/16,31.77409914
2013/6/17,41.20703483
2013/6/18,42.19997542
2013/6/19,40.71056453
2013/6/20,46.66820812
2013/6/21,37.23527243
2013/6/22,32.76703974
2013/6/23,30.78115854
2013/6/24,37.73174273
2013/6/25,41.70350512
2013/6/26,43.19291602
2013/6/27,46.17173782
2013/6/28,37.73174273
2013/6/29,33.75998034
2013/6/30,28.79527735
2013/7/1,36.24233183
2013/7/2,38.69113804
2013/7/3,37.71161556
2013/7/4,47.99660162
2013/7/5,37.71161556
2013/7/6,32.32424191
2013/7/7,33.79352563
2013/7/8,46.03755666
2013/7/9,43.58875045
2013/7/10,43.09898921
2013/7/11,47.99660162
2013/7/12,41.62970549
2013/7/13,32.81400315
2013/7/14,33.79352563
2013/7/15,42.60922797
2013/7/16,42.60922797
2013/7/17,42.60922797
2013/7/18,38.69113804
2013/7/19,37.71161556
2013/7/20,31.83448067
2013/7/21,32.81400315
2013/7/22,36.24233183
2013/7/23,38.2013768
2013/7/24,36.24233183
2013/7/25,42.60922797
2013/7/26,38.2013768
2013/7/27,31.83448067
2013/7/28,30.85495818
2013/7/29,42.11946673
2013/7/30,36.73209308
2013/7/31,42.60922797
2013/8/1,44.07851169
2013/8/2,38.69113804
2013/8/3,30.36519694
2013/8/4,31.83448067
2013/8/5,37.22185432
2013/8/6,40.16042176
2013/8/7,35.26280935
2013/8/8,37.71161556
2013/8/9,39.18089928
2013/8/10,31.83448067
2013/8/11,32.81400315
2013/8/12,37.71161556
2013/8/13,44.07851169
2013/8/14,38.2013768
2013/8/15,45.54779541
2013/8/16,37.71161556
2013/8/17,31.34471942
2013/8/18,32.32424191
2013/8/19,39.67066052
2013/8/20,42.60922797
2013/8/21,44.56827293
2013/8/22,47.01707914
2013/8/23,37.22185432
2013/8/24,31.83448067
2013/8/25,33.79352563
2013/8/26,37.71161556
2013/8/27,45.54779541
2013/8/28,40.650183
2013/8/29,46.5273179
2013/8/30,36.73209308
2013/8/31,30.85495818
2013/9/1,30.85495818
2013/9/2,42.11946673
2013/9/3,42.11946673
2013/9/4,43.58875045
2013/9/5,46.5273179
2013/9/6,41.62970549
2013/9/7,30.85495818
2013/9/8,29.8754357
2013/9/9,41.13994424
2013/9/10,43.09898921
2013/9/11,40.16042176
2013/9/12,42.60922797
2013/9/13,37.22185432
2013/9/14,32.81400315
2013/9/15,33.79352563
2013/9/16,42.60922797
2013/9/17,40.650183
2013/9/18,43.58875045
2013/9/19,43.58875045
2013/9/20,36.73209308
2013/9/21,31.34471942
2013/9/22,31.83448067
2013/9/23,44.07851169
2013/9/24,46.5273179
2013/9/25,42.11946673
2013/9/26,48.9761241
2013/9/27,42.11946673
2013/9/28,30.36519694
2013/9/29,33.79352563
2013/9/30,42.60922797
2013/10/1,41.13994424
2013/10/2,42.59194228
2013/10/3,45.49593834
2013/10/4,44.04394031
2013/10/5,29.03996064
2013/10/6,32.9119554
2013/10/7,42.10794293
2013/10/8,42.59194228
2013/10/9,43.07594162
2013/10/10,45.49593834
2013/10/11,38.23594818
2013/10/12,31.45995736
2013/10/13,31.94395671
2013/10/14,35.81595146
2013/10/15,41.13994424
2013/10/16,42.10794293
2013/10/17,45.49593834
2013/10/18,38.23594818
2013/10/19,30.49195868
2013/10/20,31.45995736
2013/10/21,41.62394359
2013/10/22,45.97993769
2013/10/23,41.62394359
2013/10/24,47.43193572
2013/10/25,44.52793965
2013/10/26,33.39595474
2013/10/27,34.36395343
2013/10/28,39.68794621
2013/10/29,43.55994097
2013/10/30,43.55994097
2013/10/31,45.49593834
2013/11/1,36.78395015
2013/11/2,32.9119554
2013/11/3,31.94395671
2013/11/4,39.68794621
2013/11/5,43.07594162
2013/11/6,42.10794293
2013/11/7,46.94793637
2013/11/8,41.13994424
2013/11/9,36.2999508
2013/11/10,33.39595474
2013/11/11,41.62394359
2013/11/12,41.62394359
2013/11/13,46.46393703
2013/11/14,43.07594162
2013/11/15,42.59194228
2013/11/16,32.42795605
2013/11/17,29.52395999
2013/11/18,40.17194556
2013/11/19,41.62394359
2013/11/20,44.04394031
2013/11/21,48.39993441
2013/11/22,43.55994097
2013/11/23,33.39595474
2013/11/24,32.42795605
2013/11/25,42.10794293
2013/11/26,42.10794293
2013/11/27,40.17194556
2013/11/28,45.011939
2013/11/29,40.17194556
2013/11/30,30.97595802
2013/12/1,42.59194228
2013/12/2,43.55994097
2013/12/3,41.13994424
2013/12/4,41.62394359
2013/12/5,45.011939
2013/12/6,40.17194556
2013/12/7,30.00795933
2013/12/8,32.9119554
2013/12/9,39.20394687
2013/12/10,44.04394031
2013/12/11,38.71994752
2013/12/12,43.07594162
2013/12/13,36.2999508
2013/12/14,30.00795933
2013/12/15,32.9119554
2013/12/16,40.6559449
2013/12/17,37.26794949
2013/12/18,41.13994424
2013/12/19,43.07594162
2013/12/20,34.36395343
2013/12/21,29.03996064
2013/12/22,27.58796261
2013/12/23,31.45995736
2013/12/24,30.49195868
2013/12/25,28.07196196
2013/12/26,30.97595802
2013/12/27,33.87995408
2013/12/28,28.07196196
2013/12/29,29.52395999
2013/12/30,31.94395671
2013/12/31,29.52395999
2014/1/1,30.49195868
2014/1/2,35.9369513
2014/1/3,37.02594982
2014/1/4,31.03645794
2014/1/5,31.03645794
2014/1/6,35.9369513
2014/1/7,40.29294539
2014/1/8,40.83744465
2014/1/9,45.73793801
2014/1/10,42.47094244
2014/1/11,29.40296015
2014/1/12,31.5809572
2014/1/13,41.92644318
2014/1/14,41.92644318
2014/1/15,40.83744465
2014/1/16,44.10444023
2014/1/17,39.74844613
2014/1/18,32.66995572
2014/1/19,32.12545646
2014/1/20,39.74844613
2014/1/21,40.29294539
2014/1/22,41.92644318
2014/1/23,44.64893949
2014/1/24,41.92644318
2014/1/25,32.66995572
2014/1/26,31.5809572
2014/1/27,40.29294539
2014/1/28,43.0154417
2014/1/29,41.38194392
2014/1/30,45.19343875
2014/1/31,42.47094244
2014/2/1,32.66995572
2014/2/2,32.66995572
2014/2/3,39.74844613
2014/2/4,43.55994097
2014/2/5,43.0154417
2014/2/6,50.09393211
2014/2/7,43.55994097
2014/2/8,31.03645794
2014/2/9,32.66995572
2014/2/10,43.55994097
2014/2/11,42.47094244
2014/2/12,44.10444023
2014/2/13,44.64893949
2014/2/14,38.65944761
2014/2/15,29.40296015
2014/2/16,30.49195868
2014/2/17,44.64893949
2014/2/18,44.10444023
2014/2/19,41.38194392
2014/2/20,46.28243728
2014/2/21,44.64893949
2014/2/22,33.75895425
2014/2/23,32.12545646
2014/2/24,45.73793801
2014/2/25,43.55994097
2014/2/26,41.92644318
2014/2/27,47.3714358
2014/2/28,43.0154417
2014/3/1,32.12545646
2014/3/2,31.5809572
2014/3/3,39.74844613
2014/3/4,39.74844613
2014/3/5,44.64893949
2014/3/6,54.44992621
2014/3/7,43.55994097
2014/3/8,34.84795277
2014/3/9,33.21445499
2014/3/10,46.28243728
2014/3/11,44.64893949
2014/3/12,43.0154417
2014/3/13,44.64893949
2014/3/14,41.38194392
2014/3/15,32.66995572
2014/3/16,34.84795277
2014/3/17,43.0154417
2014/3/18,45.19343875
2014/3/19,42.47094244
2014/3/20,47.3714358
2014/3/21,43.0154417
2014/3/22,31.03645794
2014/3/23,31.03645794
2014/3/24,40.29294539
2014/3/25,41.92644318
2014/3/26,44.10444023
2014/3/27,45.73793801
2014/3/28,43.0154417
2014/3/29,33.21445499
2014/3/30,32.66995572
2014/3/31,42.47094244
2014/4/1,42.47094244
2014/4/2,41.98277069
2014/4/3,46.86448821
2014/4/4,43.44728595
2014/4/5,32.21933564
2014/4/6,34.66019441
2014/4/7,43.44728595
2014/4/8,42.95911419
2014/4/9,41.98277069
2014/4/10,46.37631646
2014/4/11,41.49459894
2014/4/12,34.66019441
2014/4/13,31.24299214
2014/4/14,41.49459894
2014/4/15,39.54191193
2014/4/16,44.42362945
2014/4/17,47.84083172
2014/4/18,34.66019441
2014/4/19,31.73116389
2014/4/20,30.75482039
2014/4/21,36.12470966
2014/4/22,41.00642718
2014/4/23,42.95911419
2014/4/24,48.32900347
2014/4/25,43.44728595
2014/4/26,32.7075074
2014/4/27,31.73116389
2014/4/28,42.95911419
2014/4/29,38.56556842
2014/4/30,40.03008368
2014/5/1,41.98277069
2014/5/2,38.56556842
2014/5/3,31.73116389
2014/5/4,34.17202265
2014/5/5,40.03008368
2014/5/6,42.47094244
2014/5/7,41.00642718
2014/5/8,48.81717522
2014/5/9,41.49459894
2014/5/10,30.75482039
2014/5/11,33.19567915
2014/5/12,44.9118012
2014/5/13,44.42362945
2014/5/14,44.42362945
2014/5/15,48.81717522
2014/5/16,42.47094244
2014/5/17,31.24299214
2014/5/18,33.19567915
2014/5/19,44.9118012
2014/5/20,44.42362945
2014/5/21,42.95911419
2014/5/22,47.35265996
2014/5/23,42.47094244
2014/5/24,32.7075074
2014/5/25,31.73116389
2014/5/26,45.39997295
2014/5/27,43.9354577
2014/5/28,43.9354577
2014/5/29,44.42362945
2014/5/30,42.95911419
2014/5/31,35.14836616
2014/6/1,35.14836616
2014/6/2,40.51825543
2014/6/3,41.98277069
2014/6/4,43.9354577
2014/6/5,44.9118012
2014/6/6,39.05374018
2014/6/7,32.21933564
2014/6/8,32.7075074
2014/6/9,42.47094244
2014/6/10,43.44728595
2014/6/11,42.47094244
2014/6/12,45.88814471
2014/6/13,39.54191193
2014/6/14,31.24299214
2014/6/15,31.73116389
2014/6/16,41.49459894
2014/6/17,42.95911419
2014/6/18,46.37631646
2014/6/19,46.86448821
2014/6/20,38.56556842
2014/6/21,33.6838509
2014/6/22,34.66019441
2014/6/23,40.03008368
2014/6/24,43.44728595
2014/6/25,43.44728595
2014/6/26,45.88814471
2014/6/27,38.07739667
2014/6/28,29.77847688
2014/6/29,35.14836616
2014/6/30,37.58922492
2014/7/1,40.03008368
2014/7/2,43.0703432
2014/7/3,47.12402256
2014/7/4,38.003244
2014/7/5,33.94956464
2014/7/6,30.90930512
2014/7/7,41.04350352
2014/7/8,39.52337376
2014/7/9,37.49653408
2014/7/10,47.12402256
2014/7/11,42.05692336
2014/7/12,32.42943488
2014/7/13,31.41601504
2014/7/14,39.52337376
2014/7/15,43.57705312
2014/7/16,40.5367936
2014/7/17,45.09718288
2014/7/18,36.98982416
2014/7/19,30.4025952
2014/7/20,31.92272496
2014/7/21,41.55021344
2014/7/22,42.56363328
2014/7/23,43.0703432
2014/7/24,50.670992
2014/7/25,39.01666384
2014/7/26,32.9361448
2014/7/27,31.92272496
2014/7/28,43.0703432
2014/7/29,42.05692336
2014/7/30,43.0703432
2014/7/31,45.09718288
2014/8/1,38.50995392
2014/8/2,30.90930512
2014/8/3,35.4696944
2014/8/4,41.55021344
2014/8/5,41.55021344
2014/8/6,42.05692336
2014/8/7,45.6038928
2014/8/8,42.56363328
2014/8/9,32.42943488
2014/8/10,33.94956464
2014/8/11,45.6038928
2014/8/12,41.55021344
2014/8/13,47.63073248
2014/8/14,49.65757216
2014/8/15,39.52337376
2014/8/16,33.94956464
2014/8/17,34.96298448
2014/8/18,39.52337376
2014/8/19,43.0703432
2014/8/20,46.61731264
2014/8/21,48.64415232
2014/8/22,41.55021344
2014/8/23,31.92272496
2014/8/24,35.97640432
2014/8/25,41.55021344
2014/8/26,42.56363328
2014/8/27,45.6038928
2014/8/28,46.61731264
2014/8/29,41.04350352
2014/8/30,32.42943488
2014/8/31,31.41601504
2014/9/1,41.04350352
2014/9/2,41.55021344
2014/9/3,42.56363328
2014/9/4,46.61731264
2014/9/5,42.56363328
2014/9/6,31.41601504
2014/9/7,31.92272496
2014/9/8,42.05692336
2014/9/9,42.56363328
2014/9/10,44.59047296
2014/9/11,48.1374424
2014/9/12,45.6038928
2014/9/13,32.42943488
2014/9/14,34.96298448
2014/9/15,44.59047296
2014/9/16,45.09718288
2014/9/17,44.08376304
2014/9/18,46.61731264
2014/9/19,42.56363328
2014/9/20,33.44285472
2014/9/21,31.92272496
2014/9/22,43.57705312
2014/9/23,42.05692336
2014/9/24,43.0703432
2014/9/25,46.11060272
2014/9/26,40.5367936
2014/9/27,34.96298448
2014/9/28,34.96298448
2014/9/29,43.0703432
2014/9/30,45.09718288
2014/10/1,42.05692336
2014/10/2,47.31403878
2014/10/3,40.55489038
2014/10/4,34.54675847
2014/10/5,34.54675847
2014/10/6,42.05692336
2014/10/7,43.55895634
2014/10/8,42.80793985
2014/10/9,47.31403878
2014/10/10,42.80793985
2014/10/11,35.29777496
2014/10/12,30.79167603
2014/10/13,42.80793985
2014/10/14,45.06098931
2014/10/15,42.80793985
2014/10/16,47.31403878
2014/10/17,40.55489038
2014/10/18,32.29370901
2014/10/19,33.79574199
2014/10/20,43.55895634
2014/10/21,41.30590687
2014/10/22,44.30997283
2014/10/23,45.8120058
2014/10/24,42.05692336
2014/10/25,31.54269252
2014/10/26,32.29370901
2014/10/27,42.80793985
2014/10/28,42.80793985
2014/10/29,42.80793985
2014/10/30,49.56708825
2014/10/31,42.80793985
2014/11/1,34.54675847
2014/11/2,37.55082443
2014/11/3,44.30997283
2014/11/4,42.80793985
2014/11/5,46.56302229
2014/11/6,48.81607176
2014/11/7,42.05692336
2014/11/8,32.29370901
2014/11/9,38.30184092
2014/11/10,43.55895634
2014/11/11,42.80793985
2014/11/12,44.30997283
2014/11/13,48.06505527
2014/11/14,43.55895634
2014/11/15,35.29777496
2014/11/16,35.29777496
2014/11/17,41.30590687
2014/11/18,45.06098931
2014/11/19,45.06098931
2014/11/20,47.31403878
2014/11/21,42.80793985
2014/11/22,35.29777496
2014/11/23,33.79574199
2014/11/24,44.30997283
2014/11/25,42.80793985
2014/11/26,45.06098931
2014/11/27,47.31403878
2014/11/28,39.80387389
2014/11/29,35.29777496
2014/11/30,42.80793985
2014/12/1,42.80793985
2014/12/2,43.55895634
2014/12/3,45.8120058
2014/12/4,51.06912122
2014/12/5,42.80793985
2014/12/6,34.54675847
2014/12/7,75.10164886
2014/12/8,59.3303026
2014/12/9,48.06505527
2014/12/10,45.8120058
2014/12/11,48.06505527
2014/12/12,42.05692336
2014/12/13,34.54675847
2014/12/14,37.55082443
2014/12/15,41.30590687
2014/12/16,41.30590687
2014/12/17,42.05692336
2014/12/18,45.8120058
2014/12/19,35.29777496
2014/12/20,33.79574199
2014/12/21,30.79167603
2014/12/22,35.29777496
2014/12/23,33.0447255
2014/12/24,30.04065954
2014/12/25,34.54675847
2014/12/26,33.79574199
2014/12/27,31.54269252
2014/12/28,28.53862657
2014/12/29,36.04879145
2014/12/30,33.79574199
2014/12/31,30.79167603
2015/1/1,38.30184092
2015/1/2,36.70593088
2015/1/3,32.98214079
2015/1/4,34.57805083
2015/1/5,42.55760102
2015/1/6,39.89775096
2015/1/7,39.36578094
2015/1/8,47.34533113
2015/1/9,42.02563101
2015/1/10,32.98214079
2015/1/11,32.98214079
2015/1/12,38.83381093
2015/1/13,39.36578094
2015/1/14,43.62154104
2015/1/15,43.62154104
2015/1/16,45.21745108
2015/1/17,31.38623075
2015/1/18,33.5141108
2015/1/19,42.55760102
2015/1/20,44.68548107
2015/1/21,44.68548107
2015/1/22,46.28139111
2015/1/23,40.96169098
2015/1/24,34.57805083
2015/1/25,32.45017078
2015/1/26,43.08957103
2015/1/27,40.96169098
2015/1/28,43.08957103
2015/1/29,44.68548107
2015/1/30,44.68548107
2015/1/31,34.57805083
2015/2/1,36.17396087
2015/2/2,42.02563101
2015/2/3,44.15351106
2015/2/4,47.87730115
2015/2/5,49.47321118
2015/2/6,42.55760102
2015/2/7,34.04608082
2015/2/8,29.79032071
2015/2/9,45.21745108
2015/2/10,47.34533113
2015/2/11,44.68548107
2015/2/12,48.40927116
2015/2/13,44.68548107
2015/2/14,32.98214079
2015/2/15,33.5141108
2015/2/16,43.62154104
2015/2/17,45.7494211
2015/2/18,45.21745108
2015/2/19,48.40927116
2015/2/20,47.87730115
2015/2/21,37.23790089
2015/2/22,34.57805083
2015/2/23,45.21745108
2015/2/24,44.68548107
2015/2/25,45.21745108
2015/2/26,49.47321118
2015/2/27,42.55760102
2015/2/28,42.55760102
2015/3/1,42.02563101
2015/3/2,46.28139111
2015/3/3,46.81336112
2015/3/4,43.62154104
2015/3/5,53.19700127
2015/3/6,45.21745108
2015/3/7,36.17396087
2015/3/8,32.45017078
2015/3/9,46.28139111
2015/3/10,44.68548107
2015/3/11,42.55760102
2015/3/12,48.94124117
2015/3/13,43.62154104
2015/3/14,35.64199085
2015/3/15,33.5141108
2015/3/16,44.15351106
2015/3/17,44.68548107
2015/3/18,47.87730115
2015/3/19,52.66503126
2015/3/20,45.7494211
2015/3/21,34.57805083
2015/3/22,34.57805083
2015/3/23,43.08957103
2015/3/24,44.68548107
2015/3/25,46.81336112
2015/3/26,50.53715121
2015/3/27,45.7494211
2015/3/28,34.04608082
2015/3/29,35.64199085
2015/3/30,44.15351106
2015/3/31,42.02563101
2015/4/1,42.55760102
2015/4/2,46.37687291
2015/4/3,36.01027779
2015/4/4,34.91905725
2015/4/5,33.28222644
2015/4/6,43.64882156
2015/4/7,48.55931398
2015/4/8,42.01199075
2015/4/9,52.92419614
2015/4/10,46.92248317
2015/4/11,33.82783671
2015/4/12,35.46466752
2015/4/13,45.83126264
2015/4/14,46.92248317
2015/4/15,42.55760102
2015/4/16,53.46980641
2015/4/17,44.19443183
2015/4/18,31.64539563
2015/4/19,38.73832913
2015/4/20,44.7400421
2015/4/21,46.37687291
2015/4/22,45.83126264
2015/4/23,50.19614479
2015/4/24,44.7400421
2015/4/25,35.46466752
2015/4/26,34.91905725
2015/4/27,45.28565237
2015/4/28,49.65053452
2015/4/29,45.83126264
2015/4/30,53.46980641
2015/5/1,40.37515994
2015/5/2,34.37344698
2015/5/3,34.37344698
2015/5/4,44.7400421
2015/5/5,48.01370371
2015/5/6,44.7400421
2015/5/7,54.56102695
2015/5/8,45.28565237
2015/5/9,35.46466752
2015/5/10,33.28222644
2015/5/11,46.92248317
2015/5/12,46.37687291
2015/5/13,44.7400421
2015/5/14,48.01370371
2015/5/15,42.55760102
2015/5/16,37.10149832
2015/5/17,37.10149832
2015/5/18,43.10321129
2015/5/19,44.7400421
2015/5/20,45.28565237
2015/5/21,52.37858587
2015/5/22,45.28565237
2015/5/23,32.73661617
2015/5/24,34.37344698
2015/5/25,43.10321129
2015/5/26,44.19443183
2015/5/27,46.92248317
2015/5/28,51.28736533
2015/5/29,44.7400421
2015/5/30,36.55588805
2015/5/31,42.55760102
2015/6/1,42.55760102
2015/6/2,46.37687291
2015/6/3,45.83126264
2015/6/4,49.10492425
2015/6/5,44.19443183
2015/6/6,32.1910059
2015/6/7,34.91905725
2015/6/8,41.46638048
2015/6/9,44.19443183
2015/6/10,44.19443183
2015/6/11,48.55931398
2015/6/12,44.7400421
2015/6/13,34.91905725
2015/6/14,34.37344698
2015/6/15,39.2839394
2015/6/16,43.10321129
2015/6/17,45.83126264
2015/6/18,48.01370371
2015/6/19,40.92077021
2015/6/20,34.37344698
2015/6/21,36.01027779
2015/6/22,43.10321129
2015/6/23,44.19443183
2015/6/24,43.64882156
2015/6/25,46.37687291
2015/6/26,43.64882156
2015/6/27,35.46466752
2015/6/28,35.46466752
2015/6/29,39.2839394
2015/6/30,40.92077021
2015/7/1,44.19443183
2015/7/2,53.1527626
2015/7/3,42.40276567
2015/7/4,34.04165695
2015/7/5,34.638879
2015/7/6,43.59720978
2015/7/7,45.38887593
2015/7/8,42.40276567
2015/7/9,45.98609798
2015/7/10,40.01387747
2015/7/11,34.04165695
2015/7/12,35.23610105
2015/7/13,40.01387747
2015/7/14,42.40276567
2015/7/15,43.59720978
2015/7/16,48.97220824
2015/7/17,42.99998772
2015/7/18,35.23610105
2015/7/19,33.4444349
2015/7/20,41.80554362
2015/7/21,42.40276567
2015/7/22,42.99998772
2015/7/23,45.98609798
2015/7/24,42.99998772
2015/7/25,33.4444349
2015/7/26,32.84721284
2015/7/27,44.19443183
2015/7/28,41.20832157
2015/7/29,45.98609798
2015/7/30,50.16665234
2015/7/31,50.16665234
2015/8/1,42.40276567
2015/8/2,38.22221131
2015/8/3,49.56943029
2015/8/4,54.94442876
2015/8/5,59.72220517
2015/8/6,57.33331697
2015/8/7,53.74998466
2015/8/8,44.79165388
2015/8/9,38.81943336
2015/8/10,45.98609798
2015/8/11,47.18054209
2015/8/12,46.58332003
2015/8/13,51.9583185
2015/8/14,42.99998772
2015/8/15,37.02776721
2015/8/16,35.8333231
2015/8/17,44.19443183
2015/8/18,50.16665234
2015/8/19,42.99998772
2015/8/20,53.74998466
2015/8/21,45.38887593
2015/8/22,34.638879
2015/8/23,35.8333231
2015/8/24,42.40276567
2015/8/25,51.36109645
2015/8/26,47.18054209
2015/8/27,51.36109645
2015/8/28,45.98609798
2015/8/29,35.8333231
2015/8/30,35.8333231
2015/8/31,45.38887593
2015/9/1,48.97220824
2015/9/2,47.18054209
2015/9/3,56.73609491
2015/9/4,44.79165388
2015/9/5,36.43054516
2015/9/6,40.61109952
2015/9/7,41.80554362
2015/9/8,46.58332003
2015/9/9,49.56943029
2015/9/10,54.94442876
2015/9/11,45.98609798
2015/9/12,34.638879
2015/9/13,38.22221131
2015/9/14,44.79165388
2015/9/15,45.98609798
2015/9/16,47.18054209
2015/9/17,51.36109645
2015/9/18,46.58332003
2015/9/19,35.23610105
2015/9/20,35.8333231
2015/9/21,45.98609798
2015/9/22,45.38887593
2015/9/23,46.58332003
2015/9/24,51.9583185
2015/9/25,45.98609798
2015/9/26,39.41665541
2015/9/27,38.22221131
2015/9/28,45.38887593
2015/9/29,47.77776414
2015/9/30,50.16665234
2015/10/1,50.7638744
2015/10/2,40.72915504
2015/10/3,38.95832221
2015/10/4,38.3680446
2015/10/5,47.81248635
2015/10/6,43.68054309
2015/10/7,47.22220874
2015/10/8,50.7638744
2015/10/9,46.63193113
2015/10/10,41.31943265
2015/10/11,37.77776699
2015/10/12,43.09026548
2015/10/13,49.58331918
2015/10/14,49.58331918
2015/10/15,53.12498483
2015/10/16,46.04165352
2015/10/17,40.13887743
2015/10/18,41.31943265
2015/10/19,50.7638744
2015/10/20,45.45137591
2015/10/21,50.17359679
2015/10/22,56.07637288
2015/10/23,47.22220874
2015/10/24,38.95832221
2015/10/25,47.81248635
2015/10/26,59.02776093
2015/10/27,48.99304157
2015/10/28,53.12498483
2015/10/29,54.89581766
2015/10/30,41.90971026
2015/10/31,41.90971026
2015/11/1,40.13887743
2015/11/2,49.58331918
2015/11/3,48.99304157
2015/11/4,44.27082069
2015/11/5,48.99304157
2015/11/6,46.04165352
2015/11/7,37.77776699
2015/11/8,42.49998787
2015/11/9,44.27082069
2015/11/10,44.27082069
2015/11/11,48.99304157
2015/11/12,53.12498483
2015/11/13,43.68054309
2015/11/14,41.31943265
2015/11/15,38.95832221
2015/11/16,43.09026548
2015/11/17,43.68054309
2015/11/18,47.22220874
2015/11/19,54.89581766
2015/11/20,44.8610983
2015/11/21,33.05554612
2015/11/22,34.23610134
2015/11/23,44.8610983
2015/11/24,50.7638744
2015/11/25,48.40276396
2015/11/26,51.35415201
2015/11/27,40.72915504
2015/11/28,41.90971026
2015/11/29,42.49998787
2015/11/30,43.09026548
2015/12/1,47.22220874
2015/12/2,50.17359679
2015/12/3,55.48609527
2015/12/4,46.04165352
2015/12/5,37.77776699
2015/12/6,39.54859982
2015/12/7,40.72915504
2015/12/8,41.90971026
2015/12/9,42.49998787
2015/12/10,50.7638744
2015/12/11,41.31943265
2015/12/12,36.59721177
2015/12/13,38.95832221
2015/12/14,49.58331918
2015/12/15,46.63193113
2015/12/16,48.99304157
2015/12/17,54.30554005
2015/12/18,42.49998787
2015/12/19,34.82637895
2015/12/20,33.64582373
2015/12/21,39.54859982
2015/12/22,38.95832221
2015/12/23,40.13887743
2015/12/24,48.40276396
2015/12/25,33.05554612
2015/12/26,33.05554612
2015/12/27,34.23610134
2015/12/28,38.95832221
2015/12/29,41.31943265
2015/12/30,40.13887743
2015/12/31,46.04165352
2016/1/1,33.64582373
2016/1/2,34.76735119
2016/1/3,33.08506
2016/1/4,42.61804339
2016/1/5,43.17880712
2016/1/6,42.05727966
2016/1/7,45.42186203
2016/1/8,42.61804339
2016/1/9,35.32811491
2016/1/10,33.08506
2016/1/11,40.37498847
2016/1/12,43.73957085
2016/1/13,42.61804339
2016/1/14,51.59026305
2016/1/15,42.05727966
2016/1/16,32.52429627
2016/1/17,34.20658746
2016/1/18,43.73957085
2016/1/19,40.37498847
2016/1/20,44.8610983
2016/1/21,53.27255424
2016/1/22,44.30033458
2016/1/23,39.25346102
2016/1/24,34.20658746
2016/1/25,43.73957085
2016/1/26,45.98262576
2016/1/27,47.66491695
2016/1/28,46.54338949
2016/1/29,44.30033458
2016/1/30,34.76735119
2016/1/31,35.32811491
2016/2/1,42.05727966
2016/2/2,44.8610983
2016/2/3,44.30033458
2016/2/4,48.22568068
2016/2/5,41.49651593
2016/2/6,34.20658746
2016/2/7,34.76735119
2016/2/8,43.73957085
2016/2/9,44.30033458
2016/2/10,51.02949932
2016/2/11,53.27255424
2016/2/12,47.10415322
2016/2/13,39.81422474
2016/2/14,49.34720813
2016/2/15,51.02949932
2016/2/16,45.42186203
2016/2/17,49.90797186
2016/2/18,56.07637288
2016/2/19,45.98262576
2016/2/20,33.64582373
2016/2/21,42.05727966
2016/2/22,45.98262576
2016/2/23,48.78644441
2016/2/24,47.10415322
2016/2/25,51.02949932
2016/2/26,44.8610983
2016/2/27,35.88887864
2016/2/28,39.81422474
2016/2/29,47.66491695
2016/3/1,45.98262576
2016/3/2,45.98262576
2016/3/3,52.15102678
2016/3/4,43.17880712
2016/3/5,38.13193356
2016/3/6,37.57116983
2016/3/7,44.8610983
2016/3/8,42.05727966
2016/3/9,42.61804339
2016/3/10,52.15102678
2016/3/11,44.8610983
2016/3/12,34.20658746
2016/3/13,33.64582373
2016/3/14,45.98262576
2016/3/15,46.54338949
2016/3/16,45.98262576
2016/3/17,48.22568068
2016/3/18,40.37498847
2016/3/19,33.08506
2016/3/20,33.64582373
2016/3/21,43.17880712
2016/3/22,42.61804339
2016/3/23,46.54338949
2016/3/24,45.42186203
2016/3/25,42.61804339
2016/3/26,33.64582373
2016/3/27,37.0104061
2016/3/28,47.10415322
2016/3/29,44.30033458
2016/3/30,45.42186203
2016/3/31,52.15102678
2016/4/1,45.42186203
2016/4/2,36.55905968
2016/4/3,38.77476027
2016/4/4,48.19148777
2016/4/5,47.63756262
2016/4/6,44.31401174
2016/4/7,50.40718835
2016/4/8,47.08363747
2016/4/9,36.00513454
2016/4/10,36.00513454
2016/4/11,44.86793689
2016/4/12,45.42186203
2016/4/13,46.52971233
2016/4/14,53.17681409
2016/4/15,43.76008659
2016/4/16,39.88261057
2016/4/17,35.45120939
2016/4/18,48.74541291
2016/4/19,45.42186203
2016/4/20,49.85326321
2016/4/21,50.9611135
2016/4/22,42.6522363
2016/4/23,34.3433591
2016/4/24,34.3433591
2016/4/25,46.52971233
2016/4/26,46.52971233
2016/4/27,52.06896379
2016/4/28,53.17681409
2016/4/29,45.42186203
2016/4/30,37.11298483
2016/5/1,39.88261057
2016/5/2,44.86793689
2016/5/3,46.52971233
2016/5/4,47.63756262
2016/5/5,52.62288894
2016/5/6,44.31401174
2016/5/7,35.45120939
2016/5/8,34.89728424
2016/5/9,43.76008659
2016/5/10,49.85326321
2016/5/11,49.85326321
2016/5/12,54.28466438
2016/5/13,44.86793689
2016/5/14,40.99046086
2016/5/15,35.45120939
2016/5/16,45.97578718
2016/5/17,47.63756262
2016/5/18,49.85326321
2016/5/19,54.28466438
2016/5/20,48.19148777
2016/5/21,38.22083513
2016/5/22,33.78943395
2016/5/23,47.08363747
2016/5/24,51.51503865
2016/5/25,53.17681409
2016/5/26,54.83858953
2016/5/27,43.20616145
2016/5/28,34.89728424
2016/5/29,37.66690998
2016/5/30,44.31401174
2016/5/31,47.63756262
2016/6/1,50.40718835
2016/6/2,55.39251467
2016/6/3,46.52971233
2016/6/4,37.66690998
2016/6/5,34.3433591
2016/6/6,44.31401174
2016/6/7,47.08363747
2016/6/8,47.08363747
2016/6/9,53.73073923
2016/6/10,44.86793689
2016/6/11,36.00513454
2016/6/12,34.89728424
2016/6/13,42.6522363
2016/6/14,48.19148777
2016/6/15,45.42186203
2016/6/16,48.19148777
2016/6/17,45.97578718
2016/6/18,34.89728424
2016/6/19,33.78943395
2016/6/20,40.43653571
2016/6/21,42.09831115
2016/6/22,44.86793689
2016/6/23,47.63756262
2016/6/24,43.20616145
2016/6/25,36.00513454
2016/6/26,34.3433591
2016/6/27,42.09831115
2016/6/28,47.08363747
2016/6/29,43.76008659
2016/6/30,50.40718835
2016/7/1,44.86793689
2016/7/2,34.59696338
2016/7/3,34.59696338
2016/7/4,43.78678178
2016/7/5,44.32735933
2016/7/6,44.32735933
2016/7/7,45.94909199
2016/7/8,43.24620423
2016/7/9,34.59696338
2016/7/10,30.27234296
2016/7/11,42.70562667
2016/7/12,40.54331646
2016/7/13,43.24620423
2016/7/14,45.40851444
2016/7/15,40.54331646
2016/7/16,32.43465317
2016/7/17,33.51580828
2016/7/18,43.24620423
2016/7/19,44.32735933
2016/7/20,44.32735933
2016/7/21,42.70562667
2016/7/22,40.00273891
2016/7/23,35.13754093
2016/7/24,33.51580828
2016/7/25,47.0302471
2016/7/26,43.24620423
2016/7/27,42.16504912
2016/7/28,47.57082465
2016/7/29,42.16504912
2016/7/30,34.59696338
2016/7/31,34.05638583
2016/8/1,43.78678178
2016/8/2,44.86793689
2016/8/3,43.78678178
2016/8/4,49.19255731
2016/8/5,43.24620423
2016/8/6,35.67811849
2016/8/7,34.05638583
2016/8/8,42.16504912
2016/8/9,40.00273891
2016/8/10,42.16504912
2016/8/11,44.86793689
2016/8/12,42.16504912
2016/8/13,35.13754093
2016/8/14,34.59696338
2016/8/15,40.00273891
2016/8/16,45.40851444
2016/8/17,43.78678178
2016/8/18,49.19255731
2016/8/19,44.32735933
2016/8/20,32.43465317
2016/8/21,33.51580828
2016/8/22,42.16504912
2016/8/23,46.48966954
2016/8/24,44.32735933
2016/8/25,49.73313486
2016/8/26,45.40851444
2016/8/27,35.67811849
2016/8/28,36.21869604
2016/8/29,47.0302471
2016/8/30,42.70562667
2016/8/31,43.24620423
2016/9/1,51.35486752
2016/9/2,45.40851444
2016/9/3,34.59696338
2016/9/4,35.67811849
2016/9/5,42.16504912
2016/9/6,46.48966954
2016/9/7,41.62447157
2016/9/8,54.05775528
2016/9/9,45.40851444
2016/9/10,36.21869604
2016/9/11,36.21869604
2016/9/12,45.40851444
2016/9/13,45.94909199
2016/9/14,44.32735933
2016/9/15,48.65197976
2016/9/16,42.70562667
2016/9/17,32.97523072
2016/9/18,35.67811849
2016/9/19,45.94909199
2016/9/20,42.16504912
2016/9/21,45.40851444
2016/9/22,48.65197976
2016/9/23,38.9215838
2016/9/24,32.97523072
2016/9/25,37.29985115
2016/9/26,42.16504912
2016/9/27,43.24620423
2016/9/28,46.48966954
2016/9/29,54.05775528
2016/9/30,43.78678178
2016/10/1,32.97523072
2016/10/2,35.21083959
2016/10/3,44.71217725
2016/10/4,48.62449276
2016/10/5,45.82998168
2016/10/6,53.6546127
2016/10/7,42.47656839
2016/10/8,35.21083959
2016/10/9,31.85742629
2016/10/10,43.59437282
2016/10/11,46.3888839
2016/10/12,43.59437282
2016/10/13,50.86010162
2016/10/14,43.03547061
2016/10/15,35.21083959
2016/10/16,35.21083959
2016/10/17,40.79986174
2016/10/18,43.59437282
2016/10/19,45.27107947
2016/10/20,53.6546127
2016/10/21,42.47656839
2016/10/22,35.21083959
2016/10/23,35.7697418
2016/10/24,44.71217725
2016/10/25,46.3888839
2016/10/26,46.94778611
2016/10/27,50.86010162
2016/10/28,42.47656839
2016/10/29,34.65193737
2016/10/30,34.09303515
2016/10/31,45.27107947
2016/11/1,44.15327504
2016/11/2,43.03547061
2016/11/3,49.18339498
2016/11/4,45.27107947
2016/11/5,34.65193737
2016/11/6,43.59437282
2016/11/7,43.59437282
2016/11/8,46.3888839
2016/11/9,39.1231551
2016/11/10,49.18339498
2016/11/11,44.15327504
2016/11/12,33.53413294
2016/11/13,35.21083959
2016/11/14,42.47656839
2016/11/15,44.15327504
2016/11/16,44.15327504
2016/11/17,53.09571049
2016/11/18,45.27107947
2016/11/19,34.09303515
2016/11/20,35.7697418
2016/11/21,43.59437282
2016/11/22,44.15327504
2016/11/23,44.71217725
2016/11/24,51.41900384
2016/11/25,43.59437282
2016/11/26,30.73962186
2016/11/27,34.65193737
2016/11/28,43.59437282
2016/11/29,44.15327504
2016/11/30,44.71217725
2016/12/1,55.89022157
2016/12/2,44.15327504
2016/12/3,40.79986174
2016/12/4,51.41900384
2016/12/5,46.94778611
2016/12/6,46.3888839
2016/12/7,46.94778611
2016/12/8,52.53680827
2016/12/9,44.15327504
2016/12/10,35.21083959
2016/12/11,44.15327504
2016/12/12,46.94778611
2016/12/13,46.3888839
2016/12/14,43.59437282
2016/12/15,52.53680827
2016/12/16,41.91766617
2016/12/17,34.65193737
2016/12/18,32.41632851
2016/12/19,41.35876396
2016/12/20,40.79986174
2016/12/21,43.59437282
2016/12/22,47.50668833
2016/12/23,37.44644845
2016/12/24,29.62181743
2016/12/25,29.06291521
2016/12/26,32.97523072
2016/12/27,38.00535066
2016/12/28,38.00535066
2016/12/29,48.62449276
2016/12/30,34.09303515
2016/12/31,29.06291521
2017/1/1,32.41632851
2017/1/2,38.65023784
2017/1/3,41.14380157
2017/1/4,42.39058343
2017/1/5,51.11805649
2017/1/6,42.39058343
2017/1/7,38.65023784
2017/1/8,37.40345597
2017/1/9,41.14380157
2017/1/10,43.6373653
2017/1/11,43.6373653
2017/1/12,49.87127463
2017/1/13,41.14380157
2017/1/14,37.40345597
2017/1/15,33.66311037
2017/1/16,42.39058343
2017/1/17,47.3777109
2017/1/18,46.13092903
2017/1/19,49.87127463
2017/1/20,43.6373653
2017/1/21,38.65023784
2017/1/22,38.65023784
2017/1/23,47.3777109
2017/1/24,48.62449276
2017/1/25,46.13092903
2017/1/26,52.36483836
2017/1/27,46.13092903
2017/1/28,38.65023784
2017/1/29,36.1566741
2017/1/30,42.39058343
2017/1/31,44.88414716
2017/2/1,49.87127463
2017/2/2,53.61162022
2017/2/3,43.6373653
2017/2/4,37.40345597
2017/2/5,37.40345597
2017/2/6,41.14380157
2017/2/7,54.85840209
2017/2/8,59.84552955
2017/2/9,72.31334821
2017/2/10,102.236113
2017/2/11,96.00220366
2017/2/12,124.6781866
2017/2/13,72.31334821
2017/2/14,61.09231142
2017/2/15,54.85840209
2017/2/16,66.07943888
2017/2/17,57.35196582
2017/2/18,47.3777109
2017/2/19,46.13092903
2017/2/20,53.61162022
2017/2/21,51.11805649
2017/2/22,53.61162022
2017/2/23,59.84552955
2017/2/24,52.36483836
2017/2/25,46.13092903
2017/2/26,47.3777109
2017/2/27,49.87127463
2017/2/28,51.11805649
2017/3/1,53.61162022
2017/3/2,62.33909328
2017/3/3,53.61162022
2017/3/4,44.88414716
2017/3/5,43.6373653
2017/3/6,51.11805649
2017/3/7,49.87127463
2017/3/8,48.62449276
2017/3/9,54.85840209
2017/3/10,48.62449276
2017/3/11,44.88414716
2017/3/12,41.14380157
2017/3/13,49.87127463
2017/3/14,52.36483836
2017/3/15,56.10518396
2017/3/16,56.10518396
2017/3/17,48.62449276
2017/3/18,39.8970197
2017/3/19,39.8970197
2017/3/20,44.88414716
2017/3/21,52.36483836
2017/3/22,49.87127463
2017/3/23,54.85840209
2017/3/24,49.87127463
2017/3/25,49.87127463
2017/3/26,46.13092903
2017/3/27,49.87127463
2017/3/28,51.11805649
2017/3/29,51.11805649
2017/3/30,56.10518396
2017/3/31,51.11805649
2017/4/1,46.13092903
2017/4/2,44.91695721
2017/4/3,51.5938022
2017/4/4,50.9868163
2017/4/5,50.37983039
2017/4/6,58.8776331
2017/4/7,50.37983039
2017/4/8,47.95188676
2017/4/9,42.48901358
2017/4/10,51.5938022
2017/4/11,50.9868163
2017/4/12,53.41475993
2017/4/13,51.5938022
2017/4/14,46.73791494
2017/4/15,46.13092903
2017/4/16,42.48901358
2017/4/17,48.55887266
2017/4/18,52.80777402
2017/4/19,50.9868163
2017/4/20,60.69859083
2017/4/21,49.77284448
2017/4/22,47.95188676
2017/4/23,43.7029854
2017/4/24,49.16585857
2017/4/25,52.80777402
2017/4/26,52.80777402
2017/4/27,57.05667538
2017/4/28,49.77284448
2017/4/29,45.52394312
2017/4/30,43.7029854
2017/5/1,52.20078811
2017/5/2,52.20078811
2017/5/3,51.5938022
2017/5/4,54.02174584
2017/5/5,50.37983039
2017/5/6,43.7029854
2017/5/7,41.88202767
2017/5/8,49.16585857
2017/5/9,49.16585857
2017/5/10,49.77284448
2017/5/11,53.41475993
2017/5/12,46.13092903
2017/5/13,46.73791494
2017/5/14,37.02614041
2017/5/15,49.16585857
2017/5/16,46.13092903
2017/5/17,46.73791494
2017/5/18,55.23571765
2017/5/19,46.73791494
2017/5/20,49.77284448
2017/5/21,42.48901358
2017/5/22,50.9868163
2017/5/23,49.77284448
2017/5/24,47.34490085
2017/5/25,57.66366129
2017/5/26,46.13092903
2017/5/27,42.48901358
2017/5/28,38.24011222
2017/5/29,44.91695721
2017/5/30,45.52394312
2017/5/31,52.20078811
2017/6/1,53.41475993
2017/6/2,49.16585857
2017/6/3,40.06106995
2017/6/4,35.20518268
2017/6/5,52.80777402
2017/6/6,45.52394312
2017/6/7,47.34490085
2017/6/8,52.20078811
2017/6/9,43.09599949
2017/6/10,33.38422496
2017/6/11,35.20518268
2017/6/12,42.48901358
2017/6/13,47.95188676
2017/6/14,44.91695721
2017/6/15,52.20078811
2017/6/16,41.88202767
2017/6/17,35.20518268
2017/6/18,36.4191545
2017/6/19,43.7029854
2017/6/20,44.30997131
2017/6/21,47.34490085
2017/6/22,55.23571765
2017/6/23,46.13092903
2017/6/24,38.24011222
2017/6/25,35.20518268
2017/6/26,44.30997131
2017/6/27,43.7029854
2017/6/28,47.34490085
2017/6/29,53.41475993
2017/6/30,43.09599949
2017/7/1,35.81216859
2017/7/2,36.3547772
2017/7/3,44.49390643
2017/7/4,43.95129781
2017/7/5,41.78086335
2017/7/6,48.83477535
2017/7/7,43.4086892
2017/7/8,35.81216859
2017/7/9,36.3547772
2017/7/10,43.95129781
2017/7/11,49.91999258
2017/7/12,45.03651504
2017/7/13,52.63303565
2017/7/14,43.95129781
2017/7/15,33.64173413
2017/7/16,35.81216859
2017/7/17,41.23825474
2017/7/18,44.49390643
2017/7/19,45.57912366
2017/7/20,49.91999258
2017/7/21,40.69564612
2017/7/22,36.89738582
2017/7/23,35.26955997
2017/7/24,44.49390643
2017/7/25,52.09042704
2017/7/26,45.03651504
2017/7/27,52.09042704
2017/7/28,44.49390643
2017/7/29,39.06782028
2017/7/30,38.52521166
2017/7/31,47.74955812
2017/8/1,47.74955812
2017/8/2,45.57912366
2017/8/3,51.54781842
2017/8/4,41.78086335
2017/8/5,39.06782028
2017/8/6,34.18434274
2017/8/7,45.03651504
2017/8/8,45.03651504
2017/8/9,46.66434089
2017/8/10,52.63303565
2017/8/11,47.74955812
2017/8/12,42.86608058
2017/8/13,39.61042889
2017/8/14,52.63303565
2017/8/15,51.54781842
2017/8/16,51.54781842
2017/8/17,53.17564427
2017/8/18,42.86608058
2017/8/19,42.32347197
2017/8/20,37.98260305
2017/8/21,42.86608058
2017/8/22,49.37738396
2017/8/23,49.91999258
2017/8/24,53.17564427
2017/8/25,43.95129781
2017/8/26,37.98260305
2017/8/27,37.43999443
2017/8/28,43.95129781
2017/8/29,45.57912366
2017/8/30,46.66434089
2017/8/31,52.09042704
2017/9/1,45.03651504
2017/9/2,35.26955997
2017/9/3,35.81216859
2017/9/4,43.4086892
2017/9/5,44.49390643
2017/9/6,45.03651504
2017/9/7,50.46260119
2017/9/8,45.03651504
2017/9/9,32.01390828
2017/9/10,40.15303751
2017/9/11,45.57912366
2017/9/12,43.4086892
2017/9/13,46.12173227
2017/9/14,54.2608615
2017/9/15,47.2069495
2017/9/16,37.43999443
2017/9/17,37.98260305
2017/9/18,47.74955812
2017/9/19,51.00520981
2017/9/20,43.95129781
2017/9/21,51.54781842
2017/9/22,43.4086892
2017/9/23,35.81216859
2017/9/24,37.98260305
2017/9/25,47.2069495
2017/9/26,47.2069495
2017/9/27,47.2069495
2017/9/28,53.17564427
2017/9/29,42.86608058
2017/9/30,40.15303751
2017/10/1,40.15303751
2017/10/2,42.35320395
2017/10/3,48.95370326
2017/10/4,47.85362005
2017/10/5,54.45411936
2017/10/6,45.103412
2017/10/7,36.85278785
2017/10/8,38.50291268
2017/10/9,45.103412
2017/10/10,46.20349522
2017/10/11,44.00332878
2017/10/12,51.1538697
2017/10/13,44.00332878
2017/10/14,37.95287107
2017/10/15,38.50291268
2017/10/16,44.55337039
2017/10/17,46.20349522
2017/10/18,50.60382809
2017/10/19,51.70391131
2017/10/20,43.45328717
2017/10/21,40.15303751
2017/10/22,37.40282946
2017/10/23,44.00332878
2017/10/24,45.65345361
2017/10/25,48.95370326
2017/10/26,50.60382809
2017/10/27,42.90324556
2017/10/28,35.20266302
2017/10/29,41.80316234
2017/10/30,46.20349522
2017/10/31,46.20349522
2017/11/1,41.80316234
2017/11/2,50.60382809
2017/11/3,43.45328717
2017/11/4,39.05295429
2017/11/5,38.50291268
2017/11/6,44.00332878
2017/11/7,47.85362005
2017/11/8,50.05378648
2017/11/9,54.45411936
2017/11/10,46.75353683
2017/11/11,38.50291268
2017/11/12,46.75353683
2017/11/13,47.85362005
2017/11/14,47.30357844
2017/11/15,46.20349522
2017/11/16,51.70391131
2017/11/17,45.65345361
2017/11/18,35.20266302
2017/11/19,37.40282946
2017/11/20,44.55337039
2017/11/21,45.103412
2017/11/22,46.20349522
2017/11/23,51.1538697
2017/11/24,42.35320395
2017/11/25,35.20266302
2017/11/26,34.1025798
2017/11/27,41.25312073
2017/11/28,46.75353683
2017/11/29,46.75353683
2017/11/30,51.1538697
2017/12/1,41.80316234
2017/12/2,36.30274624
2017/12/3,55.00416097
2017/12/4,45.103412
2017/12/5,45.103412
2017/12/6,41.80316234
2017/12/7,48.95370326
2017/12/8,42.90324556
2017/12/9,36.85278785
2017/12/10,36.85278785
2017/12/11,41.80316234
2017/12/12,43.45328717
2017/12/13,42.35320395
2017/12/14,51.1538697
2017/12/15,42.35320395
2017/12/16,35.75270463
2017/12/17,37.95287107
2017/12/18,40.15303751
2017/12/19,41.25312073
2017/12/20,41.80316234
2017/12/21,48.95370326
2017/12/22,38.50291268
2017/12/23,29.15220531
2017/12/24,30.25228853
2017/12/25,31.35237175
2017/12/26,35.75270463
2017/12/27,37.95287107
2017/12/28,47.85362005
2017/12/29,40.15303751
2017/12/30,34.1025798
2017/12/31,34.1025798
2018/1/1,33.00249658
2018/1/2,38.82646657
2018/1/3,40.7677899
2018/1/4,48.53308321
2018/1/5,42.70911322
2018/1/6,34.94381991
2018/1/7,34.94381991
2018/1/8,40.7677899
2018/1/9,44.65043655
2018/1/10,46.59175988
2018/1/11,50.47440654
2018/1/12,40.7677899
2018/1/13,33.00249658
2018/1/14,33.00249658
2018/1/15,42.70911322
2018/1/16,44.65043655
2018/1/17,46.59175988
2018/1/18,50.47440654
2018/1/19,42.70911322
2018/1/20,34.94381991
2018/1/21,34.94381991
2018/1/22,42.70911322
2018/1/23,44.65043655
2018/1/24,44.65043655
2018/1/25,50.47440654
2018/1/26,44.65043655
2018/1/27,38.82646657
2018/1/28,34.94381991
2018/1/29,44.65043655
2018/1/30,44.65043655
2018/1/31,46.59175988
2018/2/1,50.47440654
2018/2/2,46.59175988
2018/2/3,36.88514324
2018/2/4,34.94381991
2018/2/5,44.65043655
2018/2/6,58.23969985
2018/2/7,118.420723
2018/2/8,112.596753
2018/2/9,75.71160981
2018/2/10,79.59425646
2018/2/11,194.1323328
2018/2/12,73.77028648
2018/2/13,58.23969985
2018/2/14,52.41572987
2018/2/15,60.18102318
2018/2/16,52.41572987
2018/2/17,52.41572987
2018/2/18,64.06366984
2018/2/19,58.23969985
2018/2/20,58.23969985
2018/2/21,52.41572987
2018/2/22,62.12234651
2018/2/23,50.47440654
2018/2/24,44.65043655
2018/2/25,44.65043655
2018/2/26,46.59175988
2018/2/27,52.41572987
2018/2/28,48.53308321
2018/3/1,54.3570532
2018/3/2,44.65043655
2018/3/3,40.7677899
2018/3/4,36.88514324
2018/3/5,42.70911322
2018/3/6,44.65043655
2018/3/7,48.53308321
2018/3/8,56.29837652
2018/3/9,46.59175988
2018/3/10,38.82646657
2018/3/11,38.82646657
2018/3/12,50.47440654
2018/3/13,44.65043655
2018/3/14,46.59175988
2018/3/15,52.41572987
2018/3/16,46.59175988
2018/3/17,38.82646657
2018/3/18,38.82646657
2018/3/19,42.70911322
2018/3/20,44.65043655
2018/3/21,46.59175988
2018/3/22,54.3570532
2018/3/23,44.65043655
2018/3/24,38.82646657
2018/3/25,48.53308321
2018/3/26,48.53308321
2018/3/27,44.65043655
2018/3/28,44.65043655
2018/3/29,52.41572987
2018/3/30,38.82646657
2018/3/31,36.88514324
2018/4/1,34.94381991
2018/4/2,44.52518989
2018/4/3,46.21601988
2018/4/4,45.65240988
2018/4/5,53.54294986
2018/4/6,44.52518989
2018/4/7,38.8890899
2018/4/8,38.8890899
2018/4/9,45.65240988
2018/4/10,45.65240988
2018/4/11,45.08879989
2018/4/12,52.97933987
2018/4/13,48.47045988
2018/4/14,40.5799199
2018/4/15,40.0163099
2018/4/16,46.21601988
2018/4/17,47.34323988
2018/4/18,47.34323988
2018/4/19,52.97933987
2018/4/20,47.34323988
2018/4/21,40.5799199
2018/4/22,38.8890899
2018/4/23,45.08879989
2018/4/24,46.21601988
2018/4/25,46.21601988
2018/4/26,55.23377986
2018/4/27,43.39796989
2018/4/28,41.1435299
2018/4/29,38.8890899
2018/4/30,43.96157989
2018/5/1,46.21601988
2018/5/2,47.34323988
2018/5/3,51.85211987
2018/5/4,46.21601988
2018/5/5,49.59767987
2018/5/6,43.96157989
2018/5/7,45.08879989
2018/5/8,48.47045988
2018/5/9,46.77962988
2018/5/10,55.23377986
2018/5/11,49.59767987
2018/5/12,52.41572987
2018/5/13,50.72489987
2018/5/14,47.34323988
2018/5/15,45.65240988
2018/5/16,46.77962988
2018/5/17,52.97933987
2018/5/18,41.70713989
2018/5/19,41.1435299
2018/5/20,38.8890899
2018/5/21,44.52518989
2018/5/22,46.77962988
2018/5/23,46.77962988
2018/5/24,56.36099986
2018/5/25,45.08879989
2018/5/26,36.63464991
2018/5/27,40.0163099
2018/5/28,43.96157989
2018/5/29,43.96157989
2018/5/30,44.52518989
2018/5/31,50.72489987
2018/6/1,45.65240988
2018/6/2,40.0163099
2018/6/3,41.1435299
2018/6/4,43.96157989
2018/6/5,48.47045988
2018/6/6,44.52518989
2018/6/7,50.16128987
2018/6/8,43.39796989
2018/6/9,38.8890899
2018/6/10,36.07103991
2018/6/11,44.52518989
2018/6/12,49.03406988
2018/6/13,50.72489987
2018/6/14,54.10655986
2018/6/15,45.08879989
2018/6/16,37.19825991
2018/6/17,36.07103991
2018/6/18,44.52518989
2018/6/19,45.08879989
2018/6/20,44.52518989
2018/6/21,49.59767987
2018/6/22,43.39796989
2018/6/23,37.7618699
2018/6/24,35.50742991
2018/6/25,41.70713989
2018/6/26,42.27074989
2018/6/27,43.96157989
2018/6/28,49.03406988
2018/6/29,41.1435299
2018/6/30,34.94381991
2018/7/1,32.68937992
2018/7/2,37.04796391
2018/7/3,39.2272559
2018/7/4,44.13066289
2018/7/5,51.21336187
2018/7/6,41.40654789
2018/7/7,35.41349491
2018/7/8,37.04796391
2018/7/9,43.58583989
2018/7/10,45.22030889
2018/7/11,43.58583989
2018/7/12,51.75818487
2018/7/13,40.3169019
2018/7/14,38.6824329
2018/7/15,34.32384891
2018/7/16,43.04101689
2018/7/17,45.22030889
2018/7/18,45.22030889
2018/7/19,50.12371587
2018/7/20,43.58583989
2018/7/21,37.5927869
2018/7/22,38.6824329
2018/7/23,43.58583989
2018/7/24,46.30995488
2018/7/25,43.58583989
2018/7/26,51.21336187
2018/7/27,40.3169019
2018/7/28,35.41349491
2018/7/29,37.04796391
2018/7/30,42.49619389
2018/7/31,41.95137089
2018/8/1,45.22030889
2018/8/2,53.39265386
2018/8/3,45.22030889
2018/8/4,35.41349491
2018/8/5,36.50314091
2018/8/6,40.3169019
2018/8/7,41.40654789
2018/8/8,47.94442388
2018/8/9,54.48229986
2018/8/10,44.67548589
2018/8/11,38.1376099
2018/8/12,38.6824329
2018/8/13,44.67548589
2018/8/14,46.85477788
2018/8/15,45.22030889
2018/8/16,54.48229986
2018/8/17,45.76513188
2018/8/18,37.04796391
2018/8/19,35.95831791
2018/8/20,40.3169019
2018/8/21,45.76513188
2018/8/22,40.8617249
2018/8/23,48.48924688
2018/8/24,40.8617249
2018/8/25,33.77902591
2018/8/26,36.50314091
2018/8/27,43.04101689
2018/8/28,46.30995488
2018/8/29,43.58583989
2018/8/30,49.57889287
2018/8/31,42.49619389
2018/9/1,37.04796391
2018/9/2,32.68937992
2018/9/3,41.40654789
2018/9/4,42.49619389
2018/9/5,39.7720789
2018/9/6,52.84783087
2018/9/7,45.76513188
2018/9/8,35.95831791
2018/9/9,33.77902591
2018/9/10,39.7720789
2018/9/11,42.49619389
2018/9/12,43.04101689
2018/9/13,47.39960088
2018/9/14,43.58583989
2018/9/15,37.04796391
2018/9/16,36.50314091
2018/9/17,39.7720789
2018/9/18,43.58583989
2018/9/19,44.67548589
2018/9/20,50.12371587
2018/9/21,40.3169019
2018/9/22,34.32384891
2018/9/23,31.59973392
2018/9/24,40.8617249
2018/9/25,43.04101689
2018/9/26,45.22030889
2018/9/27,49.03406988
2018/9/28,41.40654789
2018/9/29,35.95831791
2018/9/30,35.95831791
2018/10/1,38.6824329
2018/10/2,40.46777596
2018/10/3,44.03846207
2018/10/4,51.77494865
2018/10/5,39.87266161
2018/10/6,32.73128938
2018/10/7,32.73128938
2018/10/8,38.6824329
2018/10/9,44.03846207
2018/10/10,42.84823337
2018/10/11,47.01403383
2018/10/12,39.27754725
2018/10/13,35.11174679
2018/10/14,33.92151808
2018/10/15,39.27754725
2018/10/16,42.25311902
2018/10/17,42.25311902
2018/10/18,50.58471995
2018/10/19,44.63357643
2018/10/20,38.08731855
2018/10/21,36.30197549
2018/10/22,45.82380513
2018/10/23,43.44334772
2018/10/24,44.63357643
2018/10/25,48.79937689
2018/10/26,41.65800466
2018/10/27,35.70686114
2018/10/28,34.51663244
2018/10/29,42.84823337
2018/10/30,42.84823337
2018/10/31,39.27754725
2018/11/1,47.01403383
2018/11/2,40.46777596
2018/11/3,34.51663244
2018/11/4,38.6824329
2018/11/5,42.25311902
2018/11/6,42.25311902
2018/11/7,41.65800466
2018/11/8,47.60914819
2018/11/9,42.25311902
2018/11/10,36.89708984
2018/11/11,37.4922042
2018/11/12,41.06289031
2018/11/13,44.63357643
2018/11/14,45.22869078
2018/11/15,48.20426254
2018/11/16,39.87266161
2018/11/17,34.51663244
2018/11/18,35.11174679
2018/11/19,44.63357643
2018/11/20,42.84823337
2018/11/21,42.25311902
2018/11/22,47.60914819
2018/11/23,38.08731855
2018/11/24,40.46777596
2018/11/25,34.51663244
2018/11/26,42.84823337
2018/11/27,42.84823337
2018/11/28,42.84823337
2018/11/29,49.9896056
2018/11/30,41.65800466
2018/12/1,39.87266161
2018/12/2,59.51143523
2018/12/3,44.63357643
2018/12/4,45.22869078
2018/12/5,45.22869078
2018/12/6,48.79937689
2018/12/7,41.65800466
2018/12/8,35.70686114
2018/12/9,37.4922042
2018/12/10,45.22869078
2018/12/11,41.65800466
2018/12/12,43.44334772
2018/12/13,51.77494865
2018/12/14,43.44334772
2018/12/15,34.51663244
2018/12/16,36.30197549
2018/12/17,40.46777596
2018/12/18,42.25311902
2018/12/19,39.27754725
2018/12/20,46.41891948
2018/12/21,37.4922042
2018/12/22,30.94594632
2018/12/23,28.56548891
2018/12/24,34.51663244
2018/12/25,29.75571762
2018/12/26,33.32640373
2018/12/27,44.03846207
2018/12/28,37.4922042
2018/12/29,35.11174679
2018/12/30,35.70686114
2018/12/31,47.01403383
2019/1/1,37.4922042
2019/1/2,41.35169581
2019/1/3,43.55711958
2019/1/4,45.76254336
2019/1/5,36.38949231
2019/1/6,34.18406853
2019/1/7,39.69762797
2019/1/8,41.90305175
2019/1/9,44.65983147
2019/1/10,49.62203497
2019/1/11,39.69762797
2019/1/12,35.28678042
2019/1/13,37.4922042
2019/1/14,43.00576364
2019/1/15,43.00576364
2019/1/16,43.00576364
2019/1/17,50.17339091
2019/1/18,43.55711958
2019/1/19,34.18406853
2019/1/20,33.63271259
2019/1/21,38.59491609
2019/1/22,41.35169581
2019/1/23,43.55711958
2019/1/24,49.07067902
2019/1/25,40.80033986
2019/1/26,35.83813636
2019/1/27,34.73542448
2019/1/28,43.00576364
2019/1/29,44.10847553
2019/1/30,41.35169581
2019/1/31,52.37881469
2019/2/1,47.96796713
2019/2/2,35.28678042
2019/2/3,36.94084825
2019/2/4,43.00576364
2019/2/5,43.55711958
2019/2/6,44.65983147
2019/2/7,55.13559441
2019/2/8,47.41661119
2019/2/9,44.10847553
2019/2/10,40.80033986
2019/2/11,43.55711958
2019/2/12,45.76254336
2019/2/13,41.90305175
2019/2/14,51.2761028
2019/2/15,45.76254336
2019/2/16,36.38949231
2019/2/17,35.28678042
2019/2/18,43.00576364
2019/2/19,43.00576364
2019/2/20,41.90305175
2019/2/21,51.2761028
2019/2/22,39.69762797
2019/2/23,34.73542448
2019/2/24,39.69762797
2019/2/25,44.65983147
2019/2/26,45.76254336
2019/2/27,43.00576364
2019/2/28,52.93017063
2019/3/1,43.00576364
2019/3/2,36.38949231
2019/3/3,32.5300007
2019/3/4,37.4922042
2019/3/5,41.90305175
2019/3/6,43.00576364
2019/3/7,50.72474685
2019/3/8,40.24898392
2019/3/9,36.38949231
2019/3/10,36.94084825
2019/3/11,43.00576364
2019/3/12,44.65983147
2019/3/13,41.90305175
2019/3/14,50.72474685
2019/3/15,43.00576364
2019/3/16,34.18406853
2019/3/17,36.38949231
2019/3/18,41.35169581
2019/3/19,42.45440769
2019/3/20,43.55711958
2019/3/21,49.62203497
2019/3/22,40.80033986
2019/3/23,34.73542448
2019/3/24,36.38949231
2019/3/25,41.90305175
2019/3/26,43.00576364
2019/3/27,45.21118741
2019/3/28,54.58423846
2019/3/29,41.35169581
2019/3/30,35.28678042
2019/3/31,35.28678042
2019/4/1,41.90305175
2019/4/2,42.46175911
2019/4/3,43.57917382
2019/4/4,52.51849153
2019/4/5,42.46175911
2019/4/6,37.4333929
2019/4/7,37.4333929
2019/4/8,41.90305175
2019/4/9,43.02046646
2019/4/10,44.69658853
2019/4/11,49.72495474
2019/4/12,45.81400325
2019/4/13,37.99210025
2019/4/14,35.19856347
2019/4/15,37.4333929
2019/4/16,41.34434439
2019/4/17,41.90305175
2019/4/18,44.69658853
2019/4/19,37.99210025
2019/4/20,36.87468554
2019/4/21,35.75727083
2019/4/22,39.66822232
2019/4/23,43.02046646
2019/4/24,44.13788118
2019/4/25,51.95978417
2019/4/26,42.46175911
2019/4/27,35.19856347
2019/4/28,35.75727083
2019/4/29,41.90305175
2019/4/30,54.1946136
2019/5/1,36.87468554
2019/5/2,42.46175911
2019/5/3,45.25529589
2019/5/4,35.19856347
2019/5/5,37.99210025
2019/5/6,42.46175911
2019/5/7,44.13788118
2019/5/8,44.13788118
2019/5/9,52.51849153
2019/5/10,42.46175911
2019/5/11,36.31597818
2019/5/12,34.08114876
2019/5/13,46.3727106
2019/5/14,43.02046646
2019/5/15,44.69658853
2019/5/16,52.51849153
2019/5/17,43.02046646
2019/5/18,35.19856347
2019/5/19,36.31597818
2019/5/20,40.78563704
2019/5/21,43.57917382
2019/5/22,45.25529589
2019/5/23,48.60754003
2019/5/24,39.66822232
2019/5/25,34.08114876
2019/5/26,34.63985611
2019/5/27,43.57917382
2019/5/28,44.13788118
2019/5/29,46.93141796
2019/5/30,55.87073567
2019/5/31,43.57917382
2019/6/1,34.08114876
2019/6/2,35.75727083
2019/6/3,40.78563704
2019/6/4,44.13788118
2019/6/5,45.25529589
2019/6/6,51.95978417
2019/6/7,38.55080761
2019/6/8,36.87468554
2019/6/9,34.08114876
2019/6/10,41.90305175
2019/6/11,41.34434439
2019/6/12,41.90305175
2019/6/13,51.40107681
2019/6/14,43.57917382
2019/6/15,36.31597818
2019/6/16,34.08114876
2019/6/17,42.46175911
2019/6/18,43.02046646
2019/6/19,45.81400325
2019/6/20,49.16624739
2019/6/21,39.10951497
2019/6/22,34.08114876
2019/6/23,35.19856347
2019/6/24,39.66822232
2019/6/25,43.57917382
2019/6/26,41.34434439
2019/6/27,49.16624739
2019/6/28,38.55080761
2019/6/29,34.63985611
2019/6/30,33.5224414
2019/7/1,42.46175911
2019/7/2,42.46175911
2019/7/3,40.82861453
2019/7/4,48.4499559
2019/7/5,40.82861453
2019/7/6,33.20727315
2019/7/7,33.20727315
2019/7/8,39.19546994
2019/7/9,39.73985147
2019/7/10,41.37299605
2019/7/11,48.99433743
2019/7/12,39.19546994
2019/7/13,34.2960362
2019/7/14,33.20727315
2019/7/15,39.19546994
2019/7/16,41.91737758
2019/7/17,42.46175911
2019/7/18,50.08310048
2019/7/19,38.65108842
2019/7/20,34.84041773
2019/7/21,33.75165467
2019/7/22,39.73985147
2019/7/23,40.82861453
2019/7/24,38.65108842
2019/7/25,50.08310048
2019/7/26,38.10670689
2019/7/27,33.20727315
2019/7/28,35.38479926
2019/7/29,39.19546994
2019/7/30,41.37299605
2019/7/31,43.55052216
2019/8/1,47.36119285
2019/8/2,40.284233
2019/8/3,34.84041773
2019/8/4,34.84041773
2019/8/5,39.19546994
2019/8/6,40.82861453
2019/8/7,43.00614063
2019/8/8,41.37299605
2019/8/9,45.72804827
2019/8/10,37.56232536
2019/8/11,37.01794384
2019/8/12,43.00614063
2019/8/13,45.72804827
2019/8/14,43.55052216
2019/8/15,54.4381527
2019/8/16,43.55052216
2019/8/17,35.92918078
2019/8/18,34.84041773
2019/8/19,43.00614063
2019/8/20,45.18366674
2019/8/21,42.46175911
2019/8/22,52.26062659
2019/8/23,40.82861453
2019/8/24,34.2960362
2019/8/25,34.84041773
2019/8/26,43.00614063
2019/8/27,42.46175911
2019/8/28,44.63928521
2019/8/29,52.80500812
2019/8/30,43.55052216
2019/8/31,35.92918078
2019/9/1,35.92918078
2019/9/2,40.82861453
2019/9/3,43.00614063
2019/9/4,43.55052216
2019/9/5,52.26062659
2019/9/6,41.37299605
2019/9/7,36.47356231
2019/9/8,35.38479926
2019/9/9,42.46175911
2019/9/10,43.55052216
2019/9/11,43.00614063
2019/9/12,53.89377117
2019/9/13,44.09490369
2019/9/14,34.2960362
2019/9/15,33.20727315
2019/9/16,42.46175911
2019/9/17,42.46175911
2019/9/18,43.00614063
2019/9/19,52.26062659
2019/9/20,41.91737758
2019/9/21,35.38479926
2019/9/22,34.2960362
2019/9/23,40.82861453
2019/9/24,43.00614063
2019/9/25,45.72804827
2019/9/26,54.4381527
2019/9/27,44.09490369
2019/9/28,38.65108842
2019/9/29,34.84041773
2019/9/30,45.18366674
2019/10/1,41.91737758
2019/10/2,44.24612078
2019/10/3,53.56109357
2019/10/4,41.91737758
2019/10/5,35.51333378
2019/10/6,34.34896218
2019/10/7,41.33519178
2019/10/8,44.24612078
2019/10/9,43.08174918
2019/10/10,49.48579298
2019/10/11,44.82830658
2019/10/12,34.34896218
2019/10/13,35.51333378
2019/10/14,40.17082018
2019/10/15,44.82830658
2019/10/16,43.66393498
2019/10/17,51.81453617
2019/10/18,44.24612078
2019/10/19,36.67770538
2019/10/20,39.00644858
2019/10/21,43.08174918
2019/10/22,44.24612078
2019/10/23,44.82830658
2019/10/24,55.88983677
2019/10/25,43.08174918
2019/10/26,36.67770538
2019/10/27,47.73923558
2019/10/28,55.88983677
2019/10/29,45.99267818
2019/10/30,41.91737758
2019/10/31,52.39672197
2019/11/1,39.58863438
2019/11/2,33.76677638
2019/11/3,40.75300598
2019/11/4,41.91737758
2019/11/5,43.08174918
2019/11/6,45.99267818
2019/11/7,54.72546517
2019/11/8,41.91737758
2019/11/9,36.67770538
2019/11/10,37.25989118
2019/11/11,43.08174918
2019/11/12,41.33519178
2019/11/13,44.24612078
2019/11/14,54.14327937
2019/11/15,41.91737758
2019/11/16,37.25989118
2019/11/17,34.93114798
2019/11/18,43.08174918
2019/11/19,43.66393498
2019/11/20,44.82830658
2019/11/21,58.21857997
2019/11/22,43.08174918
2019/11/23,33.76677638
2019/11/24,32.60240478
2019/11/25,40.17082018
2019/11/26,42.49956338
2019/11/27,41.33519178
2019/11/28,48.90360718
2019/11/29,39.58863438
2019/11/30,35.51333378
2019/12/1,35.51333378
2019/12/2,39.58863438
2019/12/3,41.91737758
2019/12/4,43.66393498
2019/12/5,50.06797878
2019/12/6,40.17082018
2019/12/7,32.60240478
2019/12/8,33.18459058
2019/12/9,35.51333378
2019/12/10,39.58863438
2019/12/11,42.49956338
2019/12/12,52.39672197
2019/12/13,43.66393498
2019/12/14,36.67770538
2019/12/15,40.17082018
2019/12/16,41.33519178
2019/12/17,41.33519178
2019/12/18,41.91737758
2019/12/19,52.39672197
2019/12/20,41.91737758
2019/12/21,33.18459058
2019/12/22,32.02021898
2019/12/23,34.34896218
2019/12/24,37.25989118
2019/12/25,31.43803318
2019/12/26,39.00644858
2019/12/27,45.41049238
2019/12/28,36.67770538
2019/12/29,39.58863438
2019/12/30,41.91737758
2019/12/31,38.42426278
2020/1/1,36.09551958
2020/1/2,43.66393498
2020/1/3,43.66393498
2020/1/4,35.51333378
2020/1/5,34.93114798
2020/1/6,37.25989118
2020/1/7,40.17082018
2020/1/8,42.49956338
2020/1/9,51.23235037
2020/1/10,43.08174918
2020/1/11,37.25989118
2020/1/12,37.25989118
2020/1/13,45.99267818
2020/1/14,44.82830658
2020/1/15,45.99267818
2020/1/16,52.39672197
2020/1/17,43.66393498
2020/1/18,37.84207698
2020/1/19,35.51333378
2020/1/20,42.49956338
2020/1/21,44.24612078
2020/1/22,43.66393498
2020/1/23,55.88983677
2020/1/24,44.82830658
2020/1/25,37.25989118
2020/1/26,34.93114798
2020/1/27,43.08174918
2020/1/28,46.57486398
2020/1/29,47.73923558
2020/1/30,54.72546517
2020/1/31,45.41049238
2020/2/1,40.75300598
2020/2/2,40.75300598
2020/2/3,41.33519178
2020/2/4,43.66393498
2020/2/5,49.48579298
2020/2/6,57.63639417
2020/2/7,50.06797878
2020/2/8,40.17082018
2020/2/9,42.49956338
2020/2/10,47.73923558
2020/2/11,47.73923558
2020/2/12,48.32142138
2020/2/13,55.88983677
2020/2/14,43.66393498
2020/2/15,44.24612078
2020/2/16,41.91737758
2020/2/17,48.32142138
2020/2/18,48.32142138
2020/2/19,50.65016458
2020/2/20,55.30765097
2020/2/21,49.48579298
2020/2/22,41.91737758
2020/2/23,40.75300598
2020/2/24,43.66393498
2020/2/25,45.41049238
2020/2/26,47.73923558
2020/2/27,58.21857997
2020/2/28,51.23235037
2020/2/29,41.91737758
2020/3/1,40.17082018
2020/3/2,48.32142138
2020/3/3,48.90360718
2020/3/4,54.14327937
2020/3/5,57.63639417
2020/3/6,45.99267818
2020/3/7,41.33519178
2020/3/8,37.25989118
2020/3/9,41.91737758
2020/3/10,44.82830658
2020/3/11,44.82830658
2020/3/12,51.23235037
2020/3/13,44.24612078
2020/3/14,36.67770538
2020/3/15,38.42426278
2020/3/16,37.25989118
2020/3/17,41.33519178
2020/3/18,42.49956338
2020/3/19,52.97890777
2020/3/20,42.49956338
2020/3/21,40.75300598
2020/3/22,37.84207698
2020/3/23,41.33519178
2020/3/24,44.82830658
2020/3/25,44.24612078
2020/3/26,46.57486398
2020/3/27,44.82830658
2020/3/28,41.91737758
2020/3/29,40.75300598
2020/3/30,43.66393498
2020/3/31,48.90360718
2020/4/1,45.41049238
2020/4/2,44.55369063
2020/4/3,44.55369063
2020/4/4,61.68972549
2020/4/5,85.6801743
2020/4/6,46.26729412
2020/4/7,45.41049238
2020/4/8,43.69688889
2020/4/9,44.55369063
2020/4/10,41.12648366
2020/4/11,42.84008715
2020/4/12,42.84008715
2020/4/13,43.69688889
2020/4/14,46.26729412
2020/4/15,47.12409586
2020/4/16,45.41049238
2020/4/17,46.26729412
2020/4/18,40.26968192
2020/4/19,44.55369063
2020/4/20,46.26729412
2020/4/21,48.83769935
2020/4/22,47.12409586
2020/4/23,47.12409586
2020/4/24,47.98089761
2020/4/25,44.55369063
2020/4/26,42.84008715
2020/4/27,47.12409586
2020/4/28,49.69450109
2020/4/29,48.83769935
2020/4/30,46.26729412
2020/5/1,51.40810458
2020/5/2,46.26729412
2020/5/3,44.55369063
2020/5/4,51.40810458
2020/5/5,49.69450109
2020/5/6,47.98089761
2020/5/7,47.98089761
2020/5/8,47.12409586
2020/5/9,45.41049238
2020/5/10,42.84008715
2020/5/11,47.98089761
2020/5/12,50.55130284
2020/5/13,48.83769935
2020/5/14,54.83531155
2020/5/15,47.98089761
2020/5/16,44.55369063
2020/5/17,45.41049238
2020/5/18,48.83769935
2020/5/19,49.69450109
2020/5/20,59.97612201
2020/5/21,57.40571678
2020/5/22,49.69450109
2020/5/23,44.55369063
2020/5/24,42.84008715
2020/5/25,48.83769935
2020/5/26,47.98089761
2020/5/27,47.98089761
2020/5/28,58.26251852
2020/5/29,49.69450109
2020/5/30,44.55369063
2020/5/31,42.84008715
2020/6/1,46.26729412
2020/6/2,48.83769935
2020/6/3,47.98089761
2020/6/4,55.69211329
2020/6/5,47.12409586
2020/6/6,40.26968192
2020/6/7,41.98328541
2020/6/8,46.26729412
2020/6/9,49.69450109
2020/6/10,50.55130284
2020/6/11,55.69211329
2020/6/12,47.12409586
2020/6/13,41.98328541
2020/6/14,39.41288018
2020/6/15,47.98089761
2020/6/16,47.98089761
2020/6/17,51.40810458
2020/6/18,56.54891504
2020/6/19,48.83769935
2020/6/20,45.41049238
2020/6/21,41.12648366
2020/6/22,45.41049238
2020/6/23,47.12409586
2020/6/24,47.98089761
2020/6/25,53.97850981
2020/6/26,49.69450109
2020/6/27,39.41288018
2020/6/28,41.12648366
2020/6/29,42.84008715
2020/6/30,48.83769935
2020/7/1,48.83769935
2020/7/2,53.78328916
2020/7/3,45.74670572
2020/7/4,42.65571209
2020/7/5,41.41931464
2020/7/6,42.65571209
2020/7/7,45.12850699
2020/7/8,48.83769935
2020/7/9,55.63788533
2020/7/10,43.89210954
2020/7/11,40.80111591
2020/7/12,42.03751336
2020/7/13,44.51030827
2020/7/14,45.12850699
2020/7/15,46.36490445
2020/7/16,50.69229553
2020/7/17,45.12850699
2020/7/18,42.03751336
2020/7/19,39.56471846
2020/7/20,42.03751336
2020/7/21,44.51030827
2020/7/22,45.74670572
2020/7/23,54.40148788
2020/7/24,49.45589808
2020/7/25,38.32832101
2020/7/26,40.80111591
2020/7/27,45.74670572
2020/7/28,46.98310317
2020/7/29,46.36490445
2020/7/30,54.40148788
2020/7/31,48.83769935
2020/8/1,38.94651973
2020/8/2,38.94651973
2020/8/3,45.12850699
2020/8/4,43.89210954
2020/8/5,48.21950062
2020/8/6,55.63788533
2020/8/7,43.27391082
2020/8/8,43.89210954
2020/8/9,39.56471846
2020/8/10,48.21950062
2020/8/11,46.36490445
2020/8/12,48.21950062
2020/8/13,55.01968661
2020/8/14,42.65571209
2020/8/15,36.47372483
2020/8/16,40.18291719
2020/8/17,43.89210954
2020/8/18,46.36490445
2020/8/19,46.98310317
2020/8/20,56.25608406
2020/8/21,46.98310317
2020/8/22,43.89210954
2020/8/23,41.41931464
2020/8/24,46.36490445
2020/8/25,45.74670572
2020/8/26,46.98310317
2020/8/27,59.34707769
2020/8/28,50.0740968
2020/8/29,43.89210954
2020/8/30,42.03751336
2020/8/31,46.36490445
2020/9/1,46.98310317
2020/9/2,45.74670572
2020/9/3,54.40148788
2020/9/4,43.27391082
2020/9/5,43.89210954
2020/9/6,38.32832101
2020/9/7,44.51030827
2020/9/8,46.98310317
2020/9/9,46.98310317
2020/9/10,56.25608406
2020/9/11,47.6013019
2020/9/12,42.03751336
2020/9/13,39.56471846
2020/9/14,45.74670572
2020/9/15,45.12850699
2020/9/16,48.83769935
2020/9/17,59.96527642
2020/9/18,48.83769935
2020/9/19,42.03751336
2020/9/20,43.89210954
2020/9/21,46.36490445
2020/9/22,48.83769935
2020/9/23,48.83769935
2020/9/24,58.72887896
2020/9/25,48.21950062
2020/9/26,41.41931464
2020/9/27,35.23732738
2020/9/28,47.6013019
2020/9/29,50.69229553
2020/9/30,50.69229553
2020/10/1,61.81987259
2020/10/2,47.6013019
2020/10/3,38.32832101
2020/10/4,39.56471846
2020/10/5,45.74670572
2020/10/6,48.21950062
2020/10/7,46.98310317
2020/10/8,57.49248151
2020/10/9,46.36490445
2020/10/10,37.71012228
2020/10/11,47.6013019
2020/10/12,41.41931464
2020/10/13,43.27391082
2020/10/14,45.74670572
2020/10/15,56.87428279
2020/10/16,45.12850699
2020/10/17,36.47372483
2020/10/18,37.71012228
2020/10/19,42.65571209
2020/10/20,43.89210954
2020/10/21,46.36490445
2020/10/22,55.63788533
2020/10/23,43.89210954
2020/10/24,37.09192356
2020/10/25,36.47372483
2020/10/26,41.41931464
2020/10/27,42.03751336
2020/10/28,45.12850699
2020/10/29,53.16509043
2020/10/30,40.18291719
2020/10/31,36.47372483
2020/11/1,34.00092993
2020/11/2,38.94651973
2020/11/3,40.80111591
2020/11/4,34.00092993
2020/11/5,48.21950062
2020/11/6,38.94651973
2020/11/7,35.23732738
2020/11/8,32.76453248
2020/11/9,43.27391082
2020/11/10,43.89210954
2020/11/11,46.36490445
2020/11/12,56.25608406
2020/11/13,45.12850699
2020/11/14,38.94651973
2020/11/15,37.71012228
2020/11/16,40.18291719
2020/11/17,46.36490445
2020/11/18,45.74670572
2020/11/19,53.78328916
2020/11/20,43.27391082
2020/11/21,37.09192356
2020/11/22,36.47372483
2020/11/23,43.27391082
2020/11/24,40.18291719
2020/11/25,43.27391082
2020/11/26,52.54689171
2020/11/27,42.03751336
2020/11/28,37.71012228
2020/11/29,35.23732738
2020/11/30,42.65571209
2020/12/1,42.03751336
2020/12/2,43.89210954
2020/12/3,53.16509043
2020/12/4,42.03751336
2020/12/5,38.32832101
2020/12/6,42.03751336
2020/12/7,39.56471846
2020/12/8,38.32832101
2020/12/9,43.27391082
2020/12/10,51.31049425
2020/12/11,42.65571209
2020/12/12,36.47372483
2020/12/13,34.00092993
2020/12/14,38.94651973
2020/12/15,40.80111591
2020/12/16,42.03751336
2020/12/17,55.01968661
2020/12/18,41.41931464
2020/12/19,37.71012228
2020/12/20,35.23732738
2020/12/21,37.09192356
2020/12/22,40.18291719
2020/12/23,35.23732738
2020/12/24,55.01968661
2020/12/25,37.09192356
2020/12/26,37.09192356
2020/12/27,34.00092993
2020/12/28,37.71012228
2020/12/29,38.94651973
2020/12/30,40.80111591
2020/12/31,55.01968661
2021/1/1,37.71012228
2021/1/2,37.71012228
2021/1/3,37.71012228
2021/1/4,43.22867676
2021/1/5,45.987954
2021/1/6,43.22867676
2021/1/7,51.50650848
2021/1/8,42.30891768
2021/1/9,39.54964044
2021/1/10,34.03108596
2021/1/11,38.62988136
2021/1/12,44.14843584
2021/1/13,49.66699032
2021/1/14,60.70409928
2021/1/15,47.82747216
2021/1/16,42.30891768
2021/1/17,42.30891768
2021/1/18,42.30891768
2021/1/19,44.14843584
2021/1/20,44.14843584
2021/1/21,52.42626756
2021/1/22,46.90771308
2021/1/23,40.46939952
2021/1/24,38.62988136
2021/1/25,44.14843584
2021/1/26,46.90771308
2021/1/27,47.82747216
2021/1/28,51.50650848
2021/1/29,44.14843584
2021/1/30,36.7903632
2021/1/31,39.54964044
2021/2/1,45.06819492
2021/2/2,44.14843584
2021/2/3,45.987954
2021/2/4,51.50650848
2021/2/5,44.14843584
2021/2/6,38.62988136
2021/2/7,34.95084504
2021/2/8,41.3891586
2021/2/9,44.14843584
2021/2/10,44.14843584
2021/2/11,53.34602664
2021/2/12,45.06819492
2021/2/13,38.62988136
2021/2/14,36.7903632
2021/2/15,42.30891768
2021/2/16,42.30891768
2021/2/17,42.30891768
2021/2/18,57.94482204
2021/2/19,43.22867676
2021/2/20,40.46939952
2021/2/21,35.87060412
2021/2/22,46.90771308
2021/2/23,45.987954
2021/2/24,45.987954
2021/2/25,57.02506296
2021/2/26,46.90771308
2021/2/27,44.14843584
2021/2/28,44.14843584
2021/3/1,43.22867676
2021/3/2,44.14843584
2021/3/3,53.34602664
2021/3/4,75.42024457
2021/3/5,73.58072641
2021/3/6,91.97590801
2021/3/7,81.85855813
2021/3/8,49.66699032
2021/3/9,46.90771308
2021/3/10,48.74723124
2021/3/11,60.70409928
2021/3/12,49.66699032
2021/3/13,42.30891768
2021/3/14,42.30891768
2021/3/15,44.14843584
2021/3/16,52.42626756
2021/3/17,50.5867494
2021/3/18,58.86458112
2021/3/19,47.82747216
2021/3/20,44.14843584
2021/3/21,41.3891586
2021/3/22,46.90771308
2021/3/23,47.82747216
2021/3/24,49.66699032
2021/3/25,57.02506296
2021/3/26,46.90771308
2021/3/27,42.30891768
2021/3/28,39.54964044
2021/3/29,44.14843584
2021/3/30,45.987954
2021/3/31,50.5867494
2021/4/1,58.86458112
2021/4/2,45.63658537
2021/4/3,43.652386
2021/4/4,44.31378579
2021/4/5,48.94358431
2021/4/6,46.95938494
2021/4/7,44.31378579
2021/4/8,56.21898197
2021/4/9,46.29798515
2021/4/10,42.99098621
2021/4/11,44.97518558
2021/4/12,45.63658537
2021/4/13,48.94358431
2021/4/14,46.95938494
2021/4/15,58.86458112
2021/4/16,48.94358431
2021/4/17,41.66818664
2021/4/18,40.34538706
2021/4/19,46.95938494
2021/4/20,48.28218452
2021/4/21,47.62078473
2021/4/22,66.13997879
2021/4/23,60.1873807
2021/4/24,49.60498409
2021/4/25,49.60498409
2021/4/26,51.58918346
2021/4/27,51.58918346
2021/4/28,54.8961824
2021/4/29,61.51018028
2021/4/30,52.25058324
2021/5/1,46.95938494
2021/5/2,44.31378579
2021/5/3,49.60498409
2021/5/4,46.29798515
2021/5/5,48.28218452
2021/5/6,58.86458112
2021/5/7,46.29798515
2021/5/8,43.652386
2021/5/9,42.99098621
2021/5/10,46.95938494
2021/5/11,49.60498409
2021/5/12,51.58918346
2021/5/13,61.51018028
2021/5/14,45.63658537
2021/5/15,42.32958643
2021/5/16,41.00678685
2021/5/17,46.95938494
2021/5/18,44.97518558
2021/5/19,50.92778367
2021/5/20,57.54178155
2021/5/21,50.26638388
2021/5/22,43.652386
2021/5/23,42.32958643
2021/5/24,48.28218452
2021/5/25,50.26638388
2021/5/26,46.29798515
2021/5/27,57.54178155
2021/5/28,47.62078473
2021/5/29,42.99098621
2021/5/30,40.34538706
2021/5/31,50.92778367
2021/6/1,49.60498409
2021/6/2,49.60498409
2021/6/3,55.55758218
2021/6/4,46.95938494
2021/6/5,43.652386
2021/6/6,41.66818664
2021/6/7,42.99098621
2021/6/8,46.29798515
2021/6/9,50.92778367
2021/6/10,57.54178155
2021/6/11,46.29798515
2021/6/12,42.32958643
2021/6/13,38.3611877
2021/6/14,46.29798515
2021/6/15,45.63658537
2021/6/16,46.95938494
2021/6/17,58.20318134
2021/6/18,48.94358431
2021/6/19,45.63658537
2021/6/20,44.31378579
2021/6/21,48.28218452
2021/6/22,49.60498409
2021/6/23,46.29798515
2021/6/24,57.54178155
2021/6/25,49.60498409
2021/6/26,43.652386
2021/6/27,42.32958643
2021/6/28,43.652386
2021/6/29,44.31378579
2021/6/30,50.92778367
2021/7/1,60.84878049
2021/7/2,43.81112195
2021/7/3,40.76868293
2021/7/4,40.76868293
2021/7/5,46.85356098
2021/7/6,43.20263415
2021/7/7,48.07053659
2021/7/8,57.19785366
2021/7/9,46.24507317
2021/7/10,45.02809756
2021/7/11,37.1177561
2021/7/12,45.02809756
2021/7/13,45.02809756
2021/7/14,43.81112195
2021/7/15,59.02331707
2021/7/16,49.2875122
2021/7/17,44.41960976
2021/7/18,40.16019512
2021/7/19,47.46204878
2021/7/20,45.02809756
2021/7/21,46.24507317
2021/7/22,57.19785366
2021/7/23,47.46204878
2021/7/24,42.59414634
2021/7/25,40.16019512
2021/7/26,46.24507317
2021/7/27,46.85356098
2021/7/28,45.02809756
2021/7/29,57.80634146
2021/7/30,46.85356098
2021/7/31,40.16019512
2021/8/1,39.55170732
2021/8/2,45.63658537
2021/8/3,45.63658537
2021/8/4,47.46204878
2021/8/5,55.37239024
2021/8/6,44.41960976
2021/8/7,38.94321951
2021/8/8,37.7262439
2021/8/9,42.59414634
2021/8/10,45.02809756
2021/8/11,45.02809756
2021/8/12,58.41482927
2021/8/13,43.20263415
2021/8/14,38.33473171
2021/8/15,42.59414634
2021/8/16,43.81112195
2021/8/17,45.63658537
2021/8/18,47.46204878
2021/8/19,55.98087805
2021/8/20,45.63658537
2021/8/21,43.20263415
2021/8/22,41.37717073
2021/8/23,45.63658537
2021/8/24,49.2875122
2021/8/25,49.2875122
2021/8/26,58.41482927
2021/8/27,46.24507317
2021/8/28,43.20263415
2021/8/29,40.16019512
2021/8/30,48.07053659
2021/8/31,49.2875122
2021/9/1,48.07053659
2021/9/2,57.80634146
2021/9/3,46.24507317
2021/9/4,40.76868293
2021/9/5,38.94321951
2021/9/6,46.24507317
2021/9/7,45.63658537
2021/9/8,46.24507317
2021/9/9,57.80634146
2021/9/10,48.07053659
2021/9/11,41.37717073
2021/9/12,39.55170732
2021/9/13,46.85356098
2021/9/14,47.46204878
2021/9/15,46.24507317
2021/9/16,57.80634146
2021/9/17,48.67902439
2021/9/18,41.37717073
2021/9/19,41.37717073
2021/9/20,46.85356098
2021/9/21,45.02809756
2021/9/22,45.02809756
2021/9/23,55.98087805
2021/9/24,45.63658537
2021/9/25,38.94321951
2021/9/26,37.7262439
2021/9/27,47.46204878
2021/9/28,49.896
2021/9/29,48.07053659
2021/9/30,59.63180488
2021/10/1,49.896
2021/10/2,35.64
2021/10/3,35.64
2021/10/4,42.768
2021/10/5,42.768
2021/10/6,49.896
2021/10/7,57.024
2021/10/8,42.768
2021/10/9,42.768
2021/10/10,42.768
2021/10/11,42.768
2021/10/12,42.768
2021/10/13,42.768
2021/10/14,57.024
2021/10/15,42.768
2021/10/16,35.64
2021/10/17,35.64
2021/10/18,42.768
2021/10/19,42.768
2021/10/20,42.768
2021/10/21,57.024
2021/10/22,42.768
2021/10/23,42.768
2021/10/24,42.768
2021/10/25,49.896
2021/10/26,42.768
2021/10/27,49.896
2021/10/28,384.912
2021/10/29,712.8
2021/10/30,327.888
2021/10/31,185.328
2021/11/1,142.56
2021/11/2,121.176
2021/11/3,128.304
2021/11/4,171.072
2021/11/5,156.816
2021/11/6,142.56
2021/11/7,135.432
2021/11/8,128.304
2021/11/9,121.176
2021/11/10,114.048
2021/11/11,106.92
2021/11/12,106.92
2021/11/13,106.92
2021/11/14,106.92
2021/11/15,99.792
2021/11/16,99.792
2021/11/17,92.664
2021/11/18,99.792
2021/11/19,92.664
2021/11/20,85.536
2021/11/21,85.536
2021/11/22,92.664
2021/11/23,78.408
2021/11/24,85.536
2021/11/25,92.664
2021/11/26,78.408
2021/11/27,71.28
2021/11/28,71.28
2021/11/29,85.536
2021/11/30,85.536
2021/12/1,78.408
2021/12/2,85.536
2021/12/3,78.408
2021/12/4,71.28
2021/12/5,78.408
2021/12/6,71.28
2021/12/7,78.408
2021/12/8,78.408
2021/12/9,78.408
2021/12/10,78.408
2021/12/11,71.28
2021/12/12,71.28
2021/12/13,71.28
2021/12/14,78.408
2021/12/15,71.28
2021/12/16,85.536
2021/12/17,71.28
2021/12/18,64.152
2021/12/19,64.152
2021/12/20,64.152
2021/12/21,71.28
2021/12/22,71.28
2021/12/23,78.408
2021/12/24,57.024
2021/12/25,57.024
2021/12/26,64.152
2021/12/27,71.28
2021/12/28,71.28
2021/12/29,71.28
2021/12/30,78.408
2021/12/31,71.28
2022/1/1,71.28
2022/1/2,77.76
2022/1/3,81
2022/1/4,74.52
2022/1/5,81
2022/1/6,84.24
2022/1/7,90.72
2022/1/8,81
2022/1/9,81
2022/1/10,81
2022/1/11,81
2022/1/12,87.48
2022/1/13,81
2022/1/14,74.52
2022/1/15,81
2022/1/16,68.04
2022/1/17,71.28
2022/1/18,74.52
2022/1/19,77.76
2022/1/20,90.72
2022/1/21,84.24
2022/1/22,84.24
2022/1/23,81
2022/1/24,74.52
2022/1/25,74.52
2022/1/26,81
2022/1/27,87.48
2022/1/28,87.48
2022/1/29,84.24
2022/1/30,84.24
2022/1/31,87.48
2022/2/1,90.72
2022/2/2,116.64
2022/2/3,324
2022/2/4,288.36
2022/2/5,129.6
2022/2/6,106.92
2022/2/7,171.72
2022/2/8,171.72
2022/2/9,136.08
2022/2/10,106.92
2022/2/11,106.92
2022/2/12,87.48
2022/2/13,84.24
2022/2/14,103.68
2022/2/15,106.92
2022/2/16,113.4
2022/2/17,132.84
2022/2/18,119.88
2022/2/19,87.48
2022/2/20,84.24
2022/2/21,93.96
2022/2/22,100.44
2022/2/23,103.68
2022/2/24,106.92
2022/2/25,87.48
2022/2/26,74.52
2022/2/27,74.52
2022/2/28,81
2022/3/1,81
2022/3/2,81
2022/3/3,93.96
2022/3/4,84.24
2022/3/5,71.28
2022/3/6,71.28
2022/3/7,84.24
2022/3/8,84.24
2022/3/9,77.76
2022/3/10,90.72
2022/3/11,119.88
2022/3/12,84.24
2022/3/13,77.76
2022/3/14,87.48
2022/3/15,87.48
2022/3/16,84.24
2022/3/17,97.2
2022/3/18,84.24
2022/3/19,74.52
2022/3/20,74.52
2022/3/21,87.48
2022/3/22,84.24
2022/3/23,87.48
2022/3/24,97.2
2022/3/25,81
2022/3/26,68.04
2022/3/27,71.28
2022/3/28,84.24
2022/3/29,87.48
2022/3/30,84.24
2022/3/31,103.68
2022/4/1,81
2022/4/2,69
2022/4/3,67.5
2022/4/4,91.5
2022/4/5,87
2022/4/6,81
2022/4/7,93
2022/4/8,81
2022/4/9,70.5
2022/4/10,66
2022/4/11,78
2022/4/12,78
2022/4/13,81
2022/4/14,93
2022/4/15,75
2022/4/16,72
2022/4/17,69
2022/4/18,79.5
2022/4/19,82.5
2022/4/20,94.5
2022/4/21,111
2022/4/22,84
2022/4/23,72
2022/4/24,72
2022/4/25,88.5
2022/4/26,102
2022/4/27,126
2022/4/28,150
2022/4/29,91.5
2022/4/30,75
2022/5/1,76.5
2022/5/2,88.5
2022/5/3,90
2022/5/4,85.5
2022/5/5,108
2022/5/6,87
2022/5/7,81
2022/5/8,69
2022/5/9,93
2022/5/10,90
2022/5/11,103.5
2022/5/12,94.5
2022/5/13,81
2022/5/14,69
2022/5/15,69
2022/5/16,79.5
2022/5/17,79.5
2022/5/18,82.5
2022/5/19,90
2022/5/20,82.5
2022/5/21,70.5
2022/5/22,67.5
2022/5/23,78
2022/5/24,90
2022/5/25,84
2022/5/26,94.5
2022/5/27,84
2022/5/28,72
2022/5/29,69
2022/5/30,78
2022/5/31,78
2022/6/1,82.5
2022/6/2,93
2022/6/3,82.5
2022/6/4,73.5
2022/6/5,78
2022/6/6,81
2022/6/7,81
2022/6/8,87
2022/6/9,105
2022/6/10,87
2022/6/11,81
2022/6/12,75
2022/6/13,90
2022/6/14,88.5
2022/6/15,87
2022/6/16,94.5
2022/6/17,90
2022/6/18,76.5
2022/6/19,73.5
2022/6/20,81
2022/6/21,93
2022/6/22,99
2022/6/23,109.5
2022/6/24,90
2022/6/25,82.5
2022/6/26,79.5
2022/6/27,87
2022/6/28,88.5
2022/6/29,88.5
2022/6/30,96
2022/7/1,87
2022/7/2,77
2022/7/3,79
2022/7/4,81
2022/7/5,86
2022/7/6,87
2022/7/7,98
2022/7/8,86
2022/7/9,77
2022/7/10,73
2022/7/11,87
2022/7/12,89
2022/7/13,86
2022/7/14,100
2022/7/15,86
2022/7/16,77
2022/7/17,74
2022/7/18,87
2022/7/19,86
