Date,GOOG
2012/1/1,237.3539416
2012/1/2,252.5689379
2012/1/3,249.5259386
2012/1/4,243.4399401
2012/1/5,249.5259386
2012/1/6,249.5259386
2012/1/7,286.0419296
2012/1/8,261.6979356
2012/1/9,273.8699326
2012/1/10,261.6979356
2012/1/11,258.6549364
2012/1/12,270.8269334
2012/1/13,255.6119371
2012/1/14,261.6979356
2012/1/15,261.6979356
2012/1/16,240.3969409
2012/1/17,261.6979356
2012/1/18,282.9989304
2012/1/19,289.0849289
2012/1/20,304.2999252
2012/1/21,270.8269334
2012/1/22,273.8699326
2012/1/23,270.8269334
2012/1/24,264.7409349
2012/1/25,279.9559311
2012/1/26,255.6119371
2012/1/27,246.4829394
2012/1/28,264.7409349
2012/1/29,264.7409349
2012/1/30,261.6979356
2012/1/31,249.5259386
2012/2/1,264.7409349
2012/2/2,255.6119371
2012/2/3,252.5689379
2012/2/4,255.6119371
2012/2/5,264.7409349
2012/2/6,261.6979356
2012/2/7,261.6979356
2012/2/8,246.4829394
2012/2/9,273.8699326
2012/2/10,252.5689379
2012/2/11,276.9129319
2012/2/12,252.5689379
2012/2/13,276.9129319
2012/2/14,255.6119371
2012/2/15,234.3109424
2012/2/16,246.4829394
2012/2/17,246.4829394
2012/2/18,261.6979356
2012/2/19,267.7839341
2012/2/20,249.5259386
2012/2/21,255.6119371
2012/2/22,267.7839341
2012/2/23,267.7839341
2012/2/24,258.6549364
2012/2/25,270.8269334
2012/2/26,261.6979356
2012/2/27,279.9559311
2012/2/28,270.8269334
2012/2/29,267.7839341
2012/3/1,286.0419296
2012/3/2,258.6549364
2012/3/3,279.9559311
2012/3/4,267.7839341
2012/3/5,246.4829394
2012/3/6,267.7839341
2012/3/7,258.6549364
2012/3/8,255.6119371
2012/3/9,261.6979356
2012/3/10,264.7409349
2012/3/11,252.5689379
2012/3/12,267.7839341
2012/3/13,264.7409349
2012/3/14,264.7409349
2012/3/15,246.4829394
2012/3/16,255.6119371
2012/3/17,273.8699326
2012/3/18,249.5259386
2012/3/19,273.8699326
2012/3/20,264.7409349
2012/3/21,261.6979356
2012/3/22,273.8699326
2012/3/23,246.4829394
2012/3/24,276.9129319
2012/3/25,246.4829394
2012/3/26,264.7409349
2012/3/27,261.6979356
2012/3/28,273.8699326
2012/3/29,273.8699326
2012/3/30,267.7839341
2012/3/31,267.7839341
2012/4/1,267.7839341
2012/4/2,270.9343334
2012/4/3,261.4831357
2012/4/4,261.4831357
2012/4/5,261.4831357
2012/4/6,264.6335349
2012/4/7,267.7839341
2012/4/8,258.3327365
2012/4/9,264.6335349
2012/4/10,267.7839341
2012/4/11,255.1823372
2012/4/12,292.9871279
2012/4/13,283.5359303
2012/4/14,264.6335349
2012/4/15,267.7839341
2012/4/16,261.4831357
2012/4/17,267.7839341
2012/4/18,255.1823372
2012/4/19,277.2351318
2012/4/20,270.9343334
2012/4/21,264.6335349
2012/4/22,252.031938
2012/4/23,264.6335349
2012/4/24,280.385531
2012/4/25,277.2351318
2012/4/26,283.5359303
2012/4/27,274.0847326
2012/4/28,280.385531
2012/4/29,258.3327365
2012/4/30,283.5359303
2012/5/1,264.6335349
2012/5/2,270.9343334
2012/5/3,261.4831357
2012/5/4,261.4831357
2012/5/5,274.0847326
2012/5/6,255.1823372
2012/5/7,267.7839341
2012/5/8,274.0847326
2012/5/9,264.6335349
2012/5/10,274.0847326
2012/5/11,248.8815388
2012/5/12,264.6335349
2012/5/13,274.0847326
2012/5/14,252.031938
2012/5/15,261.4831357
2012/5/16,277.2351318
2012/5/17,277.2351318
2012/5/18,315.0399225
2012/5/19,286.6863295
2012/5/20,283.5359303
2012/5/21,286.6863295
2012/5/22,296.1375272
2012/5/23,315.0399225
2012/5/24,274.0847326
2012/5/25,292.9871279
2012/5/26,267.7839341
2012/5/27,280.385531
2012/5/28,255.1823372
2012/5/29,267.7839341
2012/5/30,274.0847326
2012/5/31,274.0847326
2012/6/1,289.8367287
2012/6/2,261.4831357
2012/6/3,264.6335349
2012/6/4,267.7839341
2012/6/5,261.4831357
2012/6/6,267.7839341
2012/6/7,258.3327365
2012/6/8,270.9343334
2012/6/9,274.0847326
2012/6/10,258.3327365
2012/6/11,264.6335349
2012/6/12,264.6335349
2012/6/13,245.7311396
2012/6/14,255.1823372
2012/6/15,267.7839341
2012/6/16,270.9343334
2012/6/17,252.031938
2012/6/18,277.2351318
2012/6/19,264.6335349
2012/6/20,264.6335349
2012/6/21,255.1823372
2012/6/22,261.4831357
2012/6/23,277.2351318
2012/6/24,270.9343334
2012/6/25,264.6335349
2012/6/26,267.7839341
2012/6/27,270.9343334
2012/6/28,264.6335349
2012/6/29,258.3327365
2012/6/30,270.9343334
2012/7/1,261.4831357
2012/7/2,242.416657
2012/7/3,247.8642224
2012/7/4,234.2453091
2012/7/5,236.9690917
2012/7/6,245.1404397
2012/7/7,250.588005
2012/7/8,228.7977437
2012/7/9,231.5215264
2012/7/10,231.5215264
2012/7/11,234.2453091
2012/7/12,223.3501784
2012/7/13,245.1404397
2012/7/14,242.416657
2012/7/15,242.416657
2012/7/16,226.0739611
2012/7/17,247.8642224
2012/7/18,231.5215264
2012/7/19,242.416657
2012/7/20,247.8642224
2012/7/21,242.416657
2012/7/22,236.9690917
2012/7/23,253.3117877
2012/7/24,242.416657
2012/7/25,234.2453091
2012/7/26,242.416657
2012/7/27,272.3782663
2012/7/28,250.588005
2012/7/29,242.416657
2012/7/30,231.5215264
2012/7/31,250.588005
2012/8/1,250.588005
2012/8/2,242.416657
2012/8/3,236.9690917
2012/8/4,245.1404397
2012/8/5,228.7977437
2012/8/6,220.6263957
2012/8/7,250.588005
2012/8/8,250.588005
2012/8/9,256.0355704
2012/8/10,239.6928744
2012/8/11,239.6928744
2012/8/12,239.6928744
2012/8/13,239.6928744
2012/8/14,247.8642224
2012/8/15,228.7977437
2012/8/16,226.0739611
2012/8/17,236.9690917
2012/8/18,234.2453091
2012/8/19,236.9690917
2012/8/20,256.0355704
2012/8/21,226.0739611
2012/8/22,250.588005
2012/8/23,231.5215264
2012/8/24,236.9690917
2012/8/25,247.8642224
2012/8/26,226.0739611
2012/8/27,256.0355704
2012/8/28,264.2069184
2012/8/29,242.416657
2012/8/30,242.416657
2012/8/31,245.1404397
2012/9/1,231.5215264
2012/9/2,234.2453091
2012/9/3,231.5215264
2012/9/4,253.3117877
2012/9/5,242.416657
2012/9/6,234.2453091
2012/9/7,264.2069184
2012/9/8,250.588005
2012/9/9,239.6928744
2012/9/10,242.416657
2012/9/11,253.3117877
2012/9/12,250.588005
2012/9/13,258.759353
2012/9/14,264.2069184
2012/9/15,245.1404397
2012/9/16,228.7977437
2012/9/17,250.588005
2012/9/18,242.416657
2012/9/19,256.0355704
2012/9/20,272.3782663
2012/9/21,266.930701
2012/9/22,245.1404397
2012/9/23,220.6263957
2012/9/24,258.759353
2012/9/25,264.2069184
2012/9/26,253.3117877
2012/9/27,272.3782663
2012/9/28,264.2069184
2012/9/29,253.3117877
2012/9/30,242.416657
2012/10/1,269.6544837
2012/10/2,262.1640814
2012/10/3,254.673679
2012/10/4,265.9092825
2012/10/5,258.4188802
2012/10/6,243.4380755
2012/10/7,254.673679
2012/10/8,269.6544837
2012/10/9,269.6544837
2012/10/10,258.4188802
2012/10/11,273.3996848
2012/10/12,265.9092825
2012/10/13,243.4380755
2012/10/14,228.4572709
2012/10/15,269.6544837
2012/10/16,250.9284779
2012/10/17,250.9284779
2012/10/18,374.5201162
2012/10/19,344.5585069
2012/10/20,250.9284779
2012/10/21,250.9284779
2012/10/22,292.1256907
2012/10/23,273.3996848
2012/10/24,265.9092825
2012/10/25,262.1640814
2012/10/26,254.673679
2012/10/27,224.7120697
2012/10/28,217.2216674
2012/10/29,250.9284779
2012/10/30,262.1640814
2012/10/31,269.6544837
2012/11/1,277.144886
2012/11/2,265.9092825
2012/11/3,250.9284779
2012/11/4,239.6928744
2012/11/5,262.1640814
2012/11/6,250.9284779
2012/11/7,243.4380755
2012/11/8,262.1640814
2012/11/9,258.4188802
2012/11/10,235.9476732
2012/11/11,228.4572709
2012/11/12,247.1832767
2012/11/13,239.6928744
2012/11/14,247.1832767
2012/11/15,250.9284779
2012/11/16,250.9284779
2012/11/17,235.9476732
2012/11/18,232.2024721
2012/11/19,254.673679
2012/11/20,247.1832767
2012/11/21,247.1832767
2012/11/22,243.4380755
2012/11/23,224.7120697
2012/11/24,232.2024721
2012/11/25,228.4572709
2012/11/26,247.1832767
2012/11/27,262.1640814
2012/11/28,265.9092825
2012/11/29,265.9092825
2012/11/30,273.3996848
2012/12/1,250.9284779
2012/12/2,239.6928744
2012/12/3,265.9092825
2012/12/4,262.1640814
2012/12/5,262.1640814
2012/12/6,265.9092825
2012/12/7,269.6544837
2012/12/8,265.9092825
2012/12/9,232.2024721
2012/12/10,280.8900872
2012/12/11,254.673679
2012/12/12,265.9092825
2012/12/13,273.3996848
2012/12/14,265.9092825
2012/12/15,250.9284779
2012/12/16,247.1832767
2012/12/17,262.1640814
2012/12/18,262.1640814
2012/12/19,258.4188802
2012/12/20,265.9092825
2012/12/21,254.673679
2012/12/22,239.6928744
2012/12/23,254.673679
2012/12/24,269.6544837
2012/12/25,258.4188802
2012/12/26,258.4188802
2012/12/27,228.4572709
2012/12/28,262.1640814
2012/12/29,262.1640814
2012/12/30,239.6928744
2012/12/31,250.9284779
2013/1/1,258.4188802
2013/1/2,270.8728021
2013/1/3,261.5323607
2013/1/4,261.5323607
2013/1/5,255.3053997
2013/1/6,249.0784387
2013/1/7,258.4188802
2013/1/8,258.4188802
2013/1/9,258.4188802
2013/1/10,267.7593216
2013/1/11,264.6458412
2013/1/12,245.9649583
2013/1/13,261.5323607
2013/1/14,270.8728021
2013/1/15,255.3053997
2013/1/16,283.3267241
2013/1/17,267.7593216
2013/1/18,273.9862826
2013/1/19,261.5323607
2013/1/20,236.6245168
2013/1/21,249.0784387
2013/1/22,289.553685
2013/1/23,311.3480484
2013/1/24,273.9862826
2013/1/25,258.4188802
2013/1/26,245.9649583
2013/1/27,239.7379973
2013/1/28,273.9862826
2013/1/29,264.6458412
2013/1/30,255.3053997
2013/1/31,270.8728021
2013/2/1,280.2132436
2013/2/2,245.9649583
2013/2/3,224.1705949
2013/2/4,267.7593216
2013/2/5,255.3053997
2013/2/6,258.4188802
2013/2/7,261.5323607
2013/2/8,261.5323607
2013/2/9,255.3053997
2013/2/10,239.7379973
2013/2/11,255.3053997
2013/2/12,270.8728021
2013/2/13,280.2132436
2013/2/14,264.6458412
2013/2/15,258.4188802
2013/2/16,252.1919192
2013/2/17,252.1919192
2013/2/18,258.4188802
2013/2/19,283.3267241
2013/2/20,273.9862826
2013/2/21,261.5323607
2013/2/22,270.8728021
2013/2/23,233.5110363
2013/2/24,242.8514778
2013/2/25,252.1919192
2013/2/26,252.1919192
2013/2/27,249.0784387
2013/2/28,245.9649583
2013/3/1,245.9649583
2013/3/2,224.1705949
2013/3/3,217.9436339
2013/3/4,242.8514778
2013/3/5,242.8514778
2013/3/6,255.3053997
2013/3/7,236.6245168
2013/3/8,252.1919192
2013/3/9,214.8301534
2013/3/10,205.489712
2013/3/11,239.7379973
2013/3/12,245.9649583
2013/3/13,261.5323607
2013/3/14,249.0784387
2013/3/15,233.5110363
2013/3/16,227.2840754
2013/3/17,221.0571144
2013/3/18,239.7379973
2013/3/19,230.3975558
2013/3/20,242.8514778
2013/3/21,249.0784387
2013/3/22,233.5110363
2013/3/23,236.6245168
2013/3/24,230.3975558
2013/3/25,236.6245168
2013/3/26,230.3975558
2013/3/27,239.7379973
2013/3/28,242.8514778
2013/3/29,227.2840754
2013/3/30,217.9436339
2013/3/31,224.1705949
2013/4/1,245.9649583
2013/4/2,237.5797892
2013/4/3,240.3748456
2013/4/4,229.1946202
2013/4/5,237.5797892
2013/4/6,206.8341694
2013/4/7,206.8341694
2013/4/8,226.3995638
2013/4/9,248.7600146
2013/4/10,231.9896765
2013/4/11,234.7847329
2013/4/12,226.3995638
2013/4/13,218.0143948
2013/4/14,212.4242821
2013/4/15,251.5550709
2013/4/16,245.9649583
2013/4/17,243.1699019
2013/4/18,268.325409
2013/4/19,262.7352963
2013/4/20,229.1946202
2013/4/21,201.2440568
2013/4/22,245.9649583
2013/4/23,240.3748456
2013/4/24,248.7600146
2013/4/25,257.1451836
2013/4/26,240.3748456
2013/4/27,212.4242821
2013/4/28,209.6292258
2013/4/29,243.1699019
2013/4/30,243.1699019
2013/5/1,234.7847329
2013/5/2,254.3501273
2013/5/3,240.3748456
2013/5/4,223.6045075
2013/5/5,215.2193385
2013/5/6,234.7847329
2013/5/7,240.3748456
2013/5/8,245.9649583
2013/5/9,245.9649583
2013/5/10,251.5550709
2013/5/11,215.2193385
2013/5/12,220.8094512
2013/5/13,248.7600146
2013/5/14,257.1451836
2013/5/15,279.5056344
2013/5/16,271.1204654
2013/5/17,245.9649583
2013/5/18,212.4242821
2013/5/19,209.6292258
2013/5/20,243.1699019
2013/5/21,251.5550709
2013/5/22,243.1699019
2013/5/23,245.9649583
2013/5/24,226.3995638
2013/5/25,212.4242821
2013/5/26,204.0391131
2013/5/27,218.0143948
2013/5/28,229.1946202
2013/5/29,231.9896765
2013/5/30,231.9896765
2013/5/31,237.5797892
2013/6/1,218.0143948
2013/6/2,212.4242821
2013/6/3,237.5797892
2013/6/4,234.7847329
2013/6/5,237.5797892
2013/6/6,226.3995638
2013/6/7,231.9896765
2013/6/8,220.8094512
2013/6/9,223.6045075
2013/6/10,251.5550709
2013/6/11,226.3995638
2013/6/12,226.3995638
2013/6/13,223.6045075
2013/6/14,240.3748456
2013/6/15,218.0143948
2013/6/16,212.4242821
2013/6/17,231.9896765
2013/6/18,229.1946202
2013/6/19,245.9649583
2013/6/20,237.5797892
2013/6/21,237.5797892
2013/6/22,209.6292258
2013/6/23,226.3995638
2013/6/24,231.9896765
2013/6/25,234.7847329
2013/6/26,229.1946202
2013/6/27,223.6045075
2013/6/28,229.1946202
2013/6/29,220.8094512
2013/6/30,215.2193385
2013/7/1,237.5797892
2013/7/2,231.4879998
2013/7/3,231.4879998
2013/7/4,213.2126314
2013/7/5,234.5338945
2013/7/6,213.2126314
2013/7/7,219.3044208
2013/7/8,240.625684
2013/7/9,225.3962103
2013/7/10,222.3503156
2013/7/11,237.5797892
2013/7/12,240.625684
2013/7/13,219.3044208
2013/7/14,213.2126314
2013/7/15,234.5338945
2013/7/16,228.442105
2013/7/17,225.3962103
2013/7/18,264.9928418
2013/7/19,271.0846313
2013/7/20,228.442105
2013/7/21,216.2585261
2013/7/22,234.5338945
2013/7/23,219.3044208
2013/7/24,237.5797892
2013/7/25,243.6715787
2013/7/26,219.3044208
2013/7/27,219.3044208
2013/7/28,213.2126314
2013/7/29,234.5338945
2013/7/30,222.3503156
2013/7/31,231.4879998
2013/8/1,234.5338945
2013/8/2,249.7633682
2013/8/3,216.2585261
2013/8/4,213.2126314
2013/8/5,234.5338945
2013/8/6,237.5797892
2013/8/7,228.442105
2013/8/8,219.3044208
2013/8/9,231.4879998
2013/8/10,219.3044208
2013/8/11,213.2126314
2013/8/12,234.5338945
2013/8/13,225.3962103
2013/8/14,228.442105
2013/8/15,240.625684
2013/8/16,234.5338945
2013/8/17,225.3962103
2013/8/18,216.2585261
2013/8/19,252.8092629
2013/8/20,240.625684
2013/8/21,234.5338945
2013/8/22,234.5338945
2013/8/23,231.4879998
2013/8/24,210.1667366
2013/8/25,210.1667366
2013/8/26,237.5797892
2013/8/27,234.5338945
2013/8/28,231.4879998
2013/8/29,231.4879998
2013/8/30,228.442105
2013/8/31,207.1208419
2013/9/1,216.2585261
2013/9/2,207.1208419
2013/9/3,225.3962103
2013/9/4,228.442105
2013/9/5,246.7174734
2013/9/6,225.3962103
2013/9/7,204.0749472
2013/9/8,201.0290524
2013/9/9,234.5338945
2013/9/10,240.625684
2013/9/11,222.3503156
2013/9/12,225.3962103
2013/9/13,219.3044208
2013/9/14,216.2585261
2013/9/15,210.1667366
2013/9/16,231.4879998
2013/9/17,225.3962103
2013/9/18,234.5338945
2013/9/19,243.6715787
2013/9/20,240.625684
2013/9/21,234.5338945
2013/9/22,231.4879998
2013/9/23,264.9928418
2013/9/24,261.9469471
2013/9/25,271.0846313
2013/9/26,268.0387366
2013/9/27,304.5894734
2013/9/28,255.8551576
2013/9/29,261.9469471
2013/9/30,295.4517892
2013/10/1,286.314105
2013/10/2,274.0435005
2013/10/3,282.2239035
2013/10/4,269.953299
2013/10/5,249.5022915
2013/10/6,249.5022915
2013/10/7,274.0435005
2013/10/8,290.4043065
2013/10/9,278.133702
2013/10/10,274.0435005
2013/10/11,269.953299
2013/10/12,253.592493
2013/10/13,237.231687
2013/10/14,274.0435005
2013/10/15,274.0435005
2013/10/16,265.8630975
2013/10/17,319.035717
2013/10/18,409.0201499
2013/10/19,294.494508
2013/10/20,257.6826945
2013/10/21,323.1259185
2013/10/22,314.9455155
2013/10/23,302.674911
2013/10/24,282.2239035
2013/10/25,278.133702
2013/10/26,245.41209
2013/10/27,245.41209
2013/10/28,298.5847095
2013/10/29,282.2239035
2013/10/30,278.133702
2013/10/31,282.2239035
2013/11/1,253.592493
2013/11/2,249.5022915
2013/11/3,229.051284
2013/11/4,282.2239035
2013/11/5,286.314105
2013/11/6,278.133702
2013/11/7,294.494508
2013/11/8,274.0435005
2013/11/9,253.592493
2013/11/10,253.592493
2013/11/11,274.0435005
2013/11/12,265.8630975
2013/11/13,278.133702
2013/11/14,286.314105
2013/11/15,282.2239035
2013/11/16,253.592493
2013/11/17,249.5022915
2013/11/18,282.2239035
2013/11/19,274.0435005
2013/11/20,278.133702
2013/11/21,278.133702
2013/11/22,278.133702
2013/11/23,257.6826945
2013/11/24,245.41209
2013/11/25,278.133702
2013/11/26,269.953299
2013/11/27,274.0435005
2013/11/28,269.953299
2013/11/29,249.5022915
2013/11/30,249.5022915
2013/12/1,249.5022915
2013/12/2,278.133702
2013/12/3,274.0435005
2013/12/4,278.133702
2013/12/5,278.133702
2013/12/6,274.0435005
2013/12/7,233.1414855
2013/12/8,245.41209
2013/12/9,274.0435005
2013/12/10,274.0435005
2013/12/11,274.0435005
2013/12/12,278.133702
2013/12/13,269.953299
2013/12/14,257.6826945
2013/12/15,249.5022915
2013/12/16,269.953299
2013/12/17,265.8630975
2013/12/18,278.133702
2013/12/19,265.8630975
2013/12/20,261.772896
2013/12/21,241.3218885
2013/12/22,253.592493
2013/12/23,274.0435005
2013/12/24,257.6826945
2013/12/25,286.314105
2013/12/26,261.772896
2013/12/27,257.6826945
2013/12/28,249.5022915
2013/12/29,241.3218885
2013/12/30,257.6826945
2013/12/31,253.592493
2014/1/1,249.5022915
2014/1/2,271.8935228
2014/1/3,249.5022915
2014/1/4,239.9060495
2014/1/5,233.5085548
2014/1/6,265.4960281
2014/1/7,278.2910174
2014/1/8,265.4960281
2014/1/9,265.4960281
2014/1/10,262.2972808
2014/1/11,246.3035441
2014/1/12,243.1047968
2014/1/13,281.4897647
2014/1/14,275.0922701
2014/1/15,284.6885121
2014/1/16,271.8935228
2014/1/17,268.6947754
2014/1/18,243.1047968
2014/1/19,233.5085548
2014/1/20,252.7010388
2014/1/21,268.6947754
2014/1/22,268.6947754
2014/1/23,265.4960281
2014/1/24,271.8935228
2014/1/25,249.5022915
2014/1/26,239.9060495
2014/1/27,278.2910174
2014/1/28,275.0922701
2014/1/29,291.0860067
2014/1/30,319.8747327
2014/1/31,319.8747327
2014/2/1,252.7010388
2014/2/2,255.8997861
2014/2/3,287.8872594
2014/2/4,284.6885121
2014/2/5,268.6947754
2014/2/6,271.8935228
2014/2/7,294.284754
2014/2/8,239.9060495
2014/2/9,249.5022915
2014/2/10,271.8935228
2014/2/11,284.6885121
2014/2/12,303.880996
2014/2/13,275.0922701
2014/2/14,294.284754
2014/2/15,243.1047968
2014/2/16,246.3035441
2014/2/17,259.0985334
2014/2/18,281.4897647
2014/2/19,268.6947754
2014/2/20,284.6885121
2014/2/21,268.6947754
2014/2/22,249.5022915
2014/2/23,236.7073022
2014/2/24,281.4897647
2014/2/25,291.0860067
2014/2/26,294.284754
2014/2/27,287.8872594
2014/2/28,278.2910174
2014/3/1,246.3035441
2014/3/2,239.9060495
2014/3/3,281.4897647
2014/3/4,275.0922701
2014/3/5,275.0922701
2014/3/6,278.2910174
2014/3/7,291.0860067
2014/3/8,265.4960281
2014/3/9,249.5022915
2014/3/10,303.880996
2014/3/11,297.4835014
2014/3/12,297.4835014
2014/3/13,297.4835014
2014/3/14,287.8872594
2014/3/15,249.5022915
2014/3/16,239.9060495
2014/3/17,287.8872594
2014/3/18,287.8872594
2014/3/19,281.4897647
2014/3/20,303.880996
2014/3/21,271.8935228
2014/3/22,236.7073022
2014/3/23,239.9060495
2014/3/24,275.0922701
2014/3/25,297.4835014
2014/3/26,281.4897647
2014/3/27,297.4835014
2014/3/28,278.2910174
2014/3/29,243.1047968
2014/3/30,249.5022915
2014/3/31,287.8872594
2014/4/1,287.8872594
2014/4/2,297.8144063
2014/4/3,330.9048958
2014/4/4,307.7415531
2014/4/5,251.4877208
2014/4/6,228.3243781
2014/4/7,297.8144063
2014/4/8,287.8872594
2014/4/9,281.2691615
2014/4/10,281.2691615
2014/4/11,291.1963083
2014/4/12,244.8696229
2014/4/13,238.251525
2014/4/14,287.8872594
2014/4/15,291.1963083
2014/4/16,301.1234552
2014/4/17,301.1234552
2014/4/18,271.3420146
2014/4/19,241.560574
2014/4/20,248.1786719
2014/4/21,274.6510636
2014/4/22,304.4325042
2014/4/23,287.8872594
2014/4/24,277.9601125
2014/4/25,264.7239167
2014/4/26,238.251525
2014/4/27,234.9424761
2014/4/28,301.1234552
2014/4/29,281.2691615
2014/4/30,297.8144063
2014/5/1,284.5782104
2014/5/2,268.0329656
2014/5/3,248.1786719
2014/5/4,248.1786719
2014/5/5,277.9601125
2014/5/6,274.6510636
2014/5/7,287.8872594
2014/5/8,284.5782104
2014/5/9,291.1963083
2014/5/10,254.7967698
2014/5/11,241.560574
2014/5/12,287.8872594
2014/5/13,281.2691615
2014/5/14,281.2691615
2014/5/15,287.8872594
2014/5/16,251.4877208
2014/5/17,241.560574
2014/5/18,241.560574
2014/5/19,304.4325042
2014/5/20,284.5782104
2014/5/21,291.1963083
2014/5/22,301.1234552
2014/5/23,277.9601125
2014/5/24,258.1058188
2014/5/25,241.560574
2014/5/26,261.4148677
2014/5/27,294.5053573
2014/5/28,277.9601125
2014/5/29,287.8872594
2014/5/30,284.5782104
2014/5/31,248.1786719
2014/6/1,251.4877208
2014/6/2,284.5782104
2014/6/3,284.5782104
2014/6/4,277.9601125
2014/6/5,268.0329656
2014/6/6,261.4148677
2014/6/7,254.7967698
2014/6/8,241.560574
2014/6/9,284.5782104
2014/6/10,264.7239167
2014/6/11,261.4148677
2014/6/12,277.9601125
2014/6/13,258.1058188
2014/6/14,261.4148677
2014/6/15,244.8696229
2014/6/16,268.0329656
2014/6/17,268.0329656
2014/6/18,254.7967698
2014/6/19,274.6510636
2014/6/20,248.1786719
2014/6/21,225.0153292
2014/6/22,231.6334271
2014/6/23,268.0329656
2014/6/24,261.4148677
2014/6/25,238.251525
2014/6/26,258.1058188
2014/6/27,241.560574
2014/6/28,225.0153292
2014/6/29,221.7062802
2014/6/30,248.1786719
2014/7/1,248.1786719
2014/7/2,237.5043204
2014/7/3,250.8472598
2014/7/4,234.8357325
2014/7/5,218.8242053
2014/7/6,224.1613811
2014/7/7,245.510084
2014/7/8,253.5158476
2014/7/9,240.1729083
2014/7/10,232.1671447
2014/7/11,245.510084
2014/7/12,221.4927932
2014/7/13,248.1786719
2014/7/14,232.1671447
2014/7/15,240.1729083
2014/7/16,240.1729083
2014/7/17,266.858787
2014/7/18,258.8530234
2014/7/19,240.1729083
2014/7/20,226.8299689
2014/7/21,240.1729083
2014/7/22,258.8530234
2014/7/23,226.8299689
2014/7/24,242.8414961
2014/7/25,232.1671447
2014/7/26,245.510084
2014/7/27,213.4870296
2014/7/28,237.5043204
2014/7/29,242.8414961
2014/7/30,253.5158476
2014/7/31,242.8414961
2014/8/1,234.8357325
2014/8/2,245.510084
2014/8/3,213.4870296
2014/8/4,248.1786719
2014/8/5,248.1786719
2014/8/6,248.1786719
2014/8/7,224.1613811
2014/8/8,245.510084
2014/8/9,229.4985568
2014/8/10,218.8242053
2014/8/11,248.1786719
2014/8/12,234.8357325
2014/8/13,256.1844355
2014/8/14,256.1844355
2014/8/15,240.1729083
2014/8/16,232.1671447
2014/8/17,213.4870296
2014/8/18,242.8414961
2014/8/19,237.5043204
2014/8/20,216.1556174
2014/8/21,221.4927932
2014/8/22,218.8242053
2014/8/23,197.4755024
2014/8/24,186.8011509
2014/8/25,213.4870296
2014/8/26,216.1556174
2014/8/27,210.8184417
2014/8/28,208.1498538
2014/8/29,205.481266
2014/8/30,197.4755024
2014/8/31,200.1440902
2014/9/1,210.8184417
2014/9/2,216.1556174
2014/9/3,216.1556174
2014/9/4,213.4870296
2014/9/5,213.4870296
2014/9/6,200.1440902
2014/9/7,197.4755024
2014/9/8,218.8242053
2014/9/9,226.8299689
2014/9/10,213.4870296
2014/9/11,213.4870296
2014/9/12,216.1556174
2014/9/13,200.1440902
2014/9/14,194.8069145
2014/9/15,221.4927932
2014/9/16,221.4927932
2014/9/17,218.8242053
2014/9/18,208.1498538
2014/9/19,224.1613811
2014/9/20,189.4697388
2014/9/21,197.4755024
2014/9/22,202.8126781
2014/9/23,213.4870296
2014/9/24,210.8184417
2014/9/25,221.4927932
2014/9/26,202.8126781
2014/9/27,192.1383266
2014/9/28,189.4697388
2014/9/29,210.8184417
2014/9/30,202.8126781
2014/10/1,197.4755024
2014/10/2,204.2850024
2014/10/3,204.2850024
2014/10/4,197.4755024
2014/10/5,186.1263356
2014/10/6,204.2850024
2014/10/7,213.3643359
2014/10/8,208.8246692
2014/10/9,213.3643359
2014/10/10,202.0151691
2014/10/11,177.0470021
2014/10/12,181.5866688
2014/10/13,204.2850024
2014/10/14,211.0945025
2014/10/15,208.8246692
2014/10/16,226.983336
2014/10/17,208.8246692
2014/10/18,204.2850024
2014/10/19,179.3168355
2014/10/20,215.6341692
2014/10/21,206.5548358
2014/10/22,211.0945025
2014/10/23,197.4755024
2014/10/24,206.5548358
2014/10/25,170.237502
2014/10/26,181.5866688
2014/10/27,211.0945025
2014/10/28,206.5548358
2014/10/29,192.9358356
2014/10/30,206.5548358
2014/10/31,192.9358356
2014/11/1,192.9358356
2014/11/2,186.1263356
2014/11/3,208.8246692
2014/11/4,204.2850024
2014/11/5,206.5548358
2014/11/6,215.6341692
2014/11/7,199.7453357
2014/11/8,188.3961689
2014/11/9,183.8565022
2014/11/10,208.8246692
2014/11/11,208.8246692
2014/11/12,199.7453357
2014/11/13,215.6341692
2014/11/14,206.5548358
2014/11/15,174.7771688
2014/11/16,172.5073354
2014/11/17,202.0151691
2014/11/18,213.3643359
2014/11/19,208.8246692
2014/11/20,204.2850024
2014/11/21,206.5548358
2014/11/22,183.8565022
2014/11/23,170.237502
2014/11/24,199.7453357
2014/11/25,190.6660023
2014/11/26,199.7453357
2014/11/27,195.205669
2014/11/28,202.0151691
2014/11/29,186.1263356
2014/11/30,179.3168355
2014/12/1,211.0945025
2014/12/2,202.0151691
2014/12/3,192.9358356
2014/12/4,202.0151691
2014/12/5,204.2850024
2014/12/6,179.3168355
2014/12/7,183.8565022
2014/12/8,197.4755024
2014/12/9,213.3643359
2014/12/10,215.6341692
2014/12/11,202.0151691
2014/12/12,204.2850024
2014/12/13,188.3961689
2014/12/14,179.3168355
2014/12/15,213.3643359
2014/12/16,217.9040026
2014/12/17,206.5548358
2014/12/18,208.8246692
2014/12/19,204.2850024
2014/12/20,190.6660023
2014/12/21,177.0470021
2014/12/22,183.8565022
2014/12/23,192.9358356
2014/12/24,188.3961689
2014/12/25,195.205669
2014/12/26,192.9358356
2014/12/27,179.3168355
2014/12/28,181.5866688
2014/12/29,188.3961689
2014/12/30,190.6660023
2014/12/31,186.1263356
2015/1/1,172.5073354
2015/1/2,179.4076288
2015/1/3,179.4076288
2015/1/4,179.4076288
2015/1/5,207.0088025
2015/1/6,204.7087047
2015/1/7,197.8084113
2015/1/8,200.1085091
2015/1/9,197.8084113
2015/1/10,184.0078244
2015/1/11,184.0078244
2015/1/12,204.7087047
2015/1/13,190.9081178
2015/1/14,207.0088025
2015/1/15,207.0088025
2015/1/16,193.2082156
2015/1/17,184.0078244
2015/1/18,181.7077266
2015/1/19,193.2082156
2015/1/20,202.4086069
2015/1/21,207.0088025
2015/1/22,209.3089003
2015/1/23,200.1085091
2015/1/24,181.7077266
2015/1/25,184.0078244
2015/1/26,200.1085091
2015/1/27,209.3089003
2015/1/28,197.8084113
2015/1/29,220.8093893
2015/1/30,230.0097805
2015/1/31,174.8074332
2015/2/1,181.7077266
2015/2/2,195.5083134
2015/2/3,197.8084113
2015/2/4,207.0088025
2015/2/5,200.1085091
2015/2/6,193.2082156
2015/2/7,193.2082156
2015/2/8,184.0078244
2015/2/9,195.5083134
2015/2/10,195.5083134
2015/2/11,200.1085091
2015/2/12,195.5083134
2015/2/13,200.1085091
2015/2/14,177.107531
2015/2/15,172.5073354
2015/2/16,190.9081178
2015/2/17,195.5083134
2015/2/18,186.3079222
2015/2/19,195.5083134
2015/2/20,195.5083134
2015/2/21,181.7077266
2015/2/22,179.4076288
2015/2/23,193.2082156
2015/2/24,195.5083134
2015/2/25,197.8084113
2015/2/26,204.7087047
2015/2/27,204.7087047
2015/2/28,179.4076288
2015/3/1,179.4076288
2015/3/2,204.7087047
2015/3/3,211.6089981
2015/3/4,202.4086069
2015/3/5,211.6089981
2015/3/6,204.7087047
2015/3/7,188.60802
2015/3/8,177.107531
2015/3/9,202.4086069
2015/3/10,195.5083134
2015/3/11,209.3089003
2015/3/12,193.2082156
2015/3/13,193.2082156
2015/3/14,174.8074332
2015/3/15,177.107531
2015/3/16,197.8084113
2015/3/17,197.8084113
2015/3/18,193.2082156
2015/3/19,184.0078244
2015/3/20,195.5083134
2015/3/21,179.4076288
2015/3/22,172.5073354
2015/3/23,190.9081178
2015/3/24,202.4086069
2015/3/25,154.106553
2015/3/26,193.2082156
2015/3/27,186.3079222
2015/3/28,172.5073354
2015/3/29,167.9071398
2015/3/30,202.4086069
2015/3/31,190.9081178
2015/4/1,202.4086069
2015/4/2,184.9971138
2015/4/3,178.4678039
2015/4/4,171.938494
2015/4/5,167.5856207
2015/4/6,182.8206772
2015/4/7,189.3499871
2015/4/8,195.879297
2015/4/9,189.3499871
2015/4/10,187.1735504
2015/4/11,165.4091841
2015/4/12,163.2327475
2015/4/13,193.7028603
2015/4/14,200.2321702
2015/4/15,184.9971138
2015/4/16,200.2321702
2015/4/17,198.0557336
2015/4/18,169.7620574
2015/4/19,169.7620574
2015/4/20,198.0557336
2015/4/21,191.5264237
2015/4/22,200.2321702
2015/4/23,217.6436633
2015/4/24,195.879297
2015/4/25,169.7620574
2015/4/26,167.5856207
2015/4/27,198.0557336
2015/4/28,187.1735504
2015/4/29,195.879297
2015/4/30,191.5264237
2015/5/1,191.5264237
2015/5/2,165.4091841
2015/5/3,169.7620574
2015/5/4,195.879297
2015/5/5,178.4678039
2015/5/6,198.0557336
2015/5/7,189.3499871
2015/5/8,187.1735504
2015/5/9,169.7620574
2015/5/10,165.4091841
2015/5/11,187.1735504
2015/5/12,193.7028603
2015/5/13,182.8206772
2015/5/14,189.3499871
2015/5/15,191.5264237
2015/5/16,163.2327475
2015/5/17,165.4091841
2015/5/18,198.0557336
2015/5/19,191.5264237
2015/5/20,180.6442405
2015/5/21,191.5264237
2015/5/22,180.6442405
2015/5/23,163.2327475
2015/5/24,156.7034376
2015/5/25,163.2327475
2015/5/26,182.8206772
2015/5/27,169.7620574
2015/5/28,191.5264237
2015/5/29,182.8206772
2015/5/30,161.0563108
2015/5/31,167.5856207
2015/6/1,184.9971138
2015/6/2,176.2913673
2015/6/3,184.9971138
2015/6/4,182.8206772
2015/6/5,180.6442405
2015/6/6,161.0563108
2015/6/7,156.7034376
2015/6/8,182.8206772
2015/6/9,191.5264237
2015/6/10,178.4678039
2015/6/11,178.4678039
2015/6/12,180.6442405
2015/6/13,161.0563108
2015/6/14,154.5270009
2015/6/15,176.2913673
2015/6/16,169.7620574
2015/6/17,178.4678039
2015/6/18,174.1149306
2015/6/19,178.4678039
2015/6/20,163.2327475
2015/6/21,158.8798742
2015/6/22,167.5856207
2015/6/23,178.4678039
2015/6/24,176.2913673
2015/6/25,169.7620574
2015/6/26,158.8798742
2015/6/27,158.8798742
2015/6/28,167.5856207
2015/6/29,171.938494
2015/6/30,178.4678039
2015/7/1,161.0563108
2015/7/2,178.4008366
2015/7/3,163.5341002
2015/7/4,143.7117851
2015/7/5,158.5785214
2015/7/6,168.489679
2015/7/7,178.4008366
2015/7/8,158.5785214
2015/7/9,173.4452578
2015/7/10,158.5785214
2015/7/11,163.5341002
2015/7/12,168.489679
2015/7/13,170.9674684
2015/7/14,175.9230472
2015/7/15,180.878626
2015/7/16,203.1787306
2015/7/17,247.7789397
2015/7/18,195.7453624
2015/7/19,178.4008366
2015/7/20,205.65652
2015/7/21,195.7453624
2015/7/22,183.3564154
2015/7/23,175.9230472
2015/7/24,178.4008366
2015/7/25,168.489679
2015/7/26,153.6229426
2015/7/27,173.4452578
2015/7/28,161.0563108
2015/7/29,175.9230472
2015/7/30,175.9230472
2015/7/31,170.9674684
2015/8/1,163.5341002
2015/8/2,148.6673638
2015/8/3,168.489679
2015/8/4,161.0563108
2015/8/5,188.3119942
2015/8/6,156.100732
2015/8/7,168.489679
2015/8/8,161.0563108
2015/8/9,158.5785214
2015/8/10,200.7009412
2015/8/11,245.3011504
2015/8/12,188.3119942
2015/8/13,188.3119942
2015/8/14,180.878626
2015/8/15,158.5785214
2015/8/16,161.0563108
2015/8/17,183.3564154
2015/8/18,168.489679
2015/8/19,173.4452578
2015/8/20,185.8342048
2015/8/21,188.3119942
2015/8/22,163.5341002
2015/8/23,161.0563108
2015/8/24,210.6120988
2015/8/25,185.8342048
2015/8/26,188.3119942
2015/8/27,193.267573
2015/8/28,183.3564154
2015/8/29,158.5785214
2015/8/30,158.5785214
2015/8/31,188.3119942
2015/9/1,193.267573
2015/9/2,195.7453624
2015/9/3,188.3119942
2015/9/4,188.3119942
2015/9/5,146.1895745
2015/9/6,163.5341002
2015/9/7,173.4452578
2015/9/8,183.3564154
2015/9/9,190.7897836
2015/9/10,183.3564154
2015/9/11,188.3119942
2015/9/12,158.5785214
2015/9/13,158.5785214
2015/9/14,190.7897836
2015/9/15,180.878626
2015/9/16,178.4008366
2015/9/17,185.8342048
2015/9/18,178.4008366
2015/9/19,156.100732
2015/9/20,153.6229426
2015/9/21,183.3564154
2015/9/22,185.8342048
2015/9/23,173.4452578
2015/9/24,175.9230472
2015/9/25,178.4008366
2015/9/26,163.5341002
2015/9/27,161.0563108
2015/9/28,178.4008366
2015/9/29,185.8342048
2015/9/30,175.9230472
2015/10/1,183.3564154
2015/10/2,178.9907865
2015/10/3,157.1626418
2015/10/4,144.065755
2015/10/5,192.0876733
2015/10/6,187.7220444
2015/10/7,187.7220444
2015/10/8,183.3564154
2015/10/9,181.1736009
2015/10/10,152.7970128
2015/10/11,159.3454563
2015/10/12,176.807972
2015/10/13,178.9907865
2015/10/14,176.807972
2015/10/15,183.3564154
2015/10/16,168.0767141
2015/10/17,150.6141984
2015/10/18,146.2485694
2015/10/19,174.6251575
2015/10/20,185.5392299
2015/10/21,178.9907865
2015/10/22,198.6361167
2015/10/23,209.550189
2015/10/24,163.7110852
2015/10/25,150.6141984
2015/10/26,200.8189312
2015/10/27,185.5392299
2015/10/28,185.5392299
2015/10/29,192.0876733
2015/10/30,198.6361167
2015/10/31,178.9907865
2015/11/1,159.3454563
2015/11/2,218.2814469
2015/11/3,185.5392299
2015/11/4,196.4533022
2015/11/5,187.7220444
2015/11/6,181.1736009
2015/11/7,154.9798273
2015/11/8,148.4313839
2015/11/9,172.4423431
2015/11/10,181.1736009
2015/11/11,185.5392299
2015/11/12,183.3564154
2015/11/13,174.6251575
2015/11/14,150.6141984
2015/11/15,150.6141984
2015/11/16,174.6251575
2015/11/17,176.807972
2015/11/18,189.9048588
2015/11/19,185.5392299
2015/11/20,181.1736009
2015/11/21,157.1626418
2015/11/22,152.7970128
2015/11/23,181.1736009
2015/11/24,189.9048588
2015/11/25,165.8938997
2015/11/26,168.0767141
2015/11/27,163.7110852
2015/11/28,157.1626418
2015/11/29,150.6141984
2015/11/30,176.807972
2015/12/1,174.6251575
2015/12/2,185.5392299
2015/12/3,176.807972
2015/12/4,172.4423431
2015/12/5,154.9798273
2015/12/6,157.1626418
2015/12/7,185.5392299
2015/12/8,185.5392299
2015/12/9,172.4423431
2015/12/10,189.9048588
2015/12/11,176.807972
2015/12/12,157.1626418
2015/12/13,148.4313839
2015/12/14,176.807972
2015/12/15,185.5392299
2015/12/16,174.6251575
2015/12/17,178.9907865
2015/12/18,176.807972
2015/12/19,154.9798273
2015/12/20,152.7970128
2015/12/21,168.0767141
2015/12/22,163.7110852
2015/12/23,170.2595286
2015/12/24,161.5282707
2015/12/25,152.7970128
2015/12/26,148.4313839
2015/12/27,146.2485694
2015/12/28,157.1626418
2015/12/29,152.7970128
2015/12/30,150.6141984
2015/12/31,159.3454563
2016/1/1,144.065755
2016/1/2,141.9155198
2016/1/3,139.7652847
2016/1/4,152.6666956
2016/1/5,150.5164604
2016/1/6,152.6666956
2016/1/7,163.4178713
2016/1/8,154.8169307
2016/1/9,139.7652847
2016/1/10,129.0141089
2016/1/11,167.7183416
2016/1/12,169.8685768
2016/1/13,169.8685768
2016/1/14,165.5681065
2016/1/15,156.9671659
2016/1/16,141.9155198
2016/1/17,129.0141089
2016/1/18,148.3662253
2016/1/19,159.117401
2016/1/20,165.5681065
2016/1/21,159.117401
2016/1/22,165.5681065
2016/1/23,129.0141089
2016/1/24,135.4648144
2016/1/25,163.4178713
2016/1/26,169.8685768
2016/1/27,174.1690471
2016/1/28,176.3192822
2016/1/29,165.5681065
2016/1/30,144.065755
2016/1/31,141.9155198
2016/2/1,202.122104
2016/2/2,215.0235149
2016/2/3,184.9202228
2016/2/4,180.6197525
2016/2/5,180.6197525
2016/2/6,144.065755
2016/2/7,137.6150495
2016/2/8,174.1690471
2016/2/9,180.6197525
2016/2/10,169.8685768
2016/2/11,176.3192822
2016/2/12,159.117401
2016/2/13,137.6150495
2016/2/14,137.6150495
2016/2/15,144.065755
2016/2/16,167.7183416
2016/2/17,159.117401
2016/2/18,169.8685768
2016/2/19,152.6666956
2016/2/20,139.7652847
2016/2/21,139.7652847
2016/2/22,169.8685768
2016/2/23,172.0188119
2016/2/24,165.5681065
2016/2/25,154.8169307
2016/2/26,169.8685768
2016/2/27,133.3145792
2016/2/28,135.4648144
2016/2/29,165.5681065
2016/3/1,167.7183416
2016/3/2,169.8685768
2016/3/3,159.117401
2016/3/4,165.5681065
2016/3/5,131.1643441
2016/3/6,135.4648144
2016/3/7,163.4178713
2016/3/8,148.3662253
2016/3/9,156.9671659
2016/3/10,169.8685768
2016/3/11,146.2159901
2016/3/12,129.0141089
2016/3/13,129.0141089
2016/3/14,169.8685768
2016/3/15,163.4178713
2016/3/16,165.5681065
2016/3/17,163.4178713
2016/3/18,150.5164604
2016/3/19,129.0141089
2016/3/20,131.1643441
2016/3/21,154.8169307
2016/3/22,159.117401
2016/3/23,152.6666956
2016/3/24,146.2159901
2016/3/25,152.6666956
2016/3/26,124.7136386
2016/3/27,118.2629332
2016/3/28,146.2159901
2016/3/29,161.2676362
2016/3/30,159.117401
2016/3/31,152.6666956
2016/4/1,146.2159901
2016/4/2,142.4181722
2016/4/3,127.2269005
2016/4/4,148.1148991
2016/4/5,169.0028977
2016/4/6,150.013808
2016/4/7,163.3061708
2016/4/8,144.3170812
2016/4/9,136.7214453
2016/4/10,129.1258095
2016/4/11,157.6094439
2016/4/12,167.1039887
2016/4/13,159.5083529
2016/4/14,146.2159901
2016/4/15,150.013808
2016/4/16,142.4181722
2016/4/17,131.0247184
2016/4/18,169.0028977
2016/4/19,169.0028977
2016/4/20,159.5083529
2016/4/21,182.2952604
2016/4/22,189.8908963
2016/4/23,138.6203543
2016/4/24,134.8225363
2016/4/25,151.912717
2016/4/26,163.3061708
2016/4/27,167.1039887
2016/4/28,174.6996246
2016/4/29,155.7105349
2016/4/30,129.1258095
2016/5/1,129.1258095
2016/5/2,155.7105349
2016/5/3,167.1039887
2016/5/4,151.912717
2016/5/5,153.811626
2016/5/6,144.3170812
2016/5/7,119.6312646
2016/5/8,117.7323557
2016/5/9,153.811626
2016/5/10,161.4072618
2016/5/11,169.0028977
2016/5/12,148.1148991
2016/5/13,150.013808
2016/5/14,117.7323557
2016/5/15,121.5301736
2016/5/16,150.013808
2016/5/17,159.5083529
2016/5/18,153.811626
2016/5/19,163.3061708
2016/5/20,151.912717
2016/5/21,132.9236274
2016/5/22,138.6203543
2016/5/23,159.5083529
2016/5/24,159.5083529
2016/5/25,151.912717
2016/5/26,148.1148991
2016/5/27,153.811626
2016/5/28,121.5301736
2016/5/29,117.7323557
2016/5/30,142.4181722
2016/5/31,159.5083529
2016/6/1,150.013808
2016/6/2,155.7105349
2016/6/3,151.912717
2016/6/4,123.4290826
2016/6/5,115.8334467
2016/6/6,165.2050797
2016/6/7,144.3170812
2016/6/8,144.3170812
2016/6/9,151.912717
2016/6/10,144.3170812
2016/6/11,132.9236274
2016/6/12,117.7323557
2016/6/13,142.4181722
2016/6/14,150.013808
2016/6/15,146.2159901
2016/6/16,138.6203543
2016/6/17,148.1148991
2016/6/18,132.9236274
2016/6/19,132.9236274
2016/6/20,140.5192632
2016/6/21,140.5192632
2016/6/22,140.5192632
2016/6/23,140.5192632
2016/6/24,157.6094439
2016/6/25,119.6312646
2016/6/26,115.8334467
2016/6/27,151.912717
2016/6/28,157.6094439
2016/6/29,148.1148991
2016/6/30,150.013808
2016/7/1,142.4181722
2016/7/2,118.3474952
2016/7/3,112.329826
2016/7/4,130.3828337
2016/7/5,142.4181722
2016/7/6,136.4005029
2016/7/7,134.3946132
2016/7/8,136.4005029
2016/7/9,126.3710542
2016/7/10,116.3416055
2016/7/11,138.4063927
2016/7/12,146.4299517
2016/7/13,144.4240619
2016/7/14,132.3887234
2016/7/15,146.4299517
2016/7/16,136.4005029
2016/7/17,114.3357157
2016/7/18,142.4181722
2016/7/19,136.4005029
2016/7/20,150.4417312
2016/7/21,138.4063927
2016/7/22,138.4063927
2016/7/23,114.3357157
2016/7/24,118.3474952
2016/7/25,146.4299517
2016/7/26,138.4063927
2016/7/27,140.4122824
2016/7/28,200.5889749
2016/7/29,186.5477467
2016/7/30,114.3357157
2016/7/31,116.3416055
2016/8/1,144.4240619
2016/8/2,148.4358414
2016/8/3,138.4063927
2016/8/4,142.4181722
2016/8/5,148.4358414
2016/8/6,122.3592747
2016/8/7,116.3416055
2016/8/8,138.4063927
2016/8/9,144.4240619
2016/8/10,152.4476209
2016/8/11,148.4358414
2016/8/12,138.4063927
2016/8/13,114.3357157
2016/8/14,116.3416055
2016/8/15,142.4181722
2016/8/16,140.4122824
2016/8/17,138.4063927
2016/8/18,142.4181722
2016/8/19,134.3946132
2016/8/20,122.3592747
2016/8/21,110.3239362
2016/8/22,140.4122824
2016/8/23,142.4181722
2016/8/24,148.4358414
2016/8/25,132.3887234
2016/8/26,140.4122824
2016/8/27,110.3239362
2016/8/28,110.3239362
2016/8/29,142.4181722
2016/8/30,138.4063927
2016/8/31,144.4240619
2016/9/1,136.4005029
2016/9/2,138.4063927
2016/9/3,112.329826
2016/9/4,114.3357157
2016/9/5,108.3180465
2016/9/6,150.4417312
2016/9/7,140.4122824
2016/9/8,134.3946132
2016/9/9,136.4005029
2016/9/10,114.3357157
2016/9/11,104.306267
2016/9/12,144.4240619
2016/9/13,140.4122824
2016/9/14,142.4181722
2016/9/15,144.4240619
2016/9/16,142.4181722
2016/9/17,110.3239362
2016/9/18,110.3239362
2016/9/19,138.4063927
2016/9/20,134.3946132
2016/9/21,146.4299517
2016/9/22,150.4417312
2016/9/23,140.4122824
2016/9/24,112.329826
2016/9/25,110.3239362
2016/9/26,146.4299517
2016/9/27,142.4181722
2016/9/28,140.4122824
2016/9/29,144.4240619
2016/9/30,138.4063927
2016/10/1,106.3121567
2016/10/2,115.1715031
2016/10/3,136.4339344
2016/10/4,154.1526272
2016/10/5,139.977673
2016/10/6,134.6620652
2016/10/7,134.6620652
2016/10/8,111.6277645
2016/10/9,109.8558953
2016/10/10,138.2058037
2016/10/11,148.8370194
2016/10/12,148.8370194
2016/10/13,141.7495423
2016/10/14,139.977673
2016/10/15,111.6277645
2016/10/16,102.7684182
2016/10/17,148.8370194
2016/10/18,148.8370194
2016/10/19,148.8370194
2016/10/20,143.5214116
2016/10/21,134.6620652
2016/10/22,108.084026
2016/10/23,108.084026
2016/10/24,138.2058037
2016/10/25,155.9244965
2016/10/26,150.6088887
2016/10/27,177.1869278
2016/10/28,159.4682351
2016/10/29,116.9433724
2016/10/30,104.5402874
2016/10/31,139.977673
2016/11/1,141.7495423
2016/11/2,152.3807579
2016/11/3,138.2058037
2016/11/4,143.5214116
2016/11/5,113.3996338
2016/11/6,106.3121567
2016/11/7,143.5214116
2016/11/8,147.0651501
2016/11/9,168.3275815
2016/11/10,161.2401043
2016/11/11,141.7495423
2016/11/12,106.3121567
2016/11/13,109.8558953
2016/11/14,147.0651501
2016/11/15,143.5214116
2016/11/16,150.6088887
2016/11/17,138.2058037
2016/11/18,139.977673
2016/11/19,116.9433724
2016/11/20,100.9965489
2016/11/21,138.2058037
2016/11/22,139.977673
2016/11/23,132.8901959
2016/11/24,127.574588
2016/11/25,131.1183266
2016/11/26,108.084026
2016/11/27,106.3121567
2016/11/28,136.4339344
2016/11/29,139.977673
2016/11/30,139.977673
2016/12/1,139.977673
2016/12/2,131.1183266
2016/12/3,108.084026
2016/12/4,109.8558953
2016/12/5,124.0308495
2016/12/6,134.6620652
2016/12/7,145.2932808
2016/12/8,127.574588
2016/12/9,131.1183266
2016/12/10,100.9965489
2016/12/11,100.9965489
2016/12/12,136.4339344
2016/12/13,136.4339344
2016/12/14,138.2058037
2016/12/15,136.4339344
2016/12/16,127.574588
2016/12/17,104.5402874
2016/12/18,102.7684182
2016/12/19,134.6620652
2016/12/20,125.8027188
2016/12/21,129.3464573
2016/12/22,116.9433724
2016/12/23,108.084026
2016/12/24,99.22467959
2016/12/25,108.084026
2016/12/26,104.5402874
2016/12/27,120.4871109
2016/12/28,118.7152417
2016/12/29,116.9433724
2016/12/30,108.084026
2016/12/31,97.45281031
2017/1/1,99.22467959
2017/1/2,115.2286602
2017/1/3,124.8310485
2017/1/4,123.2306505
2017/1/5,134.4334369
2017/1/6,126.4314466
2017/1/7,100.8250777
2017/1/8,107.2266699
2017/1/9,128.0318446
2017/1/10,134.4334369
2017/1/11,136.0338349
2017/1/12,126.4314466
2017/1/13,121.6302524
2017/1/14,100.8250777
2017/1/15,100.8250777
2017/1/16,126.4314466
2017/1/17,131.2326408
2017/1/18,129.6322427
2017/1/19,123.2306505
2017/1/20,123.2306505
2017/1/21,96.02388348
2017/1/22,97.62428154
2017/1/23,128.0318446
2017/1/24,128.0318446
2017/1/25,137.634233
2017/1/26,160.0398058
2017/1/27,156.8390097
2017/1/28,107.2266699
2017/1/29,100.8250777
2017/1/30,131.2326408
2017/1/31,131.2326408
2017/2/1,132.8330388
2017/2/2,128.0318446
2017/2/3,137.634233
2017/2/4,97.62428154
2017/2/5,96.02388348
2017/2/6,123.2306505
2017/2/7,126.4314466
2017/2/8,123.2306505
2017/2/9,129.6322427
2017/2/10,115.2286602
2017/2/11,96.02388348
2017/2/12,102.4254757
2017/2/13,126.4314466
2017/2/14,113.6282621
2017/2/15,126.4314466
2017/2/16,134.4334369
2017/2/17,118.4294563
2017/2/18,96.02388348
2017/2/19,97.62428154
2017/2/20,116.8290582
2017/2/21,124.8310485
2017/2/22,121.6302524
2017/2/23,132.8330388
2017/2/24,124.8310485
2017/2/25,104.0258738
2017/2/26,96.02388348
2017/2/27,118.4294563
2017/2/28,128.0318446
2017/3/1,120.0298543
2017/3/2,124.8310485
2017/3/3,128.0318446
2017/3/4,92.82308736
2017/3/5,99.22467959
2017/3/6,118.4294563
2017/3/7,116.8290582
2017/3/8,129.6322427
2017/3/9,124.8310485
2017/3/10,126.4314466
2017/3/11,99.22467959
2017/3/12,86.42149513
2017/3/13,120.0298543
2017/3/14,120.0298543
2017/3/15,124.8310485
2017/3/16,124.8310485
2017/3/17,120.0298543
2017/3/18,94.42348542
2017/3/19,99.22467959
2017/3/20,124.8310485
2017/3/21,126.4314466
2017/3/22,126.4314466
2017/3/23,124.8310485
2017/3/24,126.4314466
2017/3/25,96.02388348
2017/3/26,92.82308736
2017/3/27,126.4314466
2017/3/28,116.8290582
2017/3/29,126.4314466
2017/3/30,121.6302524
2017/3/31,123.2306505
2017/4/1,92.82308736
2017/4/2,92.82308736
2017/4/3,123.2306505
2017/4/4,126.4314466
2017/4/5,118.4294563
2017/4/6,116.8290582
2017/4/7,118.4294563
2017/4/8,92.82308736
2017/4/9,89.62229125
2017/4/10,118.4294563
2017/4/11,121.6302524
2017/4/12,123.2306505
2017/4/13,116.8290582
2017/4/14,97.62428154
2017/4/15,96.02388348
2017/4/16,84.82109707
2017/4/17,105.6262718
2017/4/18,120.0298543
2017/4/19,121.6302524
2017/4/20,120.0298543
2017/4/21,115.2286602
2017/4/22,104.0258738
2017/4/23,94.42348542
2017/4/24,116.8290582
2017/4/25,120.0298543
2017/4/26,124.8310485
2017/4/27,155.2386116
2017/4/28,160.0398058
2017/4/29,96.02388348
2017/4/30,96.02388348
2017/5/1,120.0298543
2017/5/2,131.2326408
2017/5/3,134.4334369
2017/5/4,128.0318446
2017/5/5,126.4314466
2017/5/6,91.2226893
2017/5/7,97.62428154
2017/5/8,120.0298543
2017/5/9,128.0318446
2017/5/10,123.2306505
2017/5/11,121.6302524
2017/5/12,123.2306505
2017/5/13,96.02388348
2017/5/14,92.82308736
2017/5/15,126.4314466
2017/5/16,124.8310485
2017/5/17,128.0318446
2017/5/18,129.6322427
2017/5/19,116.8290582
2017/5/20,89.62229125
2017/5/21,91.2226893
2017/5/22,120.0298543
2017/5/23,126.4314466
2017/5/24,124.8310485
2017/5/25,131.2326408
2017/5/26,120.0298543
2017/5/27,91.2226893
2017/5/28,83.22069901
2017/5/29,104.0258738
2017/5/30,126.4314466
2017/5/31,120.0298543
2017/6/1,115.2286602
2017/6/2,123.2306505
2017/6/3,86.42149513
2017/6/4,86.42149513
2017/6/5,126.4314466
2017/6/6,128.0318446
2017/6/7,116.8290582
2017/6/8,123.2306505
2017/6/9,118.4294563
2017/6/10,81.62030096
2017/6/11,84.82109707
2017/6/12,121.6302524
2017/6/13,123.2306505
2017/6/14,116.8290582
2017/6/15,116.8290582
2017/6/16,107.2266699
2017/6/17,88.02189319
2017/6/18,84.82109707
2017/6/19,116.8290582
2017/6/20,107.2266699
2017/6/21,108.8270679
2017/6/22,107.2266699
2017/6/23,97.62428154
2017/6/24,83.22069901
2017/6/25,81.62030096
2017/6/26,112.0278641
2017/6/27,123.2306505
2017/6/28,116.8290582
2017/6/29,120.0298543
2017/6/30,124.8310485
2017/7/1,88.02189319
2017/7/2,83.69294762
2017/7/3,118.3245122
2017/7/4,116.8815303
2017/7/5,118.3245122
2017/7/6,112.5525847
2017/7/7,115.4385484
2017/7/8,86.57891133
2017/7/9,80.80698391
2017/7/10,111.1096029
2017/7/11,102.4517117
2017/7/12,115.4385484
2017/7/13,105.3376755
2017/7/14,105.3376755
2017/7/15,88.02189319
2017/7/16,82.24996577
2017/7/17,116.8815303
2017/7/18,113.9955666
2017/7/19,119.767494
2017/7/20,98.12276618
2017/7/21,103.8946936
2017/7/22,83.69294762
2017/7/23,83.69294762
2017/7/24,144.2981856
2017/7/25,144.2981856
2017/7/26,124.0964396
2017/7/27,118.3245122
2017/7/28,106.7806573
2017/7/29,86.57891133
2017/7/30,80.80698391
2017/7/31,113.9955666
2017/8/1,113.9955666
2017/8/2,108.2236392
2017/8/3,99.56574803
2017/8/4,106.7806573
2017/8/5,76.47803834
2017/8/6,77.9210202
2017/8/7,106.7806573
2017/8/8,108.2236392
2017/8/9,111.1096029
2017/8/10,99.56574803
2017/8/11,116.8815303
2017/8/12,76.47803834
2017/8/13,75.03505649
2017/8/14,109.666621
2017/8/15,95.23680247
2017/8/16,96.67978432
2017/8/17,102.4517117
2017/8/18,105.3376755
2017/8/19,83.69294762
2017/8/20,75.03505649
2017/8/21,106.7806573
2017/8/22,106.7806573
2017/8/23,108.2236392
2017/8/24,101.0087299
2017/8/25,99.56574803
2017/8/26,83.69294762
2017/8/27,73.59207463
2017/8/28,108.2236392
2017/8/29,105.3376755
2017/8/30,115.4385484
2017/8/31,108.2236392
2017/9/1,99.56574803
2017/9/2,80.80698391
2017/9/3,77.9210202
2017/9/4,95.23680247
2017/9/5,109.666621
2017/9/6,105.3376755
2017/9/7,105.3376755
2017/9/8,102.4517117
2017/9/9,77.9210202
2017/9/10,76.47803834
2017/9/11,106.7806573
2017/9/12,108.2236392
2017/9/13,109.666621
2017/9/14,108.2236392
2017/9/15,111.1096029
2017/9/16,79.36400205
2017/9/17,76.47803834
2017/9/18,112.5525847
2017/9/19,115.4385484
2017/9/20,109.666621
2017/9/21,116.8815303
2017/9/22,109.666621
2017/9/23,76.47803834
2017/9/24,80.80698391
2017/9/25,119.767494
2017/9/26,113.9955666
2017/9/27,122.6534577
2017/9/28,115.4385484
2017/9/29,112.5525847
2017/9/30,83.69294762
2017/10/1,79.36400205
2017/10/2,114.4673107
2017/10/3,108.3623874
2017/10/4,106.8361566
2017/10/5,106.8361566
2017/10/6,111.414849
2017/10/7,85.46892529
2017/10/8,80.89023286
2017/10/9,108.3623874
2017/10/10,111.414849
2017/10/11,114.4673107
2017/10/12,114.4673107
2017/10/13,102.2574642
2017/10/14,85.46892529
2017/10/15,83.94269448
2017/10/16,112.9410798
2017/10/17,114.4673107
2017/10/18,103.783695
2017/10/19,117.5197723
2017/10/20,96.15254095
2017/10/21,82.41646367
2017/10/22,74.78530963
2017/10/23,111.414849
2017/10/24,117.5197723
2017/10/25,111.414849
2017/10/26,151.0968501
2017/10/27,152.6230809
2017/10/28,91.57384852
2017/10/29,83.94269448
2017/10/30,115.9935415
2017/10/31,114.4673107
2017/11/1,115.9935415
2017/11/2,119.0460031
2017/11/3,117.5197723
2017/11/4,82.41646367
2017/11/5,80.89023286
2017/11/6,120.5722339
2017/11/7,112.9410798
2017/11/8,120.5722339
2017/11/9,122.0984647
2017/11/10,105.3099258
2017/11/11,88.52138691
2017/11/12,86.9951561
2017/11/13,112.9410798
2017/11/14,122.0984647
2017/11/15,119.0460031
2017/11/16,112.9410798
2017/11/17,109.8886182
2017/11/18,90.04761772
2017/11/19,86.9951561
2017/11/20,117.5197723
2017/11/21,114.4673107
2017/11/22,106.8361566
2017/11/23,93.10007933
2017/11/24,93.10007933
2017/11/25,82.41646367
2017/11/26,85.46892529
2017/11/27,111.414849
2017/11/28,109.8886182
2017/11/29,120.5722339
2017/11/30,117.5197723
2017/12/1,106.8361566
2017/12/2,88.52138691
2017/12/3,77.83777125
2017/12/4,119.0460031
2017/12/5,117.5197723
2017/12/6,117.5197723
2017/12/7,114.4673107
2017/12/8,112.9410798
2017/12/9,77.83777125
2017/12/10,80.89023286
2017/12/11,112.9410798
2017/12/12,115.9935415
2017/12/13,114.4673107
2017/12/14,108.3623874
2017/12/15,108.3623874
2017/12/16,88.52138691
2017/12/17,79.36400205
2017/12/18,117.5197723
2017/12/19,108.3623874
2017/12/20,106.8361566
2017/12/21,96.15254095
2017/12/22,96.15254095
2017/12/23,80.89023286
2017/12/24,83.94269448
2017/12/25,80.89023286
2017/12/26,90.04761772
2017/12/27,97.67877176
2017/12/28,90.04761772
2017/12/29,86.9951561
2017/12/30,82.41646367
2017/12/31,76.31154044
2018/1/1,80.89023286
2018/1/2,104.8577093
2018/1/3,109.3516111
2018/1/4,100.3638074
2018/1/5,94.37193834
2018/1/6,80.89023286
2018/1/7,85.38413469
2018/1/8,103.359742
2018/1/9,107.8536438
2018/1/10,103.359742
2018/1/11,113.8455129
2018/1/12,107.8536438
2018/1/13,86.88210196
2018/1/14,83.88616741
2018/1/15,101.8617747
2018/1/16,101.8617747
2018/1/17,107.8536438
2018/1/18,112.3475456
2018/1/19,103.359742
2018/1/20,83.88616741
2018/1/21,79.39226559
2018/1/22,109.3516111
2018/1/23,107.8536438
2018/1/24,107.8536438
2018/1/25,113.8455129
2018/1/26,94.37193834
2018/1/27,82.38820014
2018/1/28,80.89023286
2018/1/29,112.3475456
2018/1/30,112.3475456
2018/1/31,107.8536438
2018/2/1,140.8089239
2018/2/2,149.7967275
2018/2/3,79.39226559
2018/2/4,80.89023286
2018/2/5,130.3231529
2018/2/6,128.8251857
2018/2/7,121.3353493
2018/2/8,122.8333166
2018/2/9,119.837382
2018/2/10,76.39633104
2018/2/11,83.88616741
2018/2/12,121.3353493
2018/2/13,116.8414475
2018/2/14,113.8455129
2018/2/15,113.8455129
2018/2/16,107.8536438
2018/2/17,79.39226559
2018/2/18,77.89429831
2018/2/19,95.86990562
2018/2/20,109.3516111
2018/2/21,107.8536438
2018/2/22,106.3556765
2018/2/23,101.8617747
2018/2/24,79.39226559
2018/2/25,77.89429831
2018/2/26,106.3556765
2018/2/27,122.8333166
2018/2/28,106.3556765
2018/3/1,101.8617747
2018/3/2,92.87397106
2018/3/3,74.89836376
2018/3/4,76.39633104
2018/3/5,107.8536438
2018/3/6,106.3556765
2018/3/7,103.359742
2018/3/8,104.8577093
2018/3/9,109.3516111
2018/3/10,77.89429831
2018/3/11,77.89429831
2018/3/12,98.86584017
2018/3/13,107.8536438
2018/3/14,104.8577093
2018/3/15,107.8536438
2018/3/16,103.359742
2018/3/17,71.90242921
2018/3/18,73.40039649
2018/3/19,106.3556765
2018/3/20,109.3516111
2018/3/21,106.3556765
2018/3/22,109.3516111
2018/3/23,109.3516111
2018/3/24,83.88616741
2018/3/25,76.39633104
2018/3/26,113.8455129
2018/3/27,109.3516111
2018/3/28,119.837382
2018/3/29,113.8455129
2018/3/30,91.37600379
2018/3/31,80.89023286
2018/4/1,68.90649466
2018/4/2,103.359742
2018/4/3,109.1019499
2018/4/4,104.795294
2018/4/5,103.359742
2018/4/6,93.31087819
2018/4/7,76.08425452
2018/4/8,77.51980649
2018/4/9,107.6663979
2018/4/10,107.6663979
2018/4/11,100.488638
2018/4/12,103.359742
2018/4/13,106.2308459
2018/4/14,68.90649466
2018/4/15,70.34204663
2018/4/16,109.1019499
2018/4/17,103.359742
2018/4/18,99.05308608
2018/4/19,103.359742
2018/4/20,93.31087819
2018/4/21,74.64870255
2018/4/22,66.03539072
2018/4/23,143.5551972
2018/4/24,140.6840933
2018/4/25,116.2797097
2018/4/26,114.8441578
2018/4/27,103.359742
2018/4/28,74.64870255
2018/4/29,74.64870255
2018/4/30,100.488638
2018/5/1,101.92419
2018/5/2,104.795294
2018/5/3,109.1019499
2018/5/4,106.2308459
2018/5/5,71.77759861
2018/5/6,76.08425452
2018/5/7,97.6175341
2018/5/8,101.92419
2018/5/9,109.1019499
2018/5/10,104.795294
2018/5/11,89.00422227
2018/5/12,74.64870255
2018/5/13,71.77759861
2018/5/14,109.1019499
2018/5/15,103.359742
2018/5/16,106.2308459
2018/5/17,100.488638
2018/5/18,93.31087819
2018/5/19,70.34204663
2018/5/20,70.34204663
2018/5/21,101.92419
2018/5/22,106.2308459
2018/5/23,100.488638
2018/5/24,87.5686703
2018/5/25,97.6175341
2018/5/26,66.03539072
2018/5/27,68.90649466
2018/5/28,81.82646241
2018/5/29,97.6175341
2018/5/30,90.43977424
2018/5/31,101.92419
2018/6/1,94.74643016
2018/6/2,70.34204663
2018/6/3,73.21315058
2018/6/4,101.92419
2018/6/5,91.87532621
2018/6/6,89.00422227
2018/6/7,97.6175341
2018/6/8,87.5686703
2018/6/9,66.03539072
2018/6/10,68.90649466
2018/6/11,96.18198213
2018/6/12,90.43977424
2018/6/13,91.87532621
2018/6/14,89.00422227
2018/6/15,90.43977424
2018/6/16,76.08425452
2018/6/17,67.47094269
2018/6/18,89.00422227
2018/6/19,100.488638
2018/6/20,90.43977424
2018/6/21,87.5686703
2018/6/22,90.43977424
2018/6/23,71.77759861
2018/6/24,74.64870255
2018/6/25,97.6175341
2018/6/26,84.69756635
2018/6/27,84.69756635
2018/6/28,91.87532621
2018/6/29,90.43977424
2018/6/30,67.47094269
2018/7/1,67.47094269
2018/7/2,87.40553939
2018/7/3,87.40553939
2018/7/4,81.27181733
2018/7/5,81.27181733
2018/7/6,81.27181733
2018/7/7,64.40408166
2018/7/8,67.47094269
2018/7/9,95.07269197
2018/7/10,84.33867836
2018/7/11,81.27181733
2018/7/12,90.47240042
2018/7/13,96.60612249
2018/7/14,72.07123424
2018/7/15,65.93751217
2018/7/16,88.93896991
2018/7/17,99.67298352
2018/7/18,113.4738582
2018/7/19,102.7398445
2018/7/20,95.07269197
2018/7/21,69.0043732
2018/7/22,69.0043732
2018/7/23,131.8750243
2018/7/24,153.3430516
2018/7/25,115.0072887
2018/7/26,118.0741497
2018/7/27,105.8067056
2018/7/28,73.60466475
2018/7/29,67.47094269
2018/7/30,99.67298352
2018/7/31,99.67298352
2018/8/1,98.139553
2018/8/2,99.67298352
2018/8/3,88.93896991
2018/8/4,65.93751217
2018/8/5,62.87065114
2018/8/6,92.00583094
2018/8/7,85.87210888
2018/8/8,92.00583094
2018/8/9,96.60612249
2018/8/10,85.87210888
2018/8/11,65.93751217
2018/8/12,64.40408166
2018/8/13,98.139553
2018/8/14,84.33867836
2018/8/15,85.87210888
2018/8/16,92.00583094
2018/8/17,85.87210888
2018/8/18,69.0043732
2018/8/19,62.87065114
2018/8/20,88.93896991
2018/8/21,87.40553939
2018/8/22,84.33867836
2018/8/23,84.33867836
2018/8/24,84.33867836
2018/8/25,64.40408166
2018/8/26,65.93751217
2018/8/27,88.93896991
2018/8/28,102.7398445
2018/8/29,102.7398445
2018/8/30,98.139553
2018/8/31,88.93896991
2018/9/1,61.33722063
2018/9/2,69.0043732
2018/9/3,78.2049563
2018/9/4,96.60612249
2018/9/5,98.139553
2018/9/6,101.206414
2018/9/7,85.87210888
2018/9/8,69.0043732
2018/9/9,67.47094269
2018/9/10,101.206414
2018/9/11,95.07269197
2018/9/12,96.60612249
2018/9/13,101.206414
2018/9/14,92.00583094
2018/9/15,65.93751217
2018/9/16,64.40408166
2018/9/17,99.67298352
2018/9/18,98.139553
2018/9/19,87.40553939
2018/9/20,96.60612249
2018/9/21,93.53926146
2018/9/22,70.53780372
2018/9/23,64.40408166
2018/9/24,96.60612249
2018/9/25,96.60612249
2018/9/26,95.07269197
2018/9/27,107.3401361
2018/9/28,90.47240042
2018/9/29,64.40408166
2018/9/30,65.93751217
2018/10/1,95.07269197
2018/10/2,93.71451066
2018/10/3,88.2817854
2018/10/4,99.14723591
2018/10/5,100.5054172
2018/10/6,69.26724701
2018/10/7,67.90906569
2018/10/8,97.7890546
2018/10/9,99.14723591
2018/10/10,103.2217799
2018/10/11,110.0126864
2018/10/12,103.2217799
2018/10/13,67.90906569
2018/10/14,66.55088438
2018/10/15,105.9381425
2018/10/16,101.8635985
2018/10/17,104.5799612
2018/10/18,88.2817854
2018/10/19,86.92360409
2018/10/20,62.47634044
2018/10/21,66.55088438
2018/10/22,95.07269197
2018/10/23,104.5799612
2018/10/24,100.5054172
2018/10/25,135.8181314
2018/10/26,123.5944996
2018/10/27,71.98360964
2018/10/28,62.47634044
2018/10/29,108.6545051
2018/10/30,114.0872304
2018/10/31,93.71451066
2018/11/1,100.5054172
2018/11/2,88.2817854
2018/11/3,67.90906569
2018/11/4,59.75997781
2018/11/5,95.07269197
2018/11/6,88.2817854
2018/11/7,96.43087328
2018/11/8,88.2817854
2018/11/9,92.35632934
2018/11/10,63.83452175
2018/11/11,65.19270307
2018/11/12,97.7890546
2018/11/13,101.8635985
2018/11/14,96.43087328
2018/11/15,89.63996672
2018/11/16,90.99814803
2018/11/17,70.62542832
2018/11/18,67.90906569
2018/11/19,101.8635985
2018/11/20,101.8635985
2018/11/21,96.43087328
2018/11/22,70.62542832
2018/11/23,77.41633489
2018/11/24,67.90906569
2018/11/25,62.47634044
2018/11/26,97.7890546
2018/11/27,99.14723591
2018/11/28,86.92360409
2018/11/29,97.7890546
2018/11/30,88.2817854
2018/12/1,66.55088438
2018/12/2,63.83452175
2018/12/3,96.43087328
2018/12/4,97.7890546
2018/12/5,85.56542277
2018/12/6,101.8635985
2018/12/7,93.71451066
2018/12/8,70.62542832
2018/12/9,63.83452175
2018/12/10,89.63996672
2018/12/11,97.7890546
2018/12/12,92.35632934
2018/12/13,92.35632934
2018/12/14,81.49087883
2018/12/15,67.90906569
2018/12/16,66.55088438
2018/12/17,84.20724146
2018/12/18,86.92360409
2018/12/19,93.71451066
2018/12/20,97.7890546
2018/12/21,90.99814803
2018/12/22,67.90906569
2018/12/23,63.83452175
2018/12/24,84.20724146
2018/12/25,69.26724701
2018/12/26,86.92360409
2018/12/27,90.99814803
2018/12/28,71.98360964
2018/12/29,63.83452175
2018/12/30,62.47634044
2018/12/31,74.69997226
2019/1/1,65.19270307
2019/1/2,81.158263
2019/1/3,94.46289628
2019/1/4,95.79335961
2019/1/5,67.85362972
2019/1/6,59.87084975
2019/1/7,98.45428626
2019/1/8,95.79335961
2019/1/9,99.78474959
2019/1/10,97.12382293
2019/1/11,85.14965298
2019/1/12,58.54038643
2019/1/13,65.19270307
2019/1/14,85.14965298
2019/1/15,86.48011631
2019/1/16,87.81057964
2019/1/17,87.81057964
2019/1/18,83.81918966
2019/1/19,66.52316639
2019/1/20,61.20131308
2019/1/21,77.16687302
2019/1/22,82.48872633
2019/1/23,85.14965298
2019/1/24,98.45428626
2019/1/25,86.48011631
2019/1/26,59.87084975
2019/1/27,63.86223974
2019/1/28,95.79335961
2019/1/29,93.13243295
2019/1/30,87.81057964
2019/1/31,95.79335961
2019/2/1,86.48011631
2019/2/2,63.86223974
2019/2/3,65.19270307
2019/2/4,127.7244795
2019/2/5,133.0463328
2019/2/6,97.12382293
2019/2/7,101.1152129
2019/2/8,87.81057964
2019/2/9,65.19270307
2019/2/10,61.20131308
2019/2/11,94.46289628
2019/2/12,97.12382293
2019/2/13,94.46289628
2019/2/14,90.4715063
2019/2/15,86.48011631
2019/2/16,62.53177641
2019/2/17,61.20131308
2019/2/18,77.16687302
2019/2/19,89.14104297
2019/2/20,82.48872633
2019/2/21,82.48872633
2019/2/22,86.48011631
2019/2/23,67.85362972
2019/2/24,58.54038643
2019/2/25,89.14104297
2019/2/26,99.78474959
2019/2/27,91.80196962
2019/2/28,89.14104297
2019/3/1,82.48872633
2019/3/2,66.52316639
2019/3/3,62.53177641
2019/3/4,78.49733634
2019/3/5,94.46289628
2019/3/6,86.48011631
2019/3/7,86.48011631
2019/3/8,83.81918966
2019/3/9,67.85362972
2019/3/10,61.20131308
2019/3/11,95.79335961
2019/3/12,82.48872633
2019/3/13,93.13243295
2019/3/14,89.14104297
2019/3/15,89.14104297
2019/3/16,65.19270307
2019/3/17,59.87084975
2019/3/18,90.4715063
2019/3/19,99.78474959
2019/3/20,105.1066029
2019/3/21,93.13243295
2019/3/22,91.80196962
2019/3/23,59.87084975
2019/3/24,58.54038643
2019/3/25,86.48011631
2019/3/26,82.48872633
2019/3/27,81.158263
2019/3/28,85.14965298
2019/3/29,85.14965298
2019/3/30,58.54038643
2019/3/31,63.86223974
2019/4/1,87.81057964
2019/4/2,83.26865311
2019/4/3,86.29660413
2019/4/4,80.24070208
2019/4/5,86.29660413
2019/4/6,57.53106942
2019/4/7,59.04504493
2019/4/8,84.78262862
2019/4/9,83.26865311
2019/4/10,83.26865311
2019/4/11,78.72672657
2019/4/12,78.72672657
2019/4/13,51.47516737
2019/4/14,62.07299595
2019/4/15,83.26865311
2019/4/16,78.72672657
2019/4/17,81.7546776
2019/4/18,81.7546776
2019/4/19,72.67082453
2019/4/20,57.53106942
2019/4/21,56.01709391
2019/4/22,78.72672657
2019/4/23,81.7546776
2019/4/24,80.24070208
2019/4/25,87.81057964
2019/4/26,84.78262862
2019/4/27,59.04504493
2019/4/28,59.04504493
2019/4/29,116.5761143
2019/4/30,151.3975511
2019/5/1,110.5202123
2019/5/2,98.40840822
2019/5/3,83.26865311
2019/5/4,56.01709391
2019/5/5,56.01709391
2019/5/6,93.86648168
2019/5/7,83.26865311
2019/5/8,81.7546776
2019/5/9,87.81057964
2019/5/10,86.29660413
2019/5/11,59.04504493
2019/5/12,59.04504493
2019/5/13,99.92238373
2019/5/14,93.86648168
2019/5/15,98.40840822
2019/5/16,87.81057964
2019/5/17,83.26865311
2019/5/18,60.55902044
2019/5/19,59.04504493
2019/5/20,89.32455515
2019/5/21,84.78262862
2019/5/22,86.29660413
2019/5/23,86.29660413
2019/5/24,87.81057964
2019/5/25,66.61492249
2019/5/26,63.58697146
2019/5/27,77.21275106
2019/5/28,86.29660413
2019/5/29,92.35250617
2019/5/30,84.78262862
2019/5/31,86.29660413
2019/6/1,75.69877555
2019/6/2,69.64287351
2019/6/3,125.6599674
2019/6/4,107.4922613
2019/6/5,101.4363592
2019/6/6,95.38045719
2019/6/7,87.81057964
2019/6/8,63.58697146
2019/6/9,57.53106942
2019/6/10,80.24070208
2019/6/11,80.24070208
2019/6/12,83.26865311
2019/6/13,81.7546776
2019/6/14,77.21275106
2019/6/15,59.04504493
2019/6/16,62.07299595
2019/6/17,90.83853066
2019/6/18,84.78262862
2019/6/19,87.81057964
2019/6/20,84.78262862
2019/6/21,78.72672657
2019/6/22,59.04504493
2019/6/23,59.04504493
2019/6/24,84.78262862
2019/6/25,87.81057964
2019/6/26,81.7546776
2019/6/27,78.72672657
2019/6/28,80.24070208
2019/6/29,56.01709391
2019/6/30,57.53106942
2019/7/1,83.26865311
2019/7/2,78.64261682
2019/7/3,78.64261682
2019/7/4,71.7035624
2019/7/5,75.17308961
2019/7/6,57.82545355
2019/7/7,60.13847169
2019/7/8,79.79912589
2019/7/9,76.32959868
2019/7/10,77.48610775
2019/7/11,84.42516218
2019/7/12,80.95563496
2019/7/13,61.29498076
2019/7/14,55.5124354
2019/7/15,79.79912589
2019/7/16,74.01658054
2019/7/17,78.64261682
2019/7/18,76.32959868
2019/7/19,74.01658054
2019/7/20,52.04290819
2019/7/21,52.04290819
2019/7/22,80.95563496
2019/7/23,78.64261682
2019/7/24,77.48610775
2019/7/25,108.7118527
2019/7/26,115.6509071
2019/7/27,63.6079989
2019/7/28,54.35592633
2019/7/29,89.05119846
2019/7/30,79.79912589
2019/7/31,77.48610775
2019/8/1,71.7035624
2019/8/2,75.17308961
2019/8/3,55.5124354
2019/8/4,53.19941726
2019/8/5,76.32959868
2019/8/6,86.73818032
2019/8/7,72.86007147
2019/8/8,77.48610775
2019/8/9,74.01658054
2019/8/10,48.57338098
2019/8/11,45.10385377
2019/8/12,71.7035624
2019/8/13,72.86007147
2019/8/14,74.01658054
2019/8/15,78.64261682
2019/8/16,75.17308961
2019/8/17,55.5124354
2019/8/18,56.66894448
2019/8/19,78.64261682
2019/8/20,82.11214404
2019/8/21,75.17308961
2019/8/22,76.32959868
2019/8/23,74.01658054
2019/8/24,63.6079989
2019/8/25,57.82545355
2019/8/26,76.32959868
2019/8/27,78.64261682
2019/8/28,78.64261682
2019/8/29,72.86007147
2019/8/30,80.95563496
2019/8/31,55.5124354
2019/9/1,55.5124354
2019/9/2,76.32959868
2019/9/3,77.48610775
2019/9/4,77.48610775
2019/9/5,80.95563496
2019/9/6,75.17308961
2019/9/7,58.98196262
2019/9/8,58.98196262
2019/9/9,80.95563496
2019/9/10,79.79912589
2019/9/11,77.48610775
2019/9/12,83.26865311
2019/9/13,78.64261682
2019/9/14,55.5124354
2019/9/15,54.35592633
2019/9/16,79.79912589
2019/9/17,79.79912589
2019/9/18,75.17308961
2019/9/19,70.54705333
2019/9/20,72.86007147
2019/9/21,52.04290819
2019/9/22,58.98196262
2019/9/23,79.79912589
2019/9/24,87.89468939
2019/9/25,75.17308961
2019/9/26,70.54705333
2019/9/27,78.64261682
2019/9/28,58.98196262
2019/9/29,54.35592633
2019/9/30,79.79912589
2019/10/1,72.86007147
2019/10/2,72.86007147
2019/10/3,75.10191982
2019/10/4,70.61822312
2019/10/5,54.92528465
2019/10/6,51.56251212
2019/10/7,72.86007147
2019/10/8,70.61822312
2019/10/9,72.86007147
2019/10/10,70.61822312
2019/10/11,69.49729894
2019/10/12,47.07881541
2019/10/13,51.56251212
2019/10/14,71.73914729
2019/10/15,76.222844
2019/10/16,78.46469235
2019/10/17,70.61822312
2019/10/18,71.73914729
2019/10/19,49.32066376
2019/10/20,50.44158794
2019/10/21,75.10191982
2019/10/22,73.98099564
2019/10/23,75.10191982
2019/10/24,78.46469235
2019/10/25,76.222844
2019/10/26,51.56251212
2019/10/27,52.68343629
2019/10/28,112.0924176
2019/10/29,104.2459484
2019/10/30,80.7065407
2019/10/31,75.10191982
2019/11/1,66.13452641
2019/11/2,52.68343629
2019/11/3,50.44158794
2019/11/4,73.98099564
2019/11/5,77.34376817
2019/11/6,75.10191982
2019/11/7,76.222844
2019/11/8,75.10191982
2019/11/9,57.167133
2019/11/10,50.44158794
2019/11/11,67.25545059
2019/11/12,73.98099564
2019/11/13,75.10191982
2019/11/14,79.58561653
2019/11/15,75.10191982
2019/11/16,51.56251212
2019/11/17,47.07881541
2019/11/18,73.98099564
2019/11/19,70.61822312
2019/11/20,70.61822312
2019/11/21,75.10191982
2019/11/22,70.61822312
2019/11/23,51.56251212
2019/11/24,50.44158794
2019/11/25,78.46469235
2019/11/26,70.61822312
2019/11/27,63.89267806
2019/11/28,65.01360223
2019/11/29,62.77175388
2019/11/30,54.92528465
2019/12/1,51.56251212
2019/12/2,70.61822312
2019/12/3,72.86007147
2019/12/4,78.46469235
2019/12/5,69.49729894
2019/12/6,68.37637476
2019/12/7,50.44158794
2019/12/8,49.32066376
2019/12/9,77.34376817
2019/12/10,71.73914729
2019/12/11,69.49729894
2019/12/12,70.61822312
2019/12/13,72.86007147
2019/12/14,51.56251212
2019/12/15,56.04620882
2019/12/16,69.49729894
2019/12/17,72.86007147
2019/12/18,69.49729894
2019/12/19,70.61822312
2019/12/20,65.01360223
2019/12/21,48.19973959
2019/12/22,44.83696706
2019/12/23,62.77175388
2019/12/24,56.04620882
2019/12/25,49.32066376
2019/12/26,63.89267806
2019/12/27,61.6508297
2019/12/28,45.95789123
2019/12/29,42.5951187
2019/12/30,67.25545059
2019/12/31,58.28805717
2020/1/1,45.95789123
2020/1/2,64.12729009
2020/1/3,60.92092559
2020/1/4,47.0266794
2020/1/5,47.0266794
2020/1/6,69.47123093
2020/1/7,72.67759544
2020/1/8,78.02153628
2020/1/9,79.09032445
2020/1/10,71.60880727
2020/1/11,53.43940841
2020/1/12,47.0266794
2020/1/13,78.02153628
2020/1/14,73.74638361
2020/1/15,71.60880727
2020/1/16,73.74638361
2020/1/17,79.09032445
2020/1/18,50.23304391
2020/1/19,51.30183207
2020/1/20,69.47123093
2020/1/21,70.5400191
2020/1/22,83.36547712
2020/1/23,76.95274811
2020/1/24,68.40244277
2020/1/25,49.16425574
2020/1/26,40.61395039
2020/1/27,78.02153628
2020/1/28,74.81517178
2020/1/29,74.81517178
2020/1/30,79.09032445
2020/1/31,80.15911262
2020/2/1,52.37062024
2020/2/2,52.37062024
2020/2/3,106.8788168
2020/2/4,106.8788168
2020/2/5,87.64062979
2020/2/6,85.50305346
2020/2/7,74.81517178
2020/2/8,51.30183207
2020/2/9,51.30183207
2020/2/10,85.50305346
2020/2/11,86.57184163
2020/2/12,72.67759544
2020/2/13,81.22790079
2020/2/14,74.81517178
2020/2/15,48.09546757
2020/2/16,50.23304391
2020/2/17,65.19607826
2020/2/18,69.47123093
2020/2/19,81.22790079
2020/2/20,71.60880727
2020/2/21,71.60880727
2020/2/22,52.37062024
2020/2/23,49.16425574
2020/2/24,73.74638361
2020/2/25,82.29668895
2020/2/26,84.43426529
2020/2/27,85.50305346
2020/2/28,94.0533588
2020/2/29,55.57698475
2020/3/1,51.30183207
2020/3/2,88.70941796
2020/3/3,91.91578247
2020/3/4,80.15911262
2020/3/5,85.50305346
2020/3/6,74.81517178
2020/3/7,54.50819658
2020/3/8,53.43940841
2020/3/9,105.8100287
2020/3/10,90.8469943
2020/3/11,85.50305346
2020/3/12,96.19093514
2020/3/13,95.12214697
2020/3/14,54.50819658
2020/3/15,50.23304391
2020/3/16,96.19093514
2020/3/17,92.98457064
2020/3/18,97.25972331
2020/3/19,90.8469943
2020/3/20,87.64062979
2020/3/21,60.92092559
2020/3/22,55.57698475
2020/3/23,85.50305346
2020/3/24,92.98457064
2020/3/25,90.8469943
2020/3/26,88.70941796
2020/3/27,85.50305346
2020/3/28,56.64577292
2020/3/29,54.50819658
2020/3/30,84.43426529
2020/3/31,78.02153628
2020/4/1,79.09032445
2020/4/2,80.2886627
2020/4/3,71.90029495
2020/4/4,53.92522122
2020/4/5,53.92522122
2020/4/6,74.29697145
2020/4/7,77.8919862
2020/4/8,71.90029495
2020/4/9,69.50361845
2020/4/10,62.31358896
2020/4/11,53.92522122
2020/4/12,52.72688297
2020/4/13,67.10694196
2020/4/14,76.69364795
2020/4/15,75.4953097
2020/4/16,77.8919862
2020/4/17,69.50361845
2020/4/18,52.72688297
2020/4/19,50.33020647
2020/4/20,77.8919862
2020/4/21,79.09032445
2020/4/22,69.50361845
2020/4/23,75.4953097
2020/4/24,73.0986332
2020/4/25,52.72688297
2020/4/26,50.33020647
2020/4/27,77.8919862
2020/4/28,118.6354867
2020/4/29,119.8338249
2020/4/30,85.08201569
2020/5/1,69.50361845
2020/5/2,52.72688297
2020/5/3,51.52854472
2020/5/4,75.4953097
2020/5/5,70.7019567
2020/5/6,74.29697145
2020/5/7,75.4953097
2020/5/8,63.51192721
2020/5/9,47.93352997
2020/5/10,47.93352997
2020/5/11,77.8919862
2020/5/12,67.10694196
2020/5/13,65.90860371
2020/5/14,70.7019567
2020/5/15,64.71026546
2020/5/16,49.13186822
2020/5/17,45.53685347
2020/5/18,77.8919862
2020/5/19,68.30528021
2020/5/20,65.90860371
2020/5/21,65.90860371
2020/5/22,62.31358896
2020/5/23,53.92522122
2020/5/24,50.33020647
2020/5/25,55.12355946
2020/5/26,69.50361845
2020/5/27,67.10694196
2020/5/28,69.50361845
2020/5/29,69.50361845
2020/5/30,45.53685347
2020/5/31,52.72688297
2020/6/1,70.7019567
2020/6/2,68.30528021
2020/6/3,74.29697145
2020/6/4,65.90860371
2020/6/5,65.90860371
2020/6/6,45.53685347
2020/6/7,45.53685347
2020/6/8,67.10694196
2020/6/9,74.29697145
2020/6/10,68.30528021
2020/6/11,71.90029495
2020/6/12,70.7019567
2020/6/13,50.33020647
2020/6/14,45.53685347
2020/6/15,71.90029495
2020/6/16,68.30528021
2020/6/17,65.90860371
2020/6/18,65.90860371
2020/6/19,67.10694196
2020/6/20,45.53685347
2020/6/21,46.73519172
2020/6/22,73.0986332
2020/6/23,68.30528021
2020/6/24,64.71026546
2020/6/25,62.31358896
2020/6/26,73.0986332
2020/6/27,49.13186822
2020/6/28,45.53685347
2020/6/29,79.09032445
2020/6/30,75.4953097
2020/7/1,64.71026546
2020/7/2,72.52012508
2020/7/3,59.1317943
2020/7/4,45.74346351
2020/7/5,44.62776928
2020/7/6,66.94165392
2020/7/7,64.71026546
2020/7/8,64.71026546
2020/7/9,65.82595969
2020/7/10,68.05734815
2020/7/11,52.43762891
2020/7/12,46.85915775
2020/7/13,71.40443085
2020/7/14,72.52012508
2020/7/15,73.63581931
2020/7/16,69.17304239
2020/7/17,69.17304239
2020/7/18,50.20624044
2020/7/19,49.09054621
2020/7/20,71.40443085
2020/7/21,73.63581931
2020/7/22,73.63581931
2020/7/23,71.40443085
2020/7/24,72.52012508
2020/7/25,49.09054621
2020/7/26,52.43762891
2020/7/27,74.75151355
2020/7/28,68.05734815
2020/7/29,70.28873662
2020/7/30,111.5694232
2020/7/31,100.4124809
2020/8/1,50.20624044
2020/8/2,50.20624044
2020/8/3,73.63581931
2020/8/4,75.86720778
2020/8/5,71.40443085
2020/8/6,70.28873662
2020/8/7,66.94165392
2020/8/8,44.62776928
2020/8/9,42.39638082
2020/8/10,71.40443085
2020/8/11,68.05734815
2020/8/12,73.63581931
2020/8/13,70.28873662
2020/8/14,64.71026546
2020/8/15,44.62776928
2020/8/16,50.20624044
2020/8/17,72.52012508
2020/8/18,71.40443085
2020/8/19,72.52012508
2020/8/20,74.75151355
2020/8/21,70.28873662
2020/8/22,50.20624044
2020/8/23,47.97485198
2020/8/24,74.75151355
2020/8/25,72.52012508
2020/8/26,80.32998471
2020/8/27,72.52012508
2020/8/28,70.28873662
2020/8/29,49.09054621
2020/8/30,51.32193467
2020/8/31,69.17304239
2020/9/1,78.09859624
2020/9/2,74.75151355
2020/9/3,84.79276163
2020/9/4,84.79276163
2020/9/5,47.97485198
2020/9/6,44.62776928
2020/9/7,60.24748853
2020/9/8,84.79276163
2020/9/9,82.56137317
2020/9/10,66.94165392
2020/9/11,68.05734815
2020/9/12,50.20624044
2020/9/13,47.97485198
2020/9/14,73.63581931
2020/9/15,70.28873662
2020/9/16,70.28873662
2020/9/17,74.75151355
2020/9/18,68.05734815
2020/9/19,49.09054621
2020/9/20,49.09054621
2020/9/21,82.56137317
2020/9/22,78.09859624
2020/9/23,75.86720778
2020/9/24,68.05734815
2020/9/25,66.94165392
2020/9/26,49.09054621
2020/9/27,44.62776928
2020/9/28,68.05734815
2020/9/29,70.28873662
2020/9/30,65.82595969
2020/10/1,64.71026546
2020/10/2,65.64809539
2020/10/3,43.14017697
2020/10/4,48.76715658
2020/10/5,69.39941513
2020/10/6,71.275075
2020/10/7,63.77243552
2020/10/8,69.39941513
2020/10/9,60.95894572
2020/10/10,45.01583684
2020/10/11,43.14017697
2020/10/12,67.52375526
2020/10/13,67.52375526
2020/10/14,64.71026546
2020/10/15,70.33724506
2020/10/16,63.77243552
2020/10/17,45.01583684
2020/10/18,42.20234704
2020/10/19,69.39941513
2020/10/20,84.40469408
2020/10/21,73.15073487
2020/10/22,69.39941513
2020/10/23,63.77243552
2020/10/24,43.14017697
2020/10/25,43.14017697
2020/10/26,69.39941513
2020/10/27,62.83460559
2020/10/28,65.64809539
2020/10/29,91.90733355
2020/10/30,93.78299342
2020/10/31,47.82932664
2020/11/1,45.95366677
2020/11/2,70.33724506
2020/11/3,68.46158519
2020/11/4,67.52375526
2020/11/5,68.46158519
2020/11/6,65.64809539
2020/11/7,49.70498651
2020/11/8,45.01583684
2020/11/9,82.52903421
2020/11/10,68.46158519
2020/11/11,66.58592533
2020/11/12,72.21290493
2020/11/13,63.77243552
2020/11/14,47.82932664
2020/11/15,46.89149671
2020/11/16,68.46158519
2020/11/17,65.64809539
2020/11/18,63.77243552
2020/11/19,67.52375526
2020/11/20,65.64809539
2020/11/21,42.20234704
2020/11/22,45.01583684
2020/11/23,67.52375526
2020/11/24,66.58592533
2020/11/25,59.08328585
2020/11/26,56.26979605
2020/11/27,55.33196612
2020/11/28,45.01583684
2020/11/29,44.07800691
2020/11/30,69.39941513
2020/12/1,69.39941513
2020/12/2,66.58592533
2020/12/3,70.33724506
2020/12/4,62.83460559
2020/12/5,50.64281645
2020/12/6,45.01583684
2020/12/7,72.21290493
2020/12/8,62.83460559
2020/12/9,66.58592533
2020/12/10,61.89677566
2020/12/11,62.83460559
2020/12/12,45.95366677
2020/12/13,40.32668717
2020/12/14,83.46686414
2020/12/15,67.52375526
2020/12/16,58.14545592
2020/12/17,65.64809539
2020/12/18,59.08328585
2020/12/19,45.95366677
2020/12/20,45.95366677
2020/12/21,59.08328585
2020/12/22,59.08328585
2020/12/23,54.39413618
2020/12/24,52.51847631
2020/12/25,38.4510273
2020/12/26,40.32668717
2020/12/27,42.20234704
2020/12/28,57.20762598
2020/12/29,53.45630625
2020/12/30,56.26979605
2020/12/31,49.70498651
2021/1/1,38.4510273
2021/1/2,41.74682964
2021/1/3,45.04263198
2021/1/4,64.81744602
2021/1/5,59.32444212
2021/1/6,70.31044992
2021/1/7,68.11324836
2021/1/8,63.71884524
2021/1/9,43.9440312
2021/1/10,43.9440312
2021/1/11,63.71884524
2021/1/12,67.01464758
2021/1/13,65.9160468
2021/1/14,61.52164368
2021/1/15,61.52164368
2021/1/16,45.04263198
2021/1/17,43.9440312
2021/1/18,62.62024446
2021/1/19,64.81744602
2021/1/20,65.9160468
2021/1/21,70.31044992
2021/1/22,65.9160468
2021/1/23,43.9440312
2021/1/24,50.53563588
2021/1/25,71.4090507
2021/1/26,64.81744602
2021/1/27,72.50765148
2021/1/28,70.31044992
2021/1/29,64.81744602
2021/1/30,43.9440312
2021/1/31,41.74682964
2021/2/1,70.31044992
2021/2/2,99.97267098
2021/2/3,109.860078
2021/2/4,91.18386474
2021/2/5,70.31044992
2021/2/6,45.04263198
2021/2/7,40.64822886
2021/2/8,73.60625226
2021/2/9,68.11324836
2021/2/10,69.21184914
2021/2/11,68.11324836
2021/2/12,64.81744602
2021/2/13,42.84543042
2021/2/14,42.84543042
2021/2/15,57.12724056
2021/2/16,64.81744602
2021/2/17,64.81744602
2021/2/18,65.9160468
2021/2/19,60.4230429
2021/2/20,42.84543042
2021/2/21,40.64822886
2021/2/22,68.11324836
2021/2/23,65.9160468
2021/2/24,69.21184914
2021/2/25,64.81744602
2021/2/26,63.71884524
2021/2/27,46.14123276
2021/2/28,43.9440312
2021/3/1,64.81744602
2021/3/2,67.01464758
2021/3/3,61.52164368
2021/3/4,70.31044992
2021/3/5,63.71884524
2021/3/6,47.23983354
2021/3/7,45.04263198
2021/3/8,74.70485304
2021/3/9,61.52164368
2021/3/10,67.01464758
2021/3/11,67.01464758
2021/3/12,61.52164368
2021/3/13,43.9440312
2021/3/14,40.64822886
2021/3/15,61.52164368
2021/3/16,61.52164368
2021/3/17,60.4230429
2021/3/18,64.81744602
2021/3/19,63.71884524
2021/3/20,43.9440312
2021/3/21,46.14123276
2021/3/22,62.62024446
2021/3/23,64.81744602
2021/3/24,67.01464758
2021/3/25,62.62024446
2021/3/26,57.12724056
2021/3/27,42.84543042
2021/3/28,41.74682964
2021/3/29,63.71884524
2021/3/30,62.62024446
2021/3/31,61.52164368
2021/4/1,64.81744602
2021/4/2,50.85676534
2021/4/3,41.88204204
2021/4/4,38.89046761
2021/4/5,61.82587159
2021/4/6,64.81744602
2021/4/7,61.82587159
2021/4/8,62.82306307
2021/4/9,63.82025454
2021/4/10,43.876425
2021/4/11,43.876425
2021/4/12,60.82868011
2021/4/13,65.8146375
2021/4/14,61.82587159
2021/4/15,62.82306307
2021/4/16,59.83148864
2021/4/17,44.87361648
2021/4/18,38.89046761
2021/4/19,67.80902045
2021/4/20,63.82025454
2021/4/21,66.81182898
2021/4/22,60.82868011
2021/4/23,60.82868011
2021/4/24,44.87361648
2021/4/25,39.88765909
2021/4/26,68.80621193
2021/4/27,97.72476477
2021/4/28,99.71914773
2021/4/29,76.78374375
2021/4/30,63.82025454
2021/5/1,42.87923352
2021/5/2,39.88765909
2021/5/3,64.81744602
2021/5/4,65.8146375
2021/5/5,61.82587159
2021/5/6,69.80340341
2021/5/7,62.82306307
2021/5/8,43.876425
2021/5/9,41.88204204
2021/5/10,69.80340341
2021/5/11,63.82025454
2021/5/12,59.83148864
2021/5/13,58.83429716
2021/5/14,53.84833977
2021/5/15,42.87923352
2021/5/16,39.88765909
2021/5/17,64.81744602
2021/5/18,59.83148864
2021/5/19,57.83710568
2021/5/20,63.82025454
2021/5/21,56.8399142
2021/5/22,40.88485057
2021/5/23,39.88765909
2021/5/24,60.82868011
2021/5/25,66.81182898
2021/5/26,68.80621193
2021/5/27,61.82587159
2021/5/28,65.8146375
2021/5/29,44.87361648
2021/5/30,41.88204204
2021/5/31,54.84553125
2021/6/1,66.81182898
2021/6/2,64.81744602
2021/6/3,59.83148864
2021/6/4,66.81182898
2021/6/5,42.87923352
2021/6/6,40.88485057
2021/6/7,66.81182898
2021/6/8,68.80621193
2021/6/9,62.82306307
2021/6/10,63.82025454
2021/6/11,59.83148864
2021/6/12,40.88485057
2021/6/13,37.89327614
2021/6/14,63.82025454
2021/6/15,65.8146375
2021/6/16,59.83148864
2021/6/17,57.83710568
2021/6/18,58.83429716
2021/6/19,42.87923352
2021/6/20,41.88204204
2021/6/21,63.82025454
2021/6/22,66.81182898
2021/6/23,57.83710568
2021/6/24,58.83429716
2021/6/25,57.83710568
2021/6/26,43.876425
2021/6/27,43.876425
2021/6/28,66.81182898
2021/6/29,61.82587159
2021/6/30,64.81744602
2021/7/1,61.82587159
2021/7/2,61.82587159
2021/7/3,41.21724773
2021/7/4,41.21724773
2021/7/5,58.73457801
2021/7/6,62.85630278
2021/7/7,60.7954404
2021/7/8,68.00845875
2021/7/9,62.85630278
2021/7/10,43.27811011
2021/7/11,40.18681653
2021/7/12,61.82587159
2021/7/13,70.06932114
2021/7/14,62.85630278
2021/7/15,63.88673398
2021/7/16,61.82587159
2021/7/17,43.27811011
2021/7/18,42.24767892
2021/7/19,64.91716517
2021/7/20,65.94759636
2021/7/21,58.73457801
2021/7/22,62.85630278
2021/7/23,69.03888994
2021/7/24,49.46069727
2021/7/25,43.27811011
2021/7/26,71.09975233
2021/7/27,102.0126881
2021/7/28,103.0431193
2021/7/29,74.19104591
2021/7/30,66.97802756
2021/7/31,42.24767892
2021/8/1,39.15638534
2021/8/2,64.91716517
2021/8/3,63.88673398
2021/8/4,64.91716517
2021/8/5,62.85630278
2021/8/6,61.82587159
2021/8/7,41.21724773
2021/8/8,42.24767892
2021/8/9,63.88673398
2021/8/10,64.91716517
2021/8/11,62.85630278
2021/8/12,61.82587159
2021/8/13,59.7650092
2021/8/14,40.18681653
2021/8/15,41.21724773
2021/8/16,64.91716517
2021/8/17,65.94759636
2021/8/18,59.7650092
2021/8/19,59.7650092
2021/8/20,59.7650092
2021/8/21,43.27811011
2021/8/22,39.15638534
2021/8/23,74.19104591
2021/8/24,73.16061472
2021/8/25,71.09975233
2021/8/26,70.06932114
2021/8/27,63.88673398
2021/8/28,47.39983489
2021/8/29,37.09552295
2021/8/30,66.97802756
2021/8/31,70.06932114
2021/9/1,73.16061472
2021/9/2,64.91716517
2021/9/3,65.94759636
2021/9/4,42.24767892
2021/9/5,41.21724773
2021/9/6,59.7650092
2021/9/7,68.00845875
2021/9/8,65.94759636
2021/9/9,66.97802756
2021/9/10,63.88673398
2021/9/11,43.27811011
2021/9/12,47.39983489
2021/9/13,75.2214771
2021/9/14,66.97802756
2021/9/15,68.00845875
2021/9/16,65.94759636
2021/9/17,68.00845875
2021/9/18,42.24767892
2021/9/19,42.24767892
2021/9/20,75.2214771
2021/9/21,71.09975233
2021/9/22,66.97802756
2021/9/23,70.06932114
2021/9/24,64.91716517
2021/9/25,45.3389725
2021/9/26,47.39983489
2021/9/27,74.19104591
2021/9/28,72.13018352
2021/9/29,76.25190829
2021/9/30,65.94759636
2021/10/1,73.16061472
2021/10/2,44.94152047
2021/10/3,43.89636883
2021/10/4,87.79273766
2021/10/5,75.25091799
2021/10/6,71.07031144
2021/10/7,68.98000816
2021/10/8,63.75424997
2021/10/9,49.12212702
2021/10/10,51.2124303
2021/10/11,71.07031144
2021/10/12,72.11546308
2021/10/13,70.0251598
2021/10/14,74.20576635
2021/10/15,65.84455324
2021/10/16,51.2124303
2021/10/17,44.94152047
2021/10/18,72.11546308
2021/10/19,73.16061472
2021/10/20,72.11546308
2021/10/21,72.11546308
2021/10/22,72.11546308
2021/10/23,52.25758194
2021/10/24,49.12212702
2021/10/25,76.29606963
2021/10/26,104.5151639
2021/10/27,103.4700122
2021/10/28,83.6121311
2021/10/29,76.29606963
2021/10/30,52.25758194
2021/10/31,52.25758194
2021/11/1,75.25091799
2021/11/2,76.29606963
2021/11/3,79.43152455
2021/11/4,73.16061472
2021/11/5,77.34122127
2021/11/6,53.30273358
2021/11/7,49.12212702
2021/11/8,79.43152455
2021/11/9,75.25091799
2021/11/10,77.34122127
2021/11/11,70.0251598
2021/11/12,76.29606963
2021/11/13,53.30273358
2021/11/14,49.12212702
2021/11/15,78.38637291
2021/11/16,68.98000816
2021/11/17,73.16061472
2021/11/18,82.56697946
2021/11/19,79.43152455
2021/11/20,51.2124303
2021/11/21,52.25758194
2021/11/22,80.47667619
2021/11/23,72.11546308
2021/11/24,73.16061472
2021/11/25,63.75424997
2021/11/26,76.29606963
2021/11/27,56.43818849
2021/11/28,54.34788522
2021/11/29,78.38637291
2021/11/30,79.43152455
2021/12/1,78.38637291
2021/12/2,74.20576635
2021/12/3,70.0251598
2021/12/4,55.39303686
2021/12/5,52.25758194
2021/12/6,77.34122127
2021/12/7,75.25091799
2021/12/8,76.29606963
2021/12/9,76.29606963
2021/12/10,77.34122127
2021/12/11,53.30273358
2021/12/12,55.39303686
2021/12/13,83.6121311
2021/12/14,72.11546308
2021/12/15,72.11546308
2021/12/16,68.98000816
2021/12/17,78.38637291
2021/12/18,57.48334013
2021/12/19,52.25758194
2021/12/20,77.34122127
2021/12/21,71.07031144
2021/12/22,71.07031144
2021/12/23,72.11546308
2021/12/24,59.57364341
2021/12/25,51.2124303
2021/12/26,50.16727866
2021/12/27,75.25091799
2021/12/28,73.16061472
2021/12/29,70.0251598
2021/12/30,78.38637291
2021/12/31,63.75424997
2022/1/1,56.43818849
2022/1/2,56.43818849
2022/1/3,75.8996328
2022/1/4,64.22276622
2022/1/5,64.22276622
2022/1/6,70.06119951
2022/1/7,68.11505508
2022/1/8,64.22276622
2022/1/9,58.38433293
2022/1/10,79.79192166
2022/1/11,75.8996328
2022/1/12,77.84577723
2022/1/13,64.22276622
2022/1/14,64.22276622
2022/1/15,60.33047736
2022/1/16,48.65361077
2022/1/17,68.11505508
2022/1/18,68.11505508
2022/1/19,70.06119951
2022/1/20,68.11505508
2022/1/21,83.68421053
2022/1/22,62.27662179
2022/1/23,58.38433293
2022/1/24,75.8996328
2022/1/25,75.8996328
2022/1/26,72.00734394
2022/1/27,68.11505508
2022/1/28,81.7380661
2022/1/29,64.22276622
2022/1/30,56.43818849
2022/1/31,93.41493268
2022/2/1,132.3378213
2022/2/2,194.6144431
2022/2/3,138.1762546
2022/2/4,108.9840881
2022/2/5,66.16891065
2022/2/6,64.22276622
2022/2/7,93.41493268
2022/2/8,99.25336597
2022/2/9,87.57649939
2022/2/10,77.84577723
2022/2/11,89.52264382
2022/2/12,56.43818849
2022/2/13,62.27662179
2022/2/14,87.57649939
2022/2/15,83.68421053
2022/2/16,73.95348837
2022/2/17,79.79192166
2022/2/18,81.7380661
2022/2/19,58.38433293
2022/2/20,54.49204406
2022/2/21,72.00734394
2022/2/22,81.7380661
2022/2/23,83.68421053
2022/2/24,97.30722154
2022/2/25,85.63035496
2022/2/26,58.38433293
2022/2/27,56.43818849
2022/2/28,85.63035496
2022/3/1,81.7380661
2022/3/2,81.7380661
2022/3/3,79.79192166
2022/3/4,77.84577723
2022/3/5,60.33047736
2022/3/6,54.49204406
2022/3/7,85.63035496
2022/3/8,83.68421053
2022/3/9,81.7380661
2022/3/10,85.63035496
2022/3/11,75.8996328
2022/3/12,58.38433293
2022/3/13,58.38433293
2022/3/14,83.68421053
2022/3/15,79.79192166
2022/3/16,77.84577723
2022/3/17,87.57649939
2022/3/18,79.79192166
2022/3/19,58.38433293
2022/3/20,58.38433293
2022/3/21,83.68421053
2022/3/22,83.68421053
2022/3/23,81.7380661
2022/3/24,77.84577723
2022/3/25,73.95348837
2022/3/26,56.43818849
2022/3/27,52.54589963
2022/3/28,85.63035496
2022/3/29,83.68421053
2022/3/30,79.79192166
2022/3/31,75.8996328
2022/4/1,73.95348837
2022/4/2,55.81395349
2022/4/3,54.41860465
2022/4/4,82.3255814
2022/4/5,79.53488372
2022/4/6,80.93023256
2022/4/7,75.34883721
2022/4/8,73.95348837
2022/4/9,55.81395349
2022/4/10,50.23255814
2022/4/11,82.3255814
2022/4/12,80.93023256
2022/4/13,80.93023256
2022/4/14,79.53488372
2022/4/15,64.18604651
2022/4/16,51.62790698
2022/4/17,50.23255814
2022/4/18,80.93023256
2022/4/19,79.53488372
2022/4/20,79.53488372
2022/4/21,79.53488372
2022/4/22,92.09302326
2022/4/23,65.58139535
2022/4/24,53.02325581
2022/4/25,100.4651163
2022/4/26,139.5348837
2022/4/27,131.1627907
2022/4/28,101.8604651
2022/4/29,90.69767442
2022/4/30,66.97674419
2022/5/1,54.41860465
2022/5/2,90.69767442
2022/5/3,86.51162791
2022/5/4,80.93023256
2022/5/5,80.93023256
2022/5/6,86.51162791
2022/5/7,57.20930233
2022/5/8,54.41860465
2022/5/9,97.6744186
2022/5/10,86.51162791
2022/5/11,93.48837209
2022/5/12,87.90697674
2022/5/13,86.51162791
2022/5/14,57.20930233
2022/5/15,53.02325581
2022/5/16,83.72093023
2022/5/17,85.11627907
2022/5/18,85.11627907
2022/5/19,80.93023256
2022/5/20,79.53488372
2022/5/21,55.81395349
2022/5/22,53.02325581
2022/5/23,86.51162791
2022/5/24,96.27906977
2022/5/25,87.90697674
2022/5/26,86.51162791
2022/5/27,83.72093023
2022/5/28,51.62790698
2022/5/29,51.62790698
2022/5/30,61.39534884
2022/5/31,78.13953488
2022/6/1,79.53488372
2022/6/2,75.34883721
2022/6/3,73.95348837
2022/6/4,46.04651163
2022/6/5,44.65116279
2022/6/6,79.53488372
2022/6/7,76.74418605
2022/6/8,68.37209302
2022/6/9,76.74418605
2022/6/10,69.76744186
2022/6/11,48.8372093
2022/6/12,44.65116279
2022/6/13,82.3255814
2022/6/14,79.53488372
2022/6/15,75.34883721
2022/6/16,71.1627907
2022/6/17,64.18604651
2022/6/18,48.8372093
2022/6/19,48.8372093
2022/6/20,61.39534884
2022/6/21,73.95348837
2022/6/22,71.1627907
2022/6/23,64.18604651
2022/6/24,68.37209302
2022/6/25,48.8372093
2022/6/26,46.04651163
2022/6/27,78.13953488
2022/6/28,66.97674419
2022/6/29,66.97674419
2022/6/30,69.76744186
2022/7/1,60
2022/7/2,44
2022/7/3,44
2022/7/4,55
2022/7/5,67
2022/7/6,64
2022/7/7,65
2022/7/8,66
2022/7/9,41
2022/7/10,42
2022/7/11,68
2022/7/12,64
2022/7/13,69
2022/7/14,70
2022/7/15,81
2022/7/16,45
2022/7/17,49
2022/7/18,100
2022/7/19,87
