Date,MSFT
2012/1/1,7.978009386
2012/1/2,13.29668231
2012/1/3,14.89228419
2012/1/4,16.48788606
2012/1/5,18.61535523
2012/1/6,28.1889665
2012/1/7,14.89228419
2012/1/8,6.914274801
2012/1/9,23.40216086
2012/1/10,23.93402816
2012/1/11,24.99776274
2012/1/12,21.27469169
2012/1/13,23.93402816
2012/1/14,11.70108043
2012/1/15,10.10547856
2012/1/16,12.76481502
2012/1/17,26.59336462
2012/1/18,26.06149733
2012/1/19,41.4856488
2012/1/20,53.18672924
2012/1/21,12.23294772
2012/1/22,14.36041689
2012/1/23,26.59336462
2012/1/24,31.38017025
2012/1/25,31.91203754
2012/1/26,20.7428244
2012/1/27,27.6570992
2012/1/28,11.70108043
2012/1/29,7.978009386
2012/1/30,23.93402816
2012/1/31,26.06149733
2012/2/1,23.93402816
2012/2/2,33.50763942
2012/2/3,30.31643567
2012/2/4,15.95601877
2012/2/5,14.89228419
2012/2/6,29.78456837
2012/2/7,23.40216086
2012/2/8,29.25270108
2012/2/9,27.12523191
2012/2/10,20.7428244
2012/2/11,11.70108043
2012/2/12,5.318672924
2012/2/13,20.7428244
2012/2/14,24.99776274
2012/2/15,19.14722253
2012/2/16,30.31643567
2012/2/17,27.12523191
2012/2/18,9.573611263
2012/2/19,9.04174397
2012/2/20,16.48788606
2012/2/21,27.6570992
2012/2/22,24.99776274
2012/2/23,24.99776274
2012/2/24,22.33842628
2012/2/25,8.509876678
2012/2/26,12.23294772
2012/2/27,16.48788606
2012/2/28,21.27469169
2012/2/29,29.78456837
2012/3/1,34.03950671
2012/3/2,28.1889665
2012/3/3,11.16921314
2012/3/4,11.16921314
2012/3/5,18.08348794
2012/3/6,22.87029357
2012/3/7,24.99776274
2012/3/8,21.27469169
2012/3/9,21.27469169
2012/3/10,11.16921314
2012/3/11,8.509876678
2012/3/12,19.67908982
2012/3/13,32.44390483
2012/3/14,28.1889665
2012/3/15,27.6570992
2012/3/16,25.52963003
2012/3/17,9.573611263
2012/3/18,7.446142093
2012/3/19,30.84830296
2012/3/20,29.25270108
2012/3/21,21.27469169
2012/3/22,24.46589545
2012/3/23,22.33842628
2012/3/24,10.10547856
2012/3/25,5.850540216
2012/3/26,24.46589545
2012/3/27,24.99776274
2012/3/28,17.55162065
2012/3/29,21.27469169
2012/3/30,22.33842628
2012/3/31,8.509876678
2012/4/1,9.04174397
2012/4/2,20.34392393
2012/4/3,26.37175325
2012/4/4,21.85088126
2012/4/5,24.86479592
2012/4/6,17.33000928
2012/4/7,8.288265306
2012/4/8,9.04174397
2012/4/9,21.85088126
2012/4/10,21.0974026
2012/4/11,27.12523191
2012/4/12,22.60435993
2012/4/13,25.61827458
2012/4/14,9.795222635
2012/4/15,12.05565863
2012/4/16,24.11131725
2012/4/17,26.37175325
2012/4/18,25.61827458
2012/4/19,45.20871985
2012/4/20,55.00394249
2012/4/21,18.8369666
2012/4/22,7.534786642
2012/4/23,25.61827458
2012/4/24,27.12523191
2012/4/25,29.3856679
2012/4/26,24.86479592
2012/4/27,28.63218924
2012/4/28,9.795222635
2012/4/29,5.274350649
2012/4/30,22.60435993
2012/5/1,28.63218924
2012/5/2,20.34392393
2012/5/3,25.61827458
2012/5/4,25.61827458
2012/5/5,10.5487013
2012/5/6,8.288265306
2012/5/7,18.08348794
2012/5/8,19.59044527
2012/5/9,21.0974026
2012/5/10,18.8369666
2012/5/11,27.12523191
2012/5/12,6.781307978
2012/5/13,6.027829314
2012/5/14,13.56261596
2012/5/15,19.59044527
2012/5/16,16.57653061
2012/5/17,20.34392393
2012/5/18,26.37175325
2012/5/19,13.56261596
2012/5/20,6.781307978
2012/5/21,24.11131725
2012/5/22,21.85088126
2012/5/23,22.60435993
2012/5/24,18.08348794
2012/5/25,18.8369666
2012/5/26,8.288265306
2012/5/27,3.767393321
2012/5/28,6.027829314
2012/5/29,20.34392393
2012/5/30,19.59044527
2012/5/31,15.06957328
2012/6/1,23.35783859
2012/6/2,9.795222635
2012/6/3,9.04174397
2012/6/4,24.86479592
2012/6/5,28.63218924
2012/6/6,23.35783859
2012/6/7,21.85088126
2012/6/8,14.31609462
2012/6/9,9.04174397
2012/6/10,7.534786642
2012/6/11,18.8369666
2012/6/12,20.34392393
2012/6/13,18.08348794
2012/6/14,14.31609462
2012/6/15,22.60435993
2012/6/16,10.5487013
2012/6/17,6.027829314
2012/6/18,48.22263451
2012/6/19,75.34786642
2012/6/20,45.96219852
2012/6/21,33.15306122
2012/6/22,29.3856679
2012/6/23,12.05565863
2012/6/24,11.30217996
2012/6/25,26.37175325
2012/6/26,33.15306122
2012/6/27,34.66001855
2012/6/28,31.6461039
2012/6/29,26.37175325
2012/6/30,9.04174397
2012/7/1,5.274350649
2012/7/2,30.98681006
2012/7/3,38.23904221
2012/7/4,13.84517045
2012/7/5,21.75669643
2012/7/6,24.39387175
2012/7/7,9.230113636
2012/7/8,9.889407468
2012/7/9,20.43810877
2012/7/10,26.37175325
2012/7/11,22.41599026
2012/7/12,29.00892857
2012/7/13,23.07528409
2012/7/14,5.933644481
2012/7/15,6.592938312
2012/7/16,21.75669643
2012/7/17,27.03104708
2012/7/18,25.05316558
2012/7/19,65.92938312
2012/7/20,58.67715097
2012/7/21,13.84517045
2012/7/22,8.570819805
2012/7/23,25.05316558
2012/7/24,25.05316558
2012/7/25,22.41599026
2012/7/26,29.6682224
2012/7/27,29.6682224
2012/7/28,18.46022727
2012/7/29,10.5487013
2012/7/30,19.1195211
2012/7/31,29.6682224
2012/8/1,27.03104708
2012/8/2,21.0974026
2012/8/3,30.32751623
2012/8/4,7.911525974
2012/8/5,8.570819805
2012/8/6,25.71245942
2012/8/7,26.37175325
2012/8/8,21.0974026
2012/8/9,24.39387175
2012/8/10,19.1195211
2012/8/11,7.911525974
2012/8/12,9.230113636
2012/8/13,19.77881494
2012/8/14,21.75669643
2012/8/15,25.71245942
2012/8/16,20.43810877
2012/8/17,23.07528409
2012/8/18,13.84517045
2012/8/19,7.911525974
2012/8/20,27.69034091
2012/8/21,27.03104708
2012/8/22,30.32751623
2012/8/23,13.84517045
2012/8/24,30.98681006
2012/8/25,11.20799513
2012/8/26,6.592938312
2012/8/27,23.73457792
2012/8/28,21.75669643
2012/8/29,26.37175325
2012/8/30,25.05316558
2012/8/31,18.46022727
2012/9/1,13.18587662
2012/9/2,9.230113636
2012/9/3,15.16375812
2012/9/4,24.39387175
2012/9/5,30.98681006
2012/9/6,28.34963474
2012/9/7,28.34963474
2012/9/8,12.52658279
2012/9/9,7.252232143
2012/9/10,23.07528409
2012/9/11,21.75669643
2012/9/12,23.07528409
2012/9/13,28.34963474
2012/9/14,25.05316558
2012/9/15,12.52658279
2012/9/16,9.889407468
2012/9/17,26.37175325
2012/9/18,35.60186688
2012/9/19,21.0974026
2012/9/20,29.00892857
2012/9/21,24.39387175
2012/9/22,7.252232143
2012/9/23,8.570819805
2012/9/24,18.46022727
2012/9/25,25.71245942
2012/9/26,24.39387175
2012/9/27,33.62398539
2012/9/28,25.05316558
2012/9/29,13.18587662
2012/9/30,5.933644481
2012/10/1,27.69034091
2012/10/2,28.4387285
2012/10/3,27.69034091
2012/10/4,25.44517813
2012/10/5,32.92905405
2012/10/6,11.22581388
2012/10/7,5.987100737
2012/10/8,19.4580774
2012/10/9,24.69679054
2012/10/10,26.19356572
2012/10/11,27.69034091
2012/10/12,20.20646499
2012/10/13,9.729038698
2012/10/14,8.232263514
2012/10/15,32.92905405
2012/10/16,34.42582924
2012/10/17,31.43227887
2012/10/18,62.86455774
2012/10/19,54.63229423
2012/10/20,20.20646499
2012/10/21,11.97420147
2012/10/22,39.66454238
2012/10/23,38.1677672
2012/10/24,46.40003071
2012/10/25,42.65809275
2012/10/26,66.6064957
2012/10/27,22.45162776
2012/10/28,11.22581388
2012/10/29,39.66454238
2012/10/30,21.70324017
2012/10/31,35.92260442
2012/11/1,35.92260442
2012/11/2,37.41937961
2012/11/3,12.72258907
2012/11/4,11.97420147
2012/11/5,35.92260442
2012/11/6,26.94195332
2012/11/7,46.40003071
2012/11/8,35.17421683
2012/11/9,31.43227887
2012/11/10,13.47097666
2012/11/11,11.97420147
2012/11/12,27.69034091
2012/11/13,74.83875921
2012/11/14,53.13551904
2012/11/15,36.67099201
2012/11/16,38.1677672
2012/11/17,17.21291462
2012/11/18,11.22581388
2012/11/19,26.19356572
2012/11/20,37.41937961
2012/11/21,29.93550369
2012/11/22,14.21936425
2012/11/23,28.4387285
2012/11/24,13.47097666
2012/11/25,8.232263514
2012/11/26,31.43227887
2012/11/27,30.68389128
2012/11/28,32.92905405
2012/11/29,38.1677672
2012/11/30,37.41937961
2012/12/1,17.21291462
2012/12/2,7.483875921
2012/12/3,26.19356572
2012/12/4,43.40648034
2012/12/5,31.43227887
2012/12/6,39.66454238
2012/12/7,24.69679054
2012/12/8,17.21291462
2012/12/9,11.97420147
2012/12/10,26.94195332
2012/12/11,39.66454238
2012/12/12,41.16131757
2012/12/13,28.4387285
2012/12/14,26.94195332
2012/12/15,14.21936425
2012/12/16,12.72258907
2012/12/17,29.93550369
2012/12/18,26.94195332
2012/12/19,27.69034091
2012/12/20,26.19356572
2012/12/21,30.68389128
2012/12/22,11.22581388
2012/12/23,7.483875921
2012/12/24,17.96130221
2012/12/25,11.97420147
2012/12/26,20.95485258
2012/12/27,23.20001536
2012/12/28,21.70324017
2012/12/29,19.4580774
2012/12/30,7.483875921
2012/12/31,23.94840295
2013/1/1,17.21291462
2013/1/2,38.95554361
2013/1/3,39.86148649
2013/1/4,31.70800061
2013/1/5,19.93074324
2013/1/6,13.58914312
2013/1/7,26.27234337
2013/1/8,30.80205774
2013/1/9,29.89611486
2013/1/10,38.04960074
2013/1/11,38.95554361
2013/1/12,14.495086
2013/1/13,10.8713145
2013/1/14,33.51988636
2013/1/15,33.51988636
2013/1/16,30.80205774
2013/1/17,34.42582924
2013/1/18,30.80205774
2013/1/19,9.059428747
2013/1/20,10.8713145
2013/1/21,19.93074324
2013/1/22,36.23771499
2013/1/23,30.80205774
2013/1/24,90.59428747
2013/1/25,74.28731572
2013/1/26,23.55451474
2013/1/27,13.58914312
2013/1/28,35.33177211
2013/1/29,28.99017199
2013/1/30,30.80205774
2013/1/31,32.61394349
2013/2/1,35.33177211
2013/2/2,18.11885749
2013/2/3,9.059428747
2013/2/4,33.51988636
2013/2/5,32.61394349
2013/2/6,22.64857187
2013/2/7,36.23771499
2013/2/8,27.17828624
2013/2/9,11.77725737
2013/2/10,9.059428747
2013/2/11,27.17828624
2013/2/12,29.89611486
2013/2/13,36.23771499
2013/2/14,29.89611486
2013/2/15,23.55451474
2013/2/16,10.8713145
2013/2/17,10.8713145
2013/2/18,18.11885749
2013/2/19,23.55451474
2013/2/20,24.46045762
2013/2/21,28.08422912
2013/2/22,18.11885749
2013/2/23,8.153485872
2013/2/24,12.68320025
2013/2/25,25.36640049
2013/2/26,22.64857187
2013/2/27,20.83668612
2013/2/28,23.55451474
2013/3/1,28.99017199
2013/3/2,12.68320025
2013/3/3,11.77725737
2013/3/4,23.55451474
2013/3/5,34.42582924
2013/3/6,41.67337224
2013/3/7,30.80205774
2013/3/8,26.27234337
2013/3/9,9.965371622
2013/3/10,10.8713145
2013/3/11,20.83668612
2013/3/12,25.36640049
2013/3/13,23.55451474
2013/3/14,26.27234337
2013/3/15,21.74262899
2013/3/16,13.58914312
2013/3/17,9.965371622
2013/3/18,28.08422912
2013/3/19,19.93074324
2013/3/20,19.02480037
2013/3/21,20.83668612
2013/3/22,24.46045762
2013/3/23,10.8713145
2013/3/24,11.77725737
2013/3/25,19.93074324
2013/3/26,26.27234337
2013/3/27,19.02480037
2013/3/28,26.27234337
2013/3/29,13.58914312
2013/3/30,14.495086
2013/3/31,12.68320025
2013/4/1,20.83668612
2013/4/2,31.70800061
2013/4/3,27.17828624
2013/4/4,21.74262899
2013/4/5,23.55451474
2013/4/6,8.153485872
2013/4/7,9.059428747
2013/4/8,19.02480037
2013/4/9,37.14365786
2013/4/10,44.39120086
2013/4/11,71.5694871
2013/4/12,41.67337224
2013/4/13,14.495086
2013/4/14,11.77725737
2013/4/15,34.42582924
2013/4/16,37.14365786
2013/4/17,25.36640049
2013/4/18,53.45062961
2013/4/19,61.60411548
2013/4/20,19.02480037
2013/4/21,13.58914312
2013/4/22,50.73280098
2013/4/23,48.01497236
2013/4/24,49.82685811
2013/4/25,58.88628686
2013/4/26,35.33177211
2013/4/27,15.40102887
2013/4/28,9.059428747
2013/4/29,37.14365786
2013/4/30,47.10902948
2013/5/1,48.01497236
2013/5/2,41.67337224
2013/5/3,44.39120086
2013/5/4,16.30697174
2013/5/5,6.341600123
2013/5/6,41.67337224
2013/5/7,40.76742936
2013/5/8,33.51988636
2013/5/9,31.70800061
2013/5/10,34.42582924
2013/5/11,11.77725737
2013/5/12,8.153485872
2013/5/13,33.51988636
2013/5/14,36.23771499
2013/5/15,32.61394349
2013/5/16,47.10902948
2013/5/17,61.60411548
2013/5/18,20.83668612
2013/5/19,12.68320025
2013/5/20,49.82685811
2013/5/21,90.59428747
2013/5/22,69.75760135
2013/5/23,43.48525799
2013/5/24,39.86148649
2013/5/25,13.58914312
2013/5/26,9.059428747
2013/5/27,13.58914312
2013/5/28,38.95554361
2013/5/29,33.51988636
2013/5/30,38.04960074
2013/5/31,32.61394349
2013/6/1,14.495086
2013/6/2,9.965371622
2013/6/3,28.08422912
2013/6/4,31.70800061
2013/6/5,27.17828624
2013/6/6,38.95554361
2013/6/7,31.70800061
2013/6/8,18.11885749
2013/6/9,11.77725737
2013/6/10,35.33177211
2013/6/11,47.10902948
2013/6/12,43.48525799
2013/6/13,37.14365786
2013/6/14,34.42582924
2013/6/15,18.11885749
2013/6/16,11.77725737
2013/6/17,27.17828624
2013/6/18,24.46045762
2013/6/19,29.89611486
2013/6/20,38.04960074
2013/6/21,30.80205774
2013/6/22,13.58914312
2013/6/23,10.8713145
2013/6/24,25.36640049
2013/6/25,28.08422912
2013/6/26,35.33177211
2013/6/27,26.27234337
2013/6/28,28.08422912
2013/6/29,10.8713145
2013/6/30,8.153485872
2013/7/1,28.99017199
2013/7/2,26.91944542
2013/7/3,22.77799228
2013/7/4,16.56581257
2013/7/5,16.56581257
2013/7/6,10.35363285
2013/7/7,8.282906283
2013/7/8,22.77799228
2013/7/9,18.63653914
2013/7/10,20.70726571
2013/7/11,57.98034398
2013/7/12,45.55598456
2013/7/13,18.63653914
2013/7/14,12.42435942
2013/7/15,26.91944542
2013/7/16,39.34380484
2013/7/17,37.27307827
2013/7/18,72.47542998
2013/7/19,161.5166725
2013/7/20,49.6974377
2013/7/21,26.91944542
2013/7/22,68.33397683
2013/7/23,51.76816427
2013/7/24,43.48525799
2013/7/25,39.34380484
2013/7/26,35.2023517
2013/7/27,14.495086
2013/7/28,16.56581257
2013/7/29,31.06089856
2013/7/30,35.2023517
2013/7/31,33.13162513
2013/8/1,22.77799228
2013/8/2,33.13162513
2013/8/3,24.84871885
2013/8/4,4.141453141
2013/8/5,31.06089856
2013/8/6,26.91944542
2013/8/7,22.77799228
2013/8/8,33.13162513
2013/8/9,35.2023517
2013/8/10,10.35363285
2013/8/11,8.282906283
2013/8/12,24.84871885
2013/8/13,31.06089856
2013/8/14,35.2023517
2013/8/15,39.34380484
2013/8/16,31.06089856
2013/8/17,10.35363285
2013/8/18,8.282906283
2013/8/19,26.91944542
2013/8/20,28.99017199
2013/8/21,33.13162513
2013/8/22,31.06089856
2013/8/23,207.0726571
2013/8/24,57.98034398
2013/8/25,24.84871885
2013/8/26,57.98034398
2013/8/27,53.83889084
2013/8/28,37.27307827
2013/8/29,28.99017199
2013/8/30,35.2023517
2013/8/31,16.56581257
2013/9/1,12.42435942
2013/9/2,14.495086
2013/9/3,161.5166725
2013/9/4,84.8997894
2013/9/5,57.98034398
2013/9/6,41.41453141
2013/9/7,12.42435942
2013/9/8,14.495086
2013/9/9,35.2023517
2013/9/10,37.27307827
2013/9/11,47.62671113
2013/9/12,37.27307827
2013/9/13,35.2023517
2013/9/14,14.495086
2013/9/15,18.63653914
2013/9/16,35.2023517
2013/9/17,60.05107055
2013/9/18,45.55598456
2013/9/19,41.41453141
2013/9/20,37.27307827
2013/9/21,14.495086
2013/9/22,14.495086
2013/9/23,47.62671113
2013/9/24,39.34380484
2013/9/25,31.06089856
2013/9/26,28.99017199
2013/9/27,37.27307827
2013/9/28,20.70726571
2013/9/29,8.282906283
2013/9/30,35.2023517
2013/10/1,41.41453141
2013/10/2,46.01614602
2013/10/3,30.37065637
2013/10/4,34.97227097
2013/10/5,17.48613549
2013/10/6,6.442260442
2013/10/7,23.00807301
2013/10/8,31.29097929
2013/10/9,27.60968761
2013/10/10,37.73323973
2013/10/11,32.21130221
2013/10/12,15.64548965
2013/10/13,8.282906283
2013/10/14,30.37065637
2013/10/15,37.73323973
2013/10/16,39.57388557
2013/10/17,42.33485433
2013/10/18,35.89259389
2013/10/19,18.40645841
2013/10/20,13.8048438
2013/10/21,35.89259389
2013/10/22,39.57388557
2013/10/23,38.65356265
2013/10/24,75.46647947
2013/10/25,92.03229203
2013/10/26,24.84871885
2013/10/27,16.56581257
2013/10/28,40.49420849
2013/10/29,39.57388557
2013/10/30,30.37065637
2013/10/31,26.68936469
2013/11/1,25.76904177
2013/11/2,12.88452088
2013/11/3,13.8048438
2013/11/4,24.84871885
2013/11/5,41.41453141
2013/11/6,59.82098982
2013/11/7,61.66163566
2013/11/8,34.97227097
2013/11/9,12.88452088
2013/11/10,13.8048438
2013/11/11,29.45033345
2013/11/12,34.97227097
2013/11/13,33.13162513
2013/11/14,34.05194805
2013/11/15,34.05194805
2013/11/16,11.96419796
2013/11/17,11.04387504
2013/11/18,31.29097929
2013/11/19,34.97227097
2013/11/20,38.65356265
2013/11/21,43.25517726
2013/11/22,40.49420849
2013/11/23,23.92839593
2013/11/24,13.8048438
2013/11/25,38.65356265
2013/11/26,36.81291681
2013/11/27,24.84871885
2013/11/28,15.64548965
2013/11/29,20.24710425
2013/11/30,19.32678133
2013/12/1,12.88452088
2013/12/2,36.81291681
2013/12/3,34.05194805
2013/12/4,34.97227097
2013/12/5,45.0958231
2013/12/6,40.49420849
2013/12/7,16.56581257
2013/12/8,11.04387504
2013/12/9,26.68936469
2013/12/10,39.57388557
2013/12/11,33.13162513
2013/12/12,40.49420849
2013/12/13,24.84871885
2013/12/14,11.96419796
2013/12/15,11.96419796
2013/12/16,29.45033345
2013/12/17,28.53001053
2013/12/18,33.13162513
2013/12/19,36.81291681
2013/12/20,28.53001053
2013/12/21,14.72516673
2013/12/22,5.521937522
2013/12/23,29.45033345
2013/12/24,29.45033345
2013/12/25,16.56581257
2013/12/26,26.68936469
2013/12/27,25.76904177
2013/12/28,13.8048438
2013/12/29,8.282906283
2013/12/30,23.00807301
2013/12/31,28.53001053
2014/1/1,13.8048438
2014/1/2,29.91049491
2014/1/3,28.76009126
2014/1/4,17.25605476
2014/1/5,10.35363285
2014/1/6,29.91049491
2014/1/7,35.66251316
2014/1/8,33.36170586
2014/1/9,23.00807301
2014/1/10,23.00807301
2014/1/11,9.203229203
2014/1/12,8.052825553
2014/1/13,29.91049491
2014/1/14,36.81291681
2014/1/15,32.21130221
2014/1/16,36.81291681
2014/1/17,26.45928396
2014/1/18,13.8048438
2014/1/19,9.203229203
2014/1/20,18.40645841
2014/1/21,27.60968761
2014/1/22,33.36170586
2014/1/23,63.27220077
2014/1/24,94.33309933
2014/1/25,17.25605476
2014/1/26,11.5040365
2014/1/27,36.81291681
2014/1/28,35.66251316
2014/1/29,25.30888031
2014/1/30,41.41453141
2014/1/31,52.91856792
2014/2/1,18.40645841
2014/2/2,11.5040365
2014/2/3,28.76009126
2014/2/4,115.040365
2014/2/5,47.16654967
2014/2/6,39.11372411
2014/2/7,33.36170586
2014/2/8,10.35363285
2014/2/9,11.5040365
2014/2/10,33.36170586
2014/2/11,32.21130221
2014/2/12,29.91049491
2014/2/13,32.21130221
2014/2/14,28.76009126
2014/2/15,17.25605476
2014/2/16,10.35363285
2014/2/17,19.55686206
2014/2/18,33.36170586
2014/2/19,28.76009126
2014/2/20,33.36170586
2014/2/21,29.91049491
2014/2/22,11.5040365
2014/2/23,12.65444015
2014/2/24,28.76009126
2014/2/25,26.45928396
2014/2/26,33.36170586
2014/2/27,25.30888031
2014/2/28,29.91049491
2014/3/1,17.25605476
2014/3/2,13.8048438
2014/3/3,27.60968761
2014/3/4,36.81291681
2014/3/5,27.60968761
2014/3/6,31.06089856
2014/3/7,21.85766936
2014/3/8,10.35363285
2014/3/9,11.5040365
2014/3/10,20.70726571
2014/3/11,28.76009126
2014/3/12,29.91049491
2014/3/13,27.60968761
2014/3/14,25.30888031
2014/3/15,9.203229203
2014/3/16,8.052825553
2014/3/17,20.70726571
2014/3/18,44.86574237
2014/3/19,44.86574237
2014/3/20,43.71533872
2014/3/21,36.81291681
2014/3/22,13.8048438
2014/3/23,11.5040365
2014/3/24,26.45928396
2014/3/25,36.81291681
2014/3/26,31.06089856
2014/3/27,50.61776062
2014/3/28,48.31695332
2014/3/29,13.8048438
2014/3/30,8.052825553
2014/3/31,35.66251316
2014/4/1,42.56493506
2014/4/2,48.74371596
2014/4/3,40.50534143
2014/4/4,45.31105991
2014/4/5,14.41715543
2014/4/6,8.924905739
2014/4/7,35.01309175
2014/4/8,32.95349811
2014/4/9,36.38615417
2014/4/10,31.58043569
2014/4/11,32.95349811
2014/4/12,13.73062421
2014/4/13,7.551843318
2014/4/14,27.46124843
2014/4/15,32.95349811
2014/4/16,30.20737327
2014/4/17,30.89390448
2014/4/18,20.59593632
2014/4/19,9.61143695
2014/4/20,8.924905739
2014/4/21,26.77471722
2014/4/22,30.89390448
2014/4/23,35.69962296
2014/4/24,59.72821533
2014/4/25,68.65312107
2014/4/26,17.84981148
2014/4/27,12.35756179
2014/4/28,35.69962296
2014/4/29,30.20737327
2014/4/30,31.58043569
2014/5/1,35.69962296
2014/5/2,26.77471722
2014/5/3,15.79021785
2014/5/4,10.98449937
2014/5/5,21.96899874
2014/5/6,26.08818601
2014/5/7,32.2669669
2014/5/8,31.58043569
2014/5/9,24.02859238
2014/5/10,10.98449937
2014/5/11,6.178780897
2014/5/12,26.08818601
2014/5/13,31.58043569
2014/5/14,27.46124843
2014/5/15,30.89390448
2014/5/16,21.28246753
2014/5/17,8.924905739
2014/5/18,8.238374529
2014/5/19,26.77471722
2014/5/20,31.58043569
2014/5/21,28.83431085
2014/5/22,31.58043569
2014/5/23,23.34206116
2014/5/24,12.35756179
2014/5/25,6.865312107
2014/5/26,7.551843318
2014/5/27,27.46124843
2014/5/28,30.20737327
2014/5/29,24.71512359
2014/5/30,23.34206116
2014/5/31,10.98449937
2014/6/1,10.29796816
2014/6/2,28.83431085
2014/6/3,24.02859238
2014/6/4,26.08818601
2014/6/5,24.71512359
2014/6/6,37.75921659
2014/6/7,13.044093
2014/6/8,12.35756179
2014/6/9,21.28246753
2014/6/10,29.52084206
2014/6/11,26.08818601
2014/6/12,24.02859238
2014/6/13,26.08818601
2014/6/14,9.61143695
2014/6/15,4.805718475
2014/6/16,21.96899874
2014/6/17,28.83431085
2014/6/18,26.08818601
2014/6/19,26.77471722
2014/6/20,25.4016548
2014/6/21,11.67103058
2014/6/22,6.865312107
2014/6/23,19.2228739
2014/6/24,21.28246753
2014/6/25,26.08818601
2014/6/26,23.34206116
2014/6/27,25.4016548
2014/6/28,14.41715543
2014/6/29,9.61143695
2014/6/30,26.08818601
2014/7/1,26.77471722
2014/7/2,22.31226435
2014/7/3,30.12155687
2014/7/4,15.61858504
2014/7/5,4.46245287
2014/7/6,8.924905739
2014/7/7,21.19665113
2014/7/8,25.659104
2014/7/9,23.42787757
2014/7/10,24.54349078
2014/7/11,20.08103791
2014/7/12,8.924905739
2014/7/13,3.346839652
2014/7/14,23.42787757
2014/7/15,29.00594365
2014/7/16,47.97136835
2014/7/17,111.5613217
2014/7/18,58.01188731
2014/7/19,22.31226435
2014/7/20,15.61858504
2014/7/21,39.04646261
2014/7/22,85.90221774
2014/7/23,60.24311374
2014/7/24,44.6245287
2014/7/25,34.58400974
2014/7/26,13.38735861
2014/7/27,10.04051896
2014/7/28,29.00594365
2014/7/29,30.12155687
2014/7/30,26.77471722
2014/7/31,26.77471722
2014/8/1,26.77471722
2014/8/2,10.04051896
2014/8/3,3.346839652
2014/8/4,25.659104
2014/8/5,24.54349078
2014/8/6,23.42787757
2014/8/7,20.08103791
2014/8/8,22.31226435
2014/8/9,8.924905739
2014/8/10,10.04051896
2014/8/11,24.54349078
2014/8/12,26.77471722
2014/8/13,22.31226435
2014/8/14,25.659104
2014/8/15,25.659104
2014/8/16,7.809292522
2014/8/17,4.46245287
2014/8/18,23.42787757
2014/8/19,29.00594365
2014/8/20,29.00594365
2014/8/21,26.77471722
2014/8/22,24.54349078
2014/8/23,10.04051896
2014/8/24,5.578066087
2014/8/25,21.19665113
2014/8/26,23.42787757
2014/8/27,25.659104
2014/8/28,23.42787757
2014/8/29,18.9654247
2014/8/30,10.04051896
2014/8/31,8.924905739
2014/9/1,12.27174539
2014/9/2,21.19665113
2014/9/3,22.31226435
2014/9/4,27.89033044
2014/9/5,35.69962296
2014/9/6,10.04051896
2014/9/7,7.809292522
2014/9/8,34.58400974
2014/9/9,31.23717009
2014/9/10,37.93084939
2014/9/11,31.23717009
2014/9/12,27.89033044
2014/9/13,14.50297183
2014/9/14,13.38735861
2014/9/15,35.69962296
2014/9/16,36.81523618
2014/9/17,34.58400974
2014/9/18,40.16207583
2014/9/19,32.35278331
2014/9/20,13.38735861
2014/9/21,8.924905739
2014/9/22,33.46839652
2014/9/23,26.77471722
2014/9/24,27.89033044
2014/9/25,30.12155687
2014/9/26,25.659104
2014/9/27,14.50297183
2014/9/28,6.693679305
2014/9/29,25.659104
2014/9/30,30.12155687
2014/10/1,34.58400974
2014/10/2,28.82000812
2014/10/3,21.61500609
2014/10/4,13.68950386
2014/10/5,11.52800325
2014/10/6,20.17400568
2014/10/7,27.37900771
2014/10/8,28.82000812
2014/10/9,33.86350954
2014/10/10,25.93800731
2014/10/11,15.85100446
2014/10/12,13.68950386
2014/10/13,28.09950791
2014/10/14,28.09950791
2014/10/15,38.18651075
2014/10/16,25.93800731
2014/10/17,25.93800731
2014/10/18,10.08700284
2014/10/19,5.04350142
2014/10/20,25.93800731
2014/10/21,29.54050832
2014/10/22,28.09950791
2014/10/23,59.80151684
2014/10/24,72.05002029
2014/10/25,14.41000406
2014/10/26,14.41000406
2014/10/27,33.86350954
2014/10/28,32.42250913
2014/10/29,28.09950791
2014/10/30,33.14300933
2014/10/31,31.70200893
2014/11/1,12.24850345
2014/11/2,9.366502638
2014/11/3,26.65850751
2014/11/4,30.26100852
2014/11/5,30.98150873
2014/11/6,31.70200893
2014/11/7,36.02501015
2014/11/8,15.13050426
2014/11/9,7.205002029
2014/11/10,26.65850751
2014/11/11,30.98150873
2014/11/12,29.54050832
2014/11/13,33.86350954
2014/11/14,40.34801136
2014/11/15,19.45350548
2014/11/16,9.366502638
2014/11/17,30.26100852
2014/11/18,33.14300933
2014/11/19,30.26100852
2014/11/20,23.7765067
2014/11/21,29.54050832
2014/11/22,16.57150467
2014/11/23,10.80750304
2014/11/24,28.09950791
2014/11/25,28.09950791
2014/11/26,32.42250913
2014/11/27,15.85100446
2014/11/28,14.41000406
2014/11/29,10.08700284
2014/11/30,9.366502638
2014/12/1,22.33550629
2014/12/2,28.09950791
2014/12/3,24.4970069
2014/12/4,32.42250913
2014/12/5,23.7765067
2014/12/6,13.68950386
2014/12/7,6.484501826
2014/12/8,27.37900771
2014/12/9,25.2175071
2014/12/10,21.61500609
2014/12/11,24.4970069
2014/12/12,23.05600649
2014/12/13,10.80750304
2014/12/14,7.925502232
2014/12/15,12.96900365
2014/12/16,30.98150873
2014/12/17,26.65850751
2014/12/18,26.65850751
2014/12/19,26.65850751
2014/12/20,10.80750304
2014/12/21,7.925502232
2014/12/22,18.73300528
2014/12/23,26.65850751
2014/12/24,16.57150467
2014/12/25,10.08700284
2014/12/26,24.4970069
2014/12/27,14.41000406
2014/12/28,7.925502232
2014/12/29,14.41000406
2014/12/30,20.89450588
2014/12/31,21.61500609
2015/1/1,8.646002435
2015/1/2,16.05686167
2015/1/3,8.646002435
2015/1/4,4.94057282
2015/1/5,22.23257769
2015/1/6,29.64343692
2015/1/7,25.93800731
2015/1/8,24.7028641
2015/1/9,20.99743449
2015/1/10,12.35143205
2015/1/11,7.41085923
2015/1/12,17.29200487
2015/1/13,23.4677209
2015/1/14,24.7028641
2015/1/15,23.4677209
2015/1/16,23.4677209
2015/1/17,12.35143205
2015/1/18,6.175716025
2015/1/19,13.58657526
2015/1/20,29.64343692
2015/1/21,44.46515538
2015/1/22,43.23001218
2015/1/23,40.75972577
2015/1/24,14.82171846
2015/1/25,11.11628885
2015/1/26,64.22744666
2015/1/27,123.5143205
2015/1/28,80.28430833
2015/1/29,49.4057282
2015/1/30,51.87601461
2015/1/31,22.23257769
2015/2/1,13.58657526
2015/2/2,34.58400974
2015/2/3,41.99486897
2015/2/4,41.99486897
2015/2/5,43.23001218
2015/2/6,28.40829372
2015/2/7,13.58657526
2015/2/8,11.11628885
2015/2/9,33.34886654
2015/2/10,35.81915295
2015/2/11,29.64343692
2015/2/12,40.75972577
2015/2/13,32.11372333
2015/2/14,16.05686167
2015/2/15,13.58657526
2015/2/16,22.23257769
2015/2/17,34.58400974
2015/2/18,28.40829372
2015/2/19,34.58400974
2015/2/20,32.11372333
2015/2/21,13.58657526
2015/2/22,8.646002435
2015/2/23,32.11372333
2015/2/24,27.17315051
2015/2/25,29.64343692
2015/2/26,25.93800731
2015/2/27,28.40829372
2015/2/28,9.88114564
2015/3/1,11.11628885
2015/3/2,25.93800731
2015/3/3,29.64343692
2015/3/4,25.93800731
2015/3/5,29.64343692
2015/3/6,24.7028641
2015/3/7,13.58657526
2015/3/8,3.705429615
2015/3/9,27.17315051
2015/3/10,32.11372333
2015/3/11,27.17315051
2015/3/12,30.87858013
2015/3/13,29.64343692
2015/3/14,13.58657526
2015/3/15,11.11628885
2015/3/16,24.7028641
2015/3/17,33.34886654
2015/3/18,30.87858013
2015/3/19,34.58400974
2015/3/20,24.7028641
2015/3/21,9.88114564
2015/3/22,11.11628885
2015/3/23,34.58400974
2015/3/24,24.7028641
2015/3/25,24.7028641
2015/3/26,28.40829372
2015/3/27,28.40829372
2015/3/28,12.35143205
2015/3/29,9.88114564
2015/3/30,25.93800731
2015/3/31,29.64343692
2015/4/1,24.7028641
2015/4/2,28.99901438
2015/4/3,19.33267625
2015/4/4,11.81441327
2015/4/5,5.370187848
2015/4/6,25.77690167
2015/4/7,30.07305195
2015/4/8,30.07305195
2015/4/9,25.77690167
2015/4/10,31.14708952
2015/4/11,10.7403757
2015/4/12,9.666338126
2015/4/13,24.7028641
2015/4/14,23.62882653
2015/4/15,32.22112709
2015/4/16,30.07305195
2015/4/17,26.85093924
2015/4/18,8.592300557
2015/4/19,8.592300557
2015/4/20,36.51727737
2015/4/21,25.77690167
2015/4/22,25.77690167
2015/4/23,67.66436688
2015/4/24,107.403757
2015/4/25,35.4432398
2015/4/26,15.03652597
2015/4/27,50.47976577
2015/4/28,57.99802876
2015/4/29,55.84995362
2015/4/30,53.70187848
2015/5/1,49.4057282
2015/5/2,15.03652597
2015/5/3,11.81441327
2015/5/4,38.6653525
2015/5/5,34.36920223
2015/5/6,36.51727737
2015/5/7,31.14708952
2015/5/8,34.36920223
2015/5/9,11.81441327
2015/5/10,5.370187848
2015/5/11,31.14708952
2015/5/12,24.7028641
2015/5/13,26.85093924
2015/5/14,30.07305195
2015/5/15,28.99901438
2015/5/16,15.03652597
2015/5/17,7.518262987
2015/5/18,26.85093924
2015/5/19,27.92497681
2015/5/20,23.62882653
2015/5/21,20.40671382
2015/5/22,24.7028641
2015/5/23,6.444225417
2015/5/24,9.666338126
2015/5/25,11.81441327
2015/5/26,26.85093924
2015/5/27,21.48075139
2015/5/28,23.62882653
2015/5/29,23.62882653
2015/5/30,8.592300557
2015/5/31,8.592300557
2015/6/1,24.7028641
2015/6/2,21.48075139
2015/6/3,25.77690167
2015/6/4,22.55478896
2015/6/5,25.77690167
2015/6/6,7.518262987
2015/6/7,5.370187848
2015/6/8,22.55478896
2015/6/9,21.48075139
2015/6/10,19.33267625
2015/6/11,26.85093924
2015/6/12,13.9624884
2015/6/13,6.444225417
2015/6/14,3.222112709
2015/6/15,16.11056354
2015/6/16,28.99901438
2015/6/17,30.07305195
2015/6/18,27.92497681
2015/6/19,20.40671382
2015/6/20,7.518262987
2015/6/21,8.592300557
2015/6/22,22.55478896
2015/6/23,20.40671382
2015/6/24,24.7028641
2015/6/25,19.33267625
2015/6/26,17.18460111
2015/6/27,7.518262987
2015/6/28,4.296150278
2015/6/29,37.59131494
2015/6/30,30.07305195
2015/7/1,24.7028641
2015/7/2,23.8794353
2015/7/3,10.70457444
2015/7/4,6.587430427
2015/7/5,8.234288033
2015/7/6,24.7028641
2015/7/7,28.82000812
2015/7/8,49.4057282
2015/7/9,37.87772495
2015/7/10,32.11372333
2015/7/11,9.88114564
2015/7/12,7.41085923
2015/7/13,27.99657931
2015/7/14,27.99657931
2015/7/15,29.64343692
2015/7/16,30.46686572
2015/7/17,35.40743854
2015/7/18,16.46857607
2015/7/19,7.41085923
2015/7/20,27.17315051
2015/7/21,81.51945153
2015/7/22,82.34288033
2015/7/23,43.64172658
2015/7/24,27.99657931
2015/7/25,15.64514726
2015/7/26,9.88114564
2015/7/27,25.5262929
2015/7/28,25.5262929
2015/7/29,46.93544179
2015/7/30,40.34801136
2015/7/31,31.29029453
2015/8/1,12.35143205
2015/8/2,14.82171846
2015/8/3,27.17315051
2015/8/4,30.46686572
2015/8/5,30.46686572
2015/8/6,26.34972171
2015/8/7,20.58572008
2015/8/8,13.17486085
2015/8/9,12.35143205
2015/8/10,30.46686572
2015/8/11,29.64343692
2015/8/12,31.29029453
2015/8/13,23.05600649
2015/8/14,24.7028641
2015/8/15,11.52800325
2015/8/16,8.234288033
2015/8/17,24.7028641
2015/8/18,26.34972171
2015/8/19,25.5262929
2015/8/20,22.23257769
2015/8/21,37.87772495
2015/8/22,14.82171846
2015/8/23,12.35143205
2015/8/24,55.16972982
2015/8/25,48.5822994
2015/8/26,41.17144017
2015/8/27,40.34801136
2015/8/28,36.23086735
2015/8/29,13.17486085
2015/8/30,12.35143205
2015/8/31,28.82000812
2015/9/1,32.93715213
2015/9/2,35.40743854
2015/9/3,36.23086735
2015/9/4,30.46686572
2015/9/5,14.82171846
2015/9/6,9.88114564
2015/9/7,11.52800325
2015/9/8,24.7028641
2015/9/9,28.82000812
2015/9/10,30.46686572
2015/9/11,21.40914889
2015/9/12,9.057716837
2015/9/13,10.70457444
2015/9/14,23.8794353
2015/9/15,28.82000812
2015/9/16,32.93715213
2015/9/17,29.64343692
2015/9/18,24.7028641
2015/9/19,9.057716837
2015/9/20,12.35143205
2015/9/21,21.40914889
2015/9/22,25.5262929
2015/9/23,22.23257769
2015/9/24,19.76229128
2015/9/25,24.7028641
2015/9/26,12.35143205
2015/9/27,5.764001623
2015/9/28,25.5262929
2015/9/29,23.8794353
2015/9/30,23.05600649
2015/10/1,24.7028641
2015/10/2,27.30316558
2015/10/3,7.800904453
2015/10/4,10.40120594
2015/10/5,23.40271336
2015/10/6,46.80542672
2015/10/7,40.30467301
2015/10/8,35.10407004
2015/10/9,29.90346707
2015/10/10,11.70135668
2015/10/11,10.40120594
2015/10/12,18.20211039
2015/10/13,28.60331633
2015/10/14,23.40271336
2015/10/15,24.7028641
2015/10/16,26.00301484
2015/10/17,9.101055195
2015/10/18,10.40120594
2015/10/19,28.60331633
2015/10/20,28.60331633
2015/10/21,26.00301484
2015/10/22,74.1085923
2015/10/23,130.0150742
2015/10/24,35.10407004
2015/10/25,15.60180891
2015/10/26,58.5067834
2015/10/27,50.70587894
2015/10/28,50.70587894
2015/10/29,45.50527597
2015/10/30,35.10407004
2015/10/31,11.70135668
2015/11/1,10.40120594
2015/11/2,33.80391929
2015/11/3,42.90497449
2015/11/4,36.40422078
2015/11/5,32.50376855
2015/11/6,32.50376855
2015/11/7,18.20211039
2015/11/8,6.500753711
2015/11/9,31.20361781
2015/11/10,29.90346707
2015/11/11,27.30316558
2015/11/12,26.00301484
2015/11/13,28.60331633
2015/11/14,18.20211039
2015/11/15,6.500753711
2015/11/16,27.30316558
2015/11/17,23.40271336
2015/11/18,26.00301484
2015/11/19,27.30316558
2015/11/20,22.10256262
2015/11/21,6.500753711
2015/11/22,5.200602968
2015/11/23,19.50226113
2015/11/24,19.50226113
2015/11/25,20.80241187
2015/11/26,10.40120594
2015/11/27,13.00150742
2015/11/28,9.101055195
2015/11/29,6.500753711
2015/11/30,32.50376855
2015/12/1,28.60331633
2015/12/2,26.00301484
2015/12/3,23.40271336
2015/12/4,26.00301484
2015/12/5,16.90195965
2015/12/6,7.800904453
2015/12/7,19.50226113
2015/12/8,22.10256262
2015/12/9,20.80241187
2015/12/10,19.50226113
2015/12/11,22.10256262
2015/12/12,9.101055195
2015/12/13,6.500753711
2015/12/14,23.40271336
2015/12/15,24.7028641
2015/12/16,29.90346707
2015/12/17,27.30316558
2015/12/18,26.00301484
2015/12/19,7.800904453
2015/12/20,3.900452226
2015/12/21,16.90195965
2015/12/22,22.10256262
2015/12/23,22.10256262
2015/12/24,16.90195965
2015/12/25,7.800904453
2015/12/26,11.70135668
2015/12/27,6.500753711
2015/12/28,23.40271336
2015/12/29,24.7028641
2015/12/30,24.7028641
2015/12/31,19.50226113
2016/1/1,6.500753711
2016/1/2,8.125942138
2016/1/3,8.938536352
2016/1/4,30.87858013
2016/1/5,29.2533917
2016/1/6,22.75263799
2016/1/7,32.50376855
2016/1/8,37.37933384
2016/1/9,7.313347924
2016/1/10,8.125942138
2016/1/11,22.75263799
2016/1/12,21.94004377
2016/1/13,30.87858013
2016/1/14,26.00301484
2016/1/15,32.50376855
2016/1/16,14.62669585
2016/1/17,9.751130566
2016/1/18,12.18891321
2016/1/19,25.19042063
2016/1/20,31.69117434
2016/1/21,29.2533917
2016/1/22,27.62820327
2016/1/23,9.751130566
2016/1/24,7.313347924
2016/1/25,22.75263799
2016/1/26,24.37782641
2016/1/27,30.87858013
2016/1/28,74.75866767
2016/1/29,81.25942138
2016/1/30,20.31485535
2016/1/31,10.56372478
2016/2/1,23.5652322
2016/2/2,35.75414541
2016/2/3,29.2533917
2016/2/4,26.81560906
2016/2/5,34.94155119
2016/2/6,13.00150742
2016/2/7,6.500753711
2016/2/8,28.44079748
2016/2/9,30.06598591
2016/2/10,33.31636277
2016/2/11,28.44079748
2016/2/12,29.2533917
2016/2/13,9.751130566
2016/2/14,7.313347924
2016/2/15,12.18891321
2016/2/16,22.75263799
2016/2/17,23.5652322
2016/2/18,23.5652322
2016/2/19,21.94004377
2016/2/20,8.125942138
2016/2/21,7.313347924
2016/2/22,21.94004377
2016/2/23,25.19042063
2016/2/24,22.75263799
2016/2/25,25.19042063
2016/2/26,26.00301484
2016/2/27,2.437782641
2016/2/28,6.500753711
2016/2/29,22.75263799
2016/3/1,29.2533917
2016/3/2,26.00301484
2016/3/3,24.37782641
2016/3/4,21.12744956
2016/3/5,7.313347924
2016/3/6,4.875565283
2016/3/7,20.31485535
2016/3/8,21.94004377
2016/3/9,24.37782641
2016/3/10,19.50226113
2016/3/11,24.37782641
2016/3/12,8.125942138
2016/3/13,4.875565283
2016/3/14,19.50226113
2016/3/15,21.12744956
2016/3/16,21.12744956
2016/3/17,25.19042063
2016/3/18,25.19042063
2016/3/19,10.56372478
2016/3/20,4.875565283
2016/3/21,22.75263799
2016/3/22,25.19042063
2016/3/23,21.94004377
2016/3/24,19.50226113
2016/3/25,13.00150742
2016/3/26,5.688159497
2016/3/27,6.500753711
2016/3/28,21.12744956
2016/3/29,23.5652322
2016/3/30,34.12895698
2016/3/31,31.69117434
2016/4/1,22.75263799
2016/4/2,6.500753711
2016/4/3,6.500753711
2016/4/4,23.83609694
2016/4/5,22.75263799
2016/4/6,18.41880218
2016/4/7,17.33534323
2016/4/8,20.58572008
2016/4/9,4.333835807
2016/4/10,6.500753711
2016/4/11,19.50226113
2016/4/12,19.50226113
2016/4/13,18.41880218
2016/4/14,20.58572008
2016/4/15,21.66917904
2016/4/16,7.584212662
2016/4/17,4.333835807
2016/4/18,27.08647379
2016/4/19,27.08647379
2016/4/20,30.33685065
2016/4/21,68.25791396
2016/4/22,89.927093
2016/4/23,21.66917904
2016/4/24,10.83458952
2016/4/25,32.50376855
2016/4/26,39.00452226
2016/4/27,37.92106331
2016/4/28,31.4203096
2016/4/29,32.50376855
2016/4/30,11.91804847
2016/5/1,7.584212662
2016/5/2,23.83609694
2016/5/3,30.33685065
2016/5/4,27.08647379
2016/5/5,20.58572008
2016/5/6,22.75263799
2016/5/7,7.584212662
2016/5/8,8.667671614
2016/5/9,22.75263799
2016/5/10,23.83609694
2016/5/11,20.58572008
2016/5/12,20.58572008
2016/5/13,26.00301484
2016/5/14,8.667671614
2016/5/15,4.333835807
2016/5/16,20.58572008
2016/5/17,24.91955589
2016/5/18,24.91955589
2016/5/19,20.58572008
2016/5/20,26.00301484
2016/5/21,8.667671614
2016/5/22,4.333835807
2016/5/23,17.33534323
2016/5/24,20.58572008
2016/5/25,32.50376855
2016/5/26,21.66917904
2016/5/27,22.75263799
2016/5/28,8.667671614
2016/5/29,5.417294759
2016/5/30,6.500753711
2016/5/31,19.50226113
2016/6/1,23.83609694
2016/6/2,21.66917904
2016/6/3,21.66917904
2016/6/4,8.667671614
2016/6/5,6.500753711
2016/6/6,22.75263799
2016/6/7,22.75263799
2016/6/8,21.66917904
2016/6/9,20.58572008
2016/6/10,19.50226113
2016/6/11,5.417294759
2016/6/12,4.333835807
2016/6/13,108.3458952
2016/6/14,50.92257073
2016/6/15,32.50376855
2016/6/16,24.91955589
2016/6/17,26.00301484
2016/6/18,7.584212662
2016/6/19,5.417294759
2016/6/20,18.41880218
2016/6/21,24.91955589
2016/6/22,23.83609694
2016/6/23,26.00301484
2016/6/24,53.08948864
2016/6/25,14.08496637
2016/6/26,7.584212662
2016/6/27,31.4203096
2016/6/28,35.75414541
2016/6/29,23.83609694
2016/6/30,23.83609694
2016/7/1,23.83609694
2016/7/2,9.327168367
2016/7/3,5.181760204
2016/7/4,9.327168367
2016/7/5,16.58163265
2016/7/6,20.72704082
2016/7/7,26.94515306
2016/7/8,27.9815051
2016/7/9,9.327168367
2016/7/10,4.145408163
2016/7/11,29.01785714
2016/7/12,32.12691327
2016/7/13,21.76339286
2016/7/14,24.87244898
2016/7/15,24.87244898
2016/7/16,7.254464286
2016/7/17,4.145408163
2016/7/18,32.12691327
2016/7/19,96.3807398
2016/7/20,103.6352041
2016/7/21,56.99936224
2016/7/22,37.30867347
2016/7/23,11.39987245
2016/7/24,10.36352041
2016/7/25,27.9815051
2016/7/26,30.05420918
2016/7/27,30.05420918
2016/7/28,27.9815051
2016/7/29,27.9815051
2016/7/30,10.36352041
2016/7/31,7.254464286
2016/8/1,21.76339286
2016/8/2,22.7997449
2016/8/3,20.72704082
2016/8/4,24.87244898
2016/8/5,30.05420918
2016/8/6,8.290816327
2016/8/7,7.254464286
2016/8/8,23.83609694
2016/8/9,22.7997449
2016/8/10,20.72704082
2016/8/11,25.90880102
2016/8/12,17.61798469
2016/8/13,7.254464286
2016/8/14,4.145408163
2016/8/15,24.87244898
2016/8/16,23.83609694
2016/8/17,23.83609694
2016/8/18,19.69068878
2016/8/19,20.72704082
2016/8/20,4.145408163
2016/8/21,4.145408163
2016/8/22,24.87244898
2016/8/23,20.72704082
2016/8/24,25.90880102
2016/8/25,21.76339286
2016/8/26,20.72704082
2016/8/27,5.181760204
2016/8/28,4.145408163
2016/8/29,14.50892857
2016/8/30,22.7997449
2016/8/31,22.7997449
2016/9/1,24.87244898
2016/9/2,24.87244898
2016/9/3,7.254464286
2016/9/4,9.327168367
2016/9/5,4.145408163
2016/9/6,16.58163265
2016/9/7,24.87244898
2016/9/8,22.7997449
2016/9/9,30.05420918
2016/9/10,10.36352041
2016/9/11,6.218112245
2016/9/12,20.72704082
2016/9/13,19.69068878
2016/9/14,21.76339286
2016/9/15,22.7997449
2016/9/16,19.69068878
2016/9/17,7.254464286
2016/9/18,3.109056122
2016/9/19,18.65433673
2016/9/20,29.01785714
2016/9/21,36.27232143
2016/9/22,26.94515306
2016/9/23,26.94515306
2016/9/24,8.290816327
2016/9/25,8.290816327
2016/9/26,19.69068878
2016/9/27,24.87244898
2016/9/28,23.83609694
2016/9/29,19.69068878
2016/9/30,21.76339286
2016/10/1,7.254464286
2016/10/2,6.045386905
2016/10/3,16.92708333
2016/10/4,24.18154762
2016/10/5,21.76339286
2016/10/6,24.18154762
2016/10/7,16.92708333
2016/10/8,9.672619048
2016/10/9,3.627232143
2016/10/10,19.3452381
2016/10/11,21.76339286
2016/10/12,22.97247024
2016/10/13,19.3452381
2016/10/14,19.3452381
2016/10/15,6.045386905
2016/10/16,4.836309524
2016/10/17,24.18154762
2016/10/18,25.390625
2016/10/19,25.390625
2016/10/20,84.63541667
2016/10/21,120.9077381
2016/10/22,27.80877976
2016/10/23,13.29985119
2016/10/24,44.7358631
2016/10/25,49.57217262
2016/10/26,53.19940476
2016/10/27,42.31770833
2016/10/28,29.01785714
2016/10/29,14.50892857
2016/10/30,9.672619048
2016/10/31,20.55431548
2016/11/1,35.06324405
2016/11/2,26.59970238
2016/11/3,25.390625
2016/11/4,16.92708333
2016/11/5,9.672619048
2016/11/6,8.463541667
2016/11/7,30.22693452
2016/11/8,33.85416667
2016/11/9,65.29017857
2016/11/10,42.31770833
2016/11/11,31.4360119
2016/11/12,18.13616071
2016/11/13,9.672619048
2016/11/14,29.01785714
2016/11/15,36.27232143
2016/11/16,32.64508929
2016/11/17,35.06324405
2016/11/18,35.06324405
2016/11/19,13.29985119
2016/11/20,6.045386905
2016/11/21,24.18154762
2016/11/22,30.22693452
2016/11/23,30.22693452
2016/11/24,13.29985119
2016/11/25,20.55431548
2016/11/26,9.672619048
2016/11/27,6.045386905
2016/11/28,21.76339286
2016/11/29,25.390625
2016/11/30,26.59970238
2016/12/1,26.59970238
2016/12/2,20.55431548
2016/12/3,9.672619048
2016/12/4,9.672619048
2016/12/5,27.80877976
2016/12/6,31.4360119
2016/12/7,31.4360119
2016/12/8,36.27232143
2016/12/9,33.85416667
2016/12/10,14.50892857
2016/12/11,8.463541667
2016/12/12,26.59970238
2016/12/13,35.06324405
2016/12/14,32.64508929
2016/12/15,26.59970238
2016/12/16,27.80877976
2016/12/17,9.672619048
2016/12/18,6.045386905
2016/12/19,27.80877976
2016/12/20,33.85416667
2016/12/21,31.4360119
2016/12/22,32.64508929
2016/12/23,22.97247024
2016/12/24,12.09077381
2016/12/25,4.836309524
2016/12/26,10.88169643
2016/12/27,24.18154762
2016/12/28,25.390625
2016/12/29,22.97247024
2016/12/30,32.64508929
2016/12/31,7.254464286
2017/1/1,7.254464286
2017/1/2,7.254464286
2017/1/3,29.01785714
2017/1/4,22.97247024
2017/1/5,26.59970238
2017/1/6,32.64508929
2017/1/7,8.463541667
2017/1/8,6.045386905
2017/1/9,22.97247024
2017/1/10,24.18154762
2017/1/11,24.18154762
2017/1/12,33.85416667
2017/1/13,31.4360119
2017/1/14,12.09077381
2017/1/15,8.463541667
2017/1/16,12.09077381
2017/1/17,26.59970238
2017/1/18,22.97247024
2017/1/19,32.64508929
2017/1/20,26.59970238
2017/1/21,13.29985119
2017/1/22,10.88169643
2017/1/23,30.22693452
2017/1/24,37.48139881
2017/1/25,44.7358631
2017/1/26,94.30803571
2017/1/27,120.9077381
2017/1/28,29.01785714
2017/1/29,15.71800595
2017/1/30,42.31770833
2017/1/31,43.52678571
2017/2/1,42.31770833
2017/2/2,38.69047619
2017/2/3,37.48139881
2017/2/4,12.09077381
2017/2/5,9.672619048
2017/2/6,35.06324405
2017/2/7,31.4360119
2017/2/8,25.390625
2017/2/9,32.64508929
2017/2/10,31.4360119
2017/2/11,8.463541667
2017/2/12,6.045386905
2017/2/13,25.390625
2017/2/14,30.22693452
2017/2/15,31.4360119
2017/2/16,31.4360119
2017/2/17,31.4360119
2017/2/18,16.92708333
2017/2/19,7.254464286
2017/2/20,13.29985119
2017/2/21,27.80877976
2017/2/22,27.80877976
2017/2/23,31.4360119
2017/2/24,29.01785714
2017/2/25,12.09077381
2017/2/26,6.045386905
2017/2/27,25.390625
2017/2/28,30.22693452
2017/3/1,37.48139881
2017/3/2,35.06324405
2017/3/3,31.4360119
2017/3/4,9.672619048
2017/3/5,9.672619048
2017/3/6,26.59970238
2017/3/7,35.06324405
2017/3/8,27.80877976
2017/3/9,32.64508929
2017/3/10,27.80877976
2017/3/11,12.09077381
2017/3/12,6.045386905
2017/3/13,26.59970238
2017/3/14,32.64508929
2017/3/15,29.01785714
2017/3/16,21.76339286
2017/3/17,27.80877976
2017/3/18,6.045386905
2017/3/19,4.836309524
2017/3/20,26.59970238
2017/3/21,30.22693452
2017/3/22,31.4360119
2017/3/23,24.18154762
2017/3/24,22.97247024
2017/3/25,8.463541667
2017/3/26,6.045386905
2017/3/27,27.80877976
2017/3/28,27.80877976
2017/3/29,27.80877976
2017/3/30,26.59970238
2017/3/31,25.390625
2017/4/1,10.88169643
2017/4/2,6.045386905
2017/4/3,32.64508929
2017/4/4,32.64508929
2017/4/5,29.01785714
2017/4/6,32.64508929
2017/4/7,35.06324405
2017/4/8,14.50892857
2017/4/9,7.254464286
2017/4/10,27.80877976
2017/4/11,29.01785714
2017/4/12,30.22693452
2017/4/13,24.18154762
2017/4/14,16.92708333
2017/4/15,14.50892857
2017/4/16,7.254464286
2017/4/17,25.390625
2017/4/18,27.80877976
2017/4/19,26.59970238
2017/4/20,32.64508929
2017/4/21,33.85416667
2017/4/22,13.29985119
2017/4/23,10.88169643
2017/4/24,42.31770833
2017/4/25,55.61755952
2017/4/26,51.99032738
2017/4/27,120.9077381
2017/4/28,96.72619048
2017/4/29,26.59970238
2017/4/30,8.463541667
2017/5/1,44.7358631
2017/5/2,67.70833333
2017/5/3,54.40848214
2017/5/4,44.7358631
2017/5/5,36.27232143
2017/5/6,9.672619048
2017/5/7,12.09077381
2017/5/8,32.64508929
2017/5/9,33.85416667
2017/5/10,42.31770833
2017/5/11,41.10863095
2017/5/12,35.06324405
2017/5/13,18.13616071
2017/5/14,10.88169643
2017/5/15,43.52678571
2017/5/16,47.15401786
2017/5/17,43.52678571
2017/5/18,42.31770833
2017/5/19,32.64508929
2017/5/20,9.672619048
2017/5/21,7.254464286
2017/5/22,30.22693452
2017/5/23,37.48139881
2017/5/24,36.27232143
2017/5/25,39.89955357
2017/5/26,44.7358631
2017/5/27,14.50892857
2017/5/28,13.29985119
2017/5/29,14.50892857
2017/5/30,39.89955357
2017/5/31,44.7358631
2017/6/1,38.69047619
2017/6/2,51.99032738
2017/6/3,16.92708333
2017/6/4,14.50892857
2017/6/5,44.7358631
2017/6/6,45.94494048
2017/6/7,48.36309524
2017/6/8,43.52678571
2017/6/9,53.19940476
2017/6/10,14.50892857
2017/6/11,8.463541667
2017/6/12,49.57217262
2017/6/13,47.15401786
2017/6/14,36.27232143
2017/6/15,45.94494048
2017/6/16,37.48139881
2017/6/17,13.29985119
2017/6/18,9.672619048
2017/6/19,42.31770833
2017/6/20,49.57217262
2017/6/21,42.31770833
2017/6/22,36.27232143
2017/6/23,35.06324405
2017/6/24,15.71800595
2017/6/25,8.463541667
2017/6/26,37.48139881
2017/6/27,33.85416667
2017/6/28,41.10863095
2017/6/29,37.48139881
2017/6/30,39.89955357
2017/7/1,10.88169643
2017/7/2,9.068080357
2017/7/3,41.71316964
2017/7/4,48.96763393
2017/7/5,39.89955357
2017/7/6,52.59486607
2017/7/7,38.0859375
2017/7/8,12.6953125
2017/7/9,9.068080357
2017/7/10,43.52678571
2017/7/11,39.89955357
2017/7/12,39.89955357
2017/7/13,34.45870536
2017/7/14,41.71316964
2017/7/15,14.50892857
2017/7/16,9.068080357
2017/7/17,48.96763393
2017/7/18,50.78125
2017/7/19,65.29017857
2017/7/20,181.3616071
2017/7/21,146.9029018
2017/7/22,27.20424107
2017/7/23,16.32254464
2017/7/24,45.34040179
2017/7/25,50.78125
2017/7/26,50.78125
2017/7/27,50.78125
2017/7/28,47.15401786
2017/7/29,14.50892857
2017/7/30,9.068080357
2017/7/31,39.89955357
2017/8/1,39.89955357
2017/8/2,52.59486607
2017/8/3,38.0859375
2017/8/4,38.0859375
2017/8/5,10.88169643
2017/8/6,7.254464286
2017/8/7,39.89955357
2017/8/8,41.71316964
2017/8/9,27.20424107
2017/8/10,32.64508929
2017/8/11,39.89955357
2017/8/12,12.6953125
2017/8/13,9.068080357
2017/8/14,34.45870536
2017/8/15,39.89955357
2017/8/16,36.27232143
2017/8/17,39.89955357
2017/8/18,34.45870536
2017/8/19,9.068080357
2017/8/20,10.88169643
2017/8/21,25.390625
2017/8/22,36.27232143
2017/8/23,32.64508929
2017/8/24,29.01785714
2017/8/25,23.57700893
2017/8/26,10.88169643
2017/8/27,5.440848214
2017/8/28,25.390625
2017/8/29,34.45870536
2017/8/30,32.64508929
2017/8/31,34.45870536
2017/9/1,38.0859375
2017/9/2,14.50892857
2017/9/3,9.068080357
2017/9/4,14.50892857
2017/9/5,29.01785714
2017/9/6,29.01785714
2017/9/7,36.27232143
2017/9/8,41.71316964
2017/9/9,12.6953125
2017/9/10,5.440848214
2017/9/11,30.83147321
2017/9/12,32.64508929
2017/9/13,30.83147321
2017/9/14,38.0859375
2017/9/15,39.89955357
2017/9/16,14.50892857
2017/9/17,10.88169643
2017/9/18,36.27232143
2017/9/19,39.89955357
2017/9/20,41.71316964
2017/9/21,27.20424107
2017/9/22,34.45870536
2017/9/23,14.50892857
2017/9/24,7.254464286
2017/9/25,34.45870536
2017/9/26,36.27232143
2017/9/27,30.83147321
2017/9/28,34.45870536
2017/9/29,29.01785714
2017/9/30,10.88169643
2017/10/1,10.88169643
2017/10/2,38.0859375
2017/10/3,30.83147321
2017/10/4,30.83147321
2017/10/5,43.52678571
2017/10/6,39.89955357
2017/10/7,16.32254464
2017/10/8,7.254464286
2017/10/9,29.01785714
2017/10/10,39.89955357
2017/10/11,39.89955357
2017/10/12,38.0859375
2017/10/13,45.34040179
2017/10/14,12.6953125
2017/10/15,12.6953125
2017/10/16,34.45870536
2017/10/17,47.15401786
2017/10/18,41.71316964
2017/10/19,41.71316964
2017/10/20,50.78125
2017/10/21,16.32254464
2017/10/22,12.6953125
2017/10/23,34.45870536
2017/10/24,50.78125
2017/10/25,52.59486607
2017/10/26,128.7667411
2017/10/27,181.3616071
2017/10/28,36.27232143
2017/10/29,19.94977679
2017/10/30,48.96763393
2017/10/31,63.4765625
2017/11/1,61.66294643
2017/11/2,58.03571429
2017/11/3,65.29017857
2017/11/4,21.76339286
2017/11/5,16.32254464
2017/11/6,47.15401786
2017/11/7,45.34040179
2017/11/8,43.52678571
2017/11/9,50.78125
2017/11/10,36.27232143
2017/11/11,16.32254464
2017/11/12,10.88169643
2017/11/13,38.0859375
2017/11/14,41.71316964
2017/11/15,48.96763393
2017/11/16,48.96763393
2017/11/17,39.89955357
2017/11/18,14.50892857
2017/11/19,9.068080357
2017/11/20,36.27232143
2017/11/21,43.52678571
2017/11/22,38.0859375
2017/11/23,21.76339286
2017/11/24,19.94977679
2017/11/25,12.6953125
2017/11/26,9.068080357
2017/11/27,34.45870536
2017/11/28,45.34040179
2017/11/29,54.40848214
2017/11/30,56.22209821
2017/12/1,58.03571429
2017/12/2,21.76339286
2017/12/3,14.50892857
2017/12/4,56.22209821
2017/12/5,54.40848214
2017/12/6,45.34040179
2017/12/7,52.59486607
2017/12/8,52.59486607
2017/12/9,19.94977679
2017/12/10,10.88169643
2017/12/11,47.15401786
2017/12/12,50.78125
2017/12/13,39.89955357
2017/12/14,52.59486607
2017/12/15,50.78125
2017/12/16,21.76339286
2017/12/17,16.32254464
2017/12/18,52.59486607
2017/12/19,56.22209821
2017/12/20,47.15401786
2017/12/21,54.40848214
2017/12/22,48.96763393
2017/12/23,12.6953125
2017/12/24,10.88169643
2017/12/25,7.254464286
2017/12/26,32.64508929
2017/12/27,39.89955357
2017/12/28,39.89955357
2017/12/29,45.34040179
2017/12/30,18.13616071
2017/12/31,10.88169643
2018/1/1,14.50892857
2018/1/2,48.96763393
2018/1/3,61.66294643
2018/1/4,70.73102679
2018/1/5,72.54464286
2018/1/6,23.57700893
2018/1/7,16.32254464
2018/1/8,54.40848214
2018/1/9,61.66294643
2018/1/10,52.59486607
2018/1/11,50.78125
2018/1/12,63.4765625
2018/1/13,29.01785714
2018/1/14,16.32254464
2018/1/15,25.390625
2018/1/16,48.96763393
2018/1/17,74.35825893
2018/1/18,70.73102679
2018/1/19,58.03571429
2018/1/20,19.94977679
2018/1/21,14.50892857
2018/1/22,68.91741071
2018/1/23,76.171875
2018/1/24,68.91741071
2018/1/25,76.171875
2018/1/26,70.73102679
2018/1/27,30.83147321
2018/1/28,23.57700893
2018/1/29,85.23995536
2018/1/30,97.93526786
2018/1/31,181.3616071
2018/2/1,177.734375
2018/2/2,108.8169643
2018/2/3,29.01785714
2018/2/4,18.13616071
2018/2/5,96.12165179
2018/2/6,137.8348214
2018/2/7,105.1897321
2018/2/8,94.30803571
2018/2/9,112.4441964
2018/2/10,36.27232143
2018/2/11,18.13616071
2018/2/12,72.54464286
2018/2/13,72.54464286
2018/2/14,74.35825893
2018/2/15,77.98549107
2018/2/16,68.91741071
2018/2/17,27.20424107
2018/2/18,12.6953125
2018/2/19,30.83147321
2018/2/20,61.66294643
2018/2/21,67.10379464
2018/2/22,68.91741071
2018/2/23,65.29017857
2018/2/24,19.94977679
2018/2/25,16.32254464
2018/2/26,63.4765625
2018/2/27,70.73102679
2018/2/28,58.03571429
2018/3/1,56.22209821
2018/3/2,70.73102679
2018/3/3,16.32254464
2018/3/4,18.13616071
2018/3/5,58.03571429
2018/3/6,59.84933036
2018/3/7,59.84933036
2018/3/8,58.03571429
2018/3/9,67.10379464
2018/3/10,23.57700893
2018/3/11,12.6953125
2018/3/12,59.84933036
2018/3/13,70.73102679
2018/3/14,58.03571429
2018/3/15,50.78125
2018/3/16,52.59486607
2018/3/17,16.32254464
2018/3/18,12.6953125
2018/3/19,59.84933036
2018/3/20,70.73102679
2018/3/21,54.40848214
2018/3/22,68.91741071
2018/3/23,77.98549107
2018/3/24,27.20424107
2018/3/25,19.94977679
2018/3/26,107.0033482
2018/3/27,116.0714286
2018/3/28,107.0033482
2018/3/29,107.0033482
2018/3/30,52.59486607
2018/3/31,23.57700893
2018/4/1,18.13616071
2018/4/2,83.42633929
2018/4/3,81.61272321
2018/4/4,68.91741071
2018/4/5,74.35825893
2018/4/6,67.10379464
2018/4/7,23.57700893
2018/4/8,12.6953125
2018/4/9,72.54464286
2018/4/10,67.10379464
2018/4/11,54.40848214
2018/4/12,61.66294643
2018/4/13,58.03571429
2018/4/14,19.94977679
2018/4/15,14.50892857
2018/4/16,59.84933036
2018/4/17,88.8671875
2018/4/18,81.61272321
2018/4/19,72.54464286
2018/4/20,63.4765625
2018/4/21,18.13616071
2018/4/22,12.6953125
2018/4/23,68.91741071
2018/4/24,74.35825893
2018/4/25,81.61272321
2018/4/26,163.2254464
2018/4/27,181.3616071
2018/4/28,25.390625
2018/4/29,16.32254464
2018/4/30,76.171875
2018/5/1,70.73102679
2018/5/2,67.10379464
2018/5/3,63.4765625
2018/5/4,68.91741071
2018/5/5,23.57700893
2018/5/6,14.50892857
2018/5/7,68.91741071
2018/5/8,68.91741071
2018/5/9,76.171875
2018/5/10,81.61272321
2018/5/11,70.73102679
2018/5/12,21.76339286
2018/5/13,18.13616071
2018/5/14,68.91741071
2018/5/15,50.78125
2018/5/16,63.4765625
2018/5/17,56.22209821
2018/5/18,61.66294643
2018/5/19,18.13616071
2018/5/20,12.6953125
2018/5/21,67.10379464
2018/5/22,56.22209821
2018/5/23,54.40848214
2018/5/24,61.66294643
2018/5/25,61.66294643
2018/5/26,16.32254464
2018/5/27,14.50892857
2018/5/28,21.76339286
2018/5/29,68.91741071
2018/5/30,83.42633929
2018/5/31,87.05357143
2018/6/1,105.1897321
2018/6/2,39.89955357
2018/6/3,23.57700893
2018/6/4,132.3939732
2018/6/5,107.0033482
2018/6/6,94.30803571
2018/6/7,81.61272321
2018/6/8,74.35825893
2018/6/9,30.83147321
2018/6/10,14.50892857
2018/6/11,72.54464286
2018/6/12,58.03571429
2018/6/13,72.54464286
2018/6/14,70.73102679
2018/6/15,59.84933036
2018/6/16,18.13616071
2018/6/17,19.94977679
2018/6/18,56.22209821
2018/6/19,58.03571429
2018/6/20,63.4765625
2018/6/21,67.10379464
2018/6/22,59.84933036
2018/6/23,18.13616071
2018/6/24,10.88169643
2018/6/25,68.91741071
2018/6/26,59.84933036
2018/6/27,65.29017857
2018/6/28,61.66294643
2018/6/29,48.96763393
2018/6/30,23.57700893
2018/7/1,14.50892857
2018/7/2,48.36309524
2018/7/3,53.19940476
2018/7/4,26.59970238
2018/7/5,58.03571429
2018/7/6,62.87202381
2018/7/7,19.3452381
2018/7/8,12.09077381
2018/7/9,55.61755952
2018/7/10,67.70833333
2018/7/11,60.45386905
2018/7/12,74.96279762
2018/7/13,82.2172619
2018/7/14,26.59970238
2018/7/15,16.92708333
2018/7/16,67.70833333
2018/7/17,91.88988095
2018/7/18,103.9806548
2018/7/19,220.0520833
2018/7/20,241.8154762
2018/7/21,45.94494048
2018/7/22,26.59970238
2018/7/23,113.6532738
2018/7/24,108.8169643
2018/7/25,116.0714286
2018/7/26,132.9985119
2018/7/27,113.6532738
2018/7/28,24.18154762
2018/7/29,14.50892857
2018/7/30,87.05357143
2018/7/31,87.05357143
2018/8/1,84.63541667
2018/8/2,101.5625
2018/8/3,82.2172619
2018/8/4,26.59970238
2018/8/5,12.09077381
2018/8/6,70.1264881
2018/8/7,79.79910714
2018/8/8,77.38095238
2018/8/9,84.63541667
2018/8/10,70.1264881
2018/8/11,26.59970238
2018/8/12,19.3452381
2018/8/13,65.29017857
2018/8/14,65.29017857
2018/8/15,79.79910714
2018/8/16,82.2172619
2018/8/17,62.87202381
2018/8/18,26.59970238
2018/8/19,9.672619048
2018/8/20,67.70833333
2018/8/21,70.1264881
2018/8/22,70.1264881
2018/8/23,67.70833333
2018/8/24,62.87202381
2018/8/25,21.76339286
2018/8/26,14.50892857
2018/8/27,74.96279762
2018/8/28,82.2172619
2018/8/29,91.88988095
2018/8/30,94.30803571
2018/8/31,82.2172619
2018/9/1,21.76339286
2018/9/2,16.92708333
2018/9/3,21.76339286
2018/9/4,77.38095238
2018/9/5,77.38095238
2018/9/6,79.79910714
2018/9/7,67.70833333
2018/9/8,24.18154762
2018/9/9,14.50892857
2018/9/10,65.29017857
2018/9/11,67.70833333
2018/9/12,82.2172619
2018/9/13,77.38095238
2018/9/14,70.1264881
2018/9/15,33.85416667
2018/9/16,14.50892857
2018/9/17,77.38095238
2018/9/18,84.63541667
2018/9/19,79.79910714
2018/9/20,89.47172619
2018/9/21,89.47172619
2018/9/22,21.76339286
2018/9/23,16.92708333
2018/9/24,74.96279762
2018/9/25,77.38095238
2018/9/26,82.2172619
2018/9/27,77.38095238
2018/9/28,62.87202381
2018/9/29,24.18154762
2018/9/30,16.92708333
2018/10/1,62.87202381
2018/10/2,76.84358466
2018/10/3,69.85780423
2018/10/4,76.84358466
2018/10/5,72.18639771
2018/10/6,20.95734127
2018/10/7,13.97156085
2018/10/8,72.18639771
2018/10/9,83.82936508
2018/10/10,100.1295194
2018/10/11,137.387015
2018/10/12,95.47233245
2018/10/13,39.58608907
2018/10/14,16.30015432
2018/10/15,79.17217813
2018/10/16,90.8151455
2018/10/17,86.15795855
2018/10/18,79.17217813
2018/10/19,76.84358466
2018/10/20,20.95734127
2018/10/21,11.64296737
2018/10/22,81.5007716
2018/10/23,95.47233245
2018/10/24,232.8593474
2018/10/25,200.2590388
2018/10/26,132.729828
2018/10/27,41.91468254
2018/10/28,18.6287478
2018/10/29,97.80092593
2018/10/30,107.1152998
2018/10/31,100.1295194
2018/11/1,90.8151455
2018/11/2,93.14373898
2018/11/3,23.28593474
2018/11/4,11.64296737
2018/11/5,79.17217813
2018/11/6,72.18639771
2018/11/7,93.14373898
2018/11/8,83.82936508
2018/11/9,74.51499118
2018/11/10,23.28593474
2018/11/11,16.30015432
2018/11/12,65.20061728
2018/11/13,72.18639771
2018/11/14,69.85780423
2018/11/15,74.51499118
2018/11/16,65.20061728
2018/11/17,18.6287478
2018/11/18,13.97156085
2018/11/19,69.85780423
2018/11/20,97.80092593
2018/11/21,90.8151455
2018/11/22,30.27171517
2018/11/23,48.90046296
2018/11/24,34.92890212
2018/11/25,23.28593474
2018/11/26,81.5007716
2018/11/27,100.1295194
2018/11/28,104.7867063
2018/11/29,107.1152998
2018/11/30,86.15795855
2018/12/1,39.58608907
2018/12/2,18.6287478
2018/12/3,111.7724868
2018/12/4,100.1295194
2018/12/5,51.22905644
2018/12/6,86.15795855
2018/12/7,79.17217813
2018/12/8,32.60030864
2018/12/9,16.30015432
2018/12/10,81.5007716
2018/12/11,74.51499118
2018/12/12,90.8151455
2018/12/13,76.84358466
2018/12/14,72.18639771
2018/12/15,32.60030864
2018/12/16,18.6287478
2018/12/17,74.51499118
2018/12/18,83.82936508
2018/12/19,83.82936508
2018/12/20,88.48655203
2018/12/21,109.4438933
2018/12/22,39.58608907
2018/12/23,25.61452822
2018/12/24,86.15795855
2018/12/25,34.92890212
2018/12/26,102.4581129
2018/12/27,109.4438933
2018/12/28,90.8151455
2018/12/29,27.94312169
2018/12/30,13.97156085
2018/12/31,72.18639771
2019/1/1,27.94312169
2019/1/2,82.08291997
2019/1/3,106.5331515
2019/1/4,94.30803571
2019/1/5,26.19667659
2019/1/6,19.21089616
2019/1/7,78.59002976
2019/1/8,78.59002976
2019/1/9,78.59002976
2019/1/10,68.11135913
2019/1/11,71.60424934
2019/1/12,19.21089616
2019/1/13,13.97156085
2019/1/14,68.11135913
2019/1/15,82.08291997
2019/1/16,73.35069444
2019/1/17,78.59002976
2019/1/18,78.59002976
2019/1/19,24.45023148
2019/1/20,15.71800595
2019/1/21,22.70378638
2019/1/22,73.35069444
2019/1/23,66.36491402
2019/1/24,66.36491402
2019/1/25,64.61846892
2019/1/26,22.70378638
2019/1/27,15.71800595
2019/1/28,62.87202381
2019/1/29,82.08291997
2019/1/30,172.8980655
2019/1/31,174.6445106
2019/2/1,99.54737103
2019/2/2,27.94312169
2019/2/3,13.97156085
2019/2/4,75.09713955
2019/2/5,89.0687004
2019/2/6,87.32225529
2019/2/7,69.85780423
2019/2/8,61.1255787
2019/2/9,27.94312169
2019/2/10,10.47867063
2019/2/11,57.63268849
2019/2/12,57.63268849
2019/2/13,61.1255787
2019/2/14,61.1255787
2019/2/15,66.36491402
2019/2/16,27.94312169
2019/2/17,12.22511574
2019/2/18,24.45023148
2019/2/19,57.63268849
2019/2/20,54.13979828
2019/2/21,73.35069444
2019/2/22,76.84358466
2019/2/23,26.19667659
2019/2/24,17.46445106
2019/2/25,66.36491402
2019/2/26,61.1255787
2019/2/27,62.87202381
2019/2/28,64.61846892
2019/3/1,68.11135913
2019/3/2,24.45023148
2019/3/3,12.22511574
2019/3/4,66.36491402
2019/3/5,64.61846892
2019/3/6,50.64690807
2019/3/7,57.63268849
2019/3/8,48.90046296
2019/3/9,15.71800595
2019/3/10,13.97156085
2019/3/11,57.63268849
2019/3/12,62.87202381
2019/3/13,64.61846892
2019/3/14,69.85780423
2019/3/15,78.59002976
2019/3/16,24.45023148
2019/3/17,12.22511574
2019/3/18,75.09713955
2019/3/19,80.33647487
2019/3/20,83.82936508
2019/3/21,85.57581019
2019/3/22,76.84358466
2019/3/23,22.70378638
2019/3/24,15.71800595
2019/3/25,64.61846892
2019/3/26,78.59002976
2019/3/27,61.1255787
2019/3/28,64.61846892
2019/3/29,68.11135913
2019/3/30,19.21089616
2019/3/31,15.71800595
2019/4/1,62.87202381
2019/4/2,74.96279762
2019/4/3,65.29017857
2019/4/4,67.70833333
2019/4/5,70.1264881
2019/4/6,19.3452381
2019/4/7,9.672619048
2019/4/8,60.45386905
2019/4/9,60.45386905
2019/4/10,60.45386905
2019/4/11,67.70833333
2019/4/12,65.29017857
2019/4/13,26.59970238
2019/4/14,19.3452381
2019/4/15,60.45386905
2019/4/16,65.29017857
2019/4/17,72.54464286
2019/4/18,74.96279762
2019/4/19,50.78125
2019/4/20,16.92708333
2019/4/21,16.92708333
2019/4/22,70.1264881
2019/4/23,99.14434524
2019/4/24,200.7068452
2019/4/25,241.8154762
2019/4/26,149.9255952
2019/4/27,36.27232143
2019/4/28,26.59970238
2019/4/29,89.47172619
2019/4/30,108.8169643
2019/5/1,106.3988095
2019/5/2,89.47172619
2019/5/3,101.5625
2019/5/4,31.4360119
2019/5/5,16.92708333
2019/5/6,79.79910714
2019/5/7,89.47172619
2019/5/8,72.54464286
2019/5/9,84.63541667
2019/5/10,77.38095238
2019/5/11,24.18154762
2019/5/12,16.92708333
2019/5/13,89.47172619
2019/5/14,84.63541667
2019/5/15,74.96279762
2019/5/16,84.63541667
2019/5/17,82.2172619
2019/5/18,31.4360119
2019/5/19,16.92708333
2019/5/20,67.70833333
2019/5/21,72.54464286
2019/5/22,60.45386905
2019/5/23,70.1264881
2019/5/24,50.78125
2019/5/25,21.76339286
2019/5/26,12.09077381
2019/5/27,19.3452381
2019/5/28,55.61755952
2019/5/29,53.19940476
2019/5/30,50.78125
2019/5/31,67.70833333
2019/6/1,14.50892857
2019/6/2,9.672619048
2019/6/3,70.1264881
2019/6/4,79.79910714
2019/6/5,72.54464286
2019/6/6,72.54464286
2019/6/7,89.47172619
2019/6/8,33.85416667
2019/6/9,19.3452381
2019/6/10,82.2172619
2019/6/11,89.47172619
2019/6/12,65.29017857
2019/6/13,74.96279762
2019/6/14,67.70833333
2019/6/15,19.3452381
2019/6/16,12.09077381
2019/6/17,65.29017857
2019/6/18,79.79910714
2019/6/19,87.05357143
2019/6/20,91.88988095
2019/6/21,89.47172619
2019/6/22,26.59970238
2019/6/23,14.50892857
2019/6/24,72.54464286
2019/6/25,82.2172619
2019/6/26,89.47172619
2019/6/27,72.54464286
2019/6/28,72.54464286
2019/6/29,19.3452381
2019/6/30,16.92708333
2019/7/1,84.63541667
2019/7/2,67.70833333
2019/7/3,72.54464286
2019/7/4,29.01785714
2019/7/5,62.87202381
2019/7/6,19.3452381
2019/7/7,14.50892857
2019/7/8,58.03571429
2019/7/9,72.54464286
2019/7/10,79.79910714
2019/7/11,84.63541667
2019/7/12,84.63541667
2019/7/13,26.59970238
2019/7/14,16.92708333
2019/7/15,84.63541667
2019/7/16,91.88988095
2019/7/17,91.88988095
2019/7/18,210.3794643
2019/7/19,241.8154762
2019/7/20,45.94494048
2019/7/21,26.59970238
2019/7/22,99.14434524
2019/7/23,96.72619048
2019/7/24,87.05357143
2019/7/25,87.05357143
2019/7/26,82.2172619
2019/7/27,24.18154762
2019/7/28,21.76339286
2019/7/29,70.1264881
2019/7/30,72.54464286
2019/7/31,87.05357143
2019/8/1,87.05357143
2019/8/2,79.79910714
2019/8/3,16.92708333
2019/8/4,16.92708333
2019/8/5,91.88988095
2019/8/6,106.3988095
2019/8/7,87.05357143
2019/8/8,79.79910714
2019/8/9,82.2172619
2019/8/10,26.59970238
2019/8/11,16.92708333
2019/8/12,74.96279762
2019/8/13,94.30803571
2019/8/14,89.47172619
2019/8/15,106.3988095
2019/8/16,82.2172619
2019/8/17,29.01785714
2019/8/18,21.76339286
2019/8/19,77.38095238
2019/8/20,79.79910714
2019/8/21,82.2172619
2019/8/22,74.96279762
2019/8/23,87.05357143
2019/8/24,26.59970238
2019/8/25,24.18154762
2019/8/26,72.54464286
2019/8/27,77.38095238
2019/8/28,77.38095238
2019/8/29,70.1264881
2019/8/30,74.96279762
2019/8/31,24.18154762
2019/9/1,19.3452381
2019/9/2,21.76339286
2019/9/3,62.87202381
2019/9/4,70.1264881
2019/9/5,79.79910714
2019/9/6,74.96279762
2019/9/7,24.18154762
2019/9/8,12.09077381
2019/9/9,72.54464286
2019/9/10,65.29017857
2019/9/11,79.79910714
2019/9/12,87.05357143
2019/9/13,82.2172619
2019/9/14,21.76339286
2019/9/15,16.92708333
2019/9/16,60.45386905
2019/9/17,60.45386905
2019/9/18,84.63541667
2019/9/19,135.4166667
2019/9/20,94.30803571
2019/9/21,26.59970238
2019/9/22,16.92708333
2019/9/23,72.54464286
2019/9/24,72.54464286
2019/9/25,72.54464286
2019/9/26,72.54464286
2019/9/27,58.03571429
2019/9/28,24.18154762
2019/9/29,19.3452381
2019/9/30,55.61755952
2019/10/1,74.96279762
2019/10/2,83.52997449
2019/10/3,87.81356293
2019/10/4,72.8210034
2019/10/5,21.41794218
2019/10/6,12.85076531
2019/10/7,59.9702381
2019/10/8,72.8210034
2019/10/9,64.25382653
2019/10/10,79.24638605
2019/10/11,85.67176871
2019/10/12,27.84332483
2019/10/13,10.70897109
2019/10/14,57.82844388
2019/10/15,83.52997449
2019/10/16,83.52997449
2019/10/17,77.10459184
2019/10/18,81.38818027
2019/10/19,29.98511905
2019/10/20,14.99255952
2019/10/21,87.81356293
2019/10/22,107.0897109
2019/10/23,214.1794218
2019/10/24,177.7689201
2019/10/25,126.3658588
2019/10/26,126.3658588
2019/10/27,44.97767857
2019/10/28,164.9181548
2019/10/29,128.5076531
2019/10/30,111.3732993
2019/10/31,102.8061224
2019/11/1,92.09715136
2019/11/2,27.84332483
2019/11/3,21.41794218
2019/11/4,87.81356293
2019/11/5,89.95535714
2019/11/6,79.24638605
2019/11/7,85.67176871
2019/11/8,83.52997449
2019/11/9,32.12691327
2019/11/10,19.27614796
2019/11/11,68.53741497
2019/11/12,94.23894558
2019/11/13,92.09715136
2019/11/14,83.52997449
2019/11/15,102.8061224
2019/11/16,40.69409014
2019/11/17,23.55973639
2019/11/18,98.52253401
2019/11/19,107.0897109
2019/11/20,89.95535714
2019/11/21,87.81356293
2019/11/22,87.81356293
2019/11/23,27.84332483
2019/11/24,8.567176871
2019/11/25,83.52997449
2019/11/26,92.09715136
2019/11/27,85.67176871
2019/11/28,34.26870748
2019/11/29,47.11947279
2019/11/30,19.27614796
2019/12/1,14.99255952
2019/12/2,85.67176871
2019/12/3,85.67176871
2019/12/4,85.67176871
2019/12/5,74.96279762
2019/12/6,81.38818027
2019/12/7,25.70153061
2019/12/8,14.99255952
2019/12/9,70.67920918
2019/12/10,70.67920918
2019/12/11,57.82844388
2019/12/12,79.24638605
2019/12/13,92.09715136
2019/12/14,38.55229592
2019/12/15,19.27614796
2019/12/16,89.95535714
2019/12/17,89.95535714
2019/12/18,81.38818027
2019/12/19,89.95535714
2019/12/20,92.09715136
2019/12/21,29.98511905
2019/12/22,19.27614796
2019/12/23,77.10459184
2019/12/24,68.53741497
2019/12/25,29.98511905
2019/12/26,79.24638605
2019/12/27,85.67176871
2019/12/28,27.84332483
2019/12/29,21.41794218
2019/12/30,81.38818027
2019/12/31,83.52997449
2020/1/1,29.98511905
2020/1/2,113.2771164
2020/1/3,99.95039683
2020/1/4,29.98511905
2020/1/5,16.65839947
2020/1/6,99.95039683
2020/1/7,99.95039683
2020/1/8,109.9454365
2020/1/9,113.2771164
2020/1/10,116.6087963
2020/1/11,26.65343915
2020/1/12,19.99007937
2020/1/13,99.95039683
2020/1/14,109.9454365
2020/1/15,106.6137566
2020/1/16,126.603836
2020/1/17,136.5988757
2020/1/18,43.31183862
2020/1/19,26.65343915
2020/1/20,36.64847884
2020/1/21,96.61871693
2020/1/22,106.6137566
2020/1/23,106.6137566
2020/1/24,103.2820767
2020/1/25,36.64847884
2020/1/26,23.32175926
2020/1/27,113.2771164
2020/1/28,123.2721561
2020/1/29,216.5591931
2020/1/30,263.2027116
2020/1/31,163.2523148
2020/2/1,56.6385582
2020/2/2,23.32175926
2020/2/3,133.2671958
2020/2/4,166.5839947
2020/2/5,213.2275132
2020/2/6,193.2374339
2020/2/7,183.2423942
2020/2/8,53.30687831
2020/2/9,33.31679894
2020/2/10,176.5790344
2020/2/11,256.5393519
2020/2/12,246.5443122
2020/2/13,229.8859127
2020/2/14,213.2275132
2020/2/15,56.6385582
2020/2/16,29.98511905
2020/2/17,63.30191799
2020/2/18,149.9255952
2020/2/19,166.5839947
2020/2/20,159.9206349
2020/2/21,166.5839947
2020/2/22,53.30687831
2020/2/23,29.98511905
2020/2/24,199.9007937
2020/2/25,236.5492725
2020/2/26,226.5542328
2020/2/27,283.192791
2020/2/28,319.8412698
2020/2/29,76.62863757
2020/3/1,49.97519841
2020/3/2,263.2027116
2020/3/3,239.8809524
2020/3/4,193.2374339
2020/3/5,179.9107143
2020/3/6,199.9007937
2020/3/7,46.64351852
2020/3/8,39.98015873
2020/3/9,293.1878307
2020/3/10,246.5443122
2020/3/11,206.5641534
2020/3/12,319.8412698
2020/3/13,333.1679894
2020/3/14,103.2820767
2020/3/15,63.30191799
2020/3/16,303.1828704
2020/3/17,266.5343915
2020/3/18,266.5343915
2020/3/19,243.2126323
2020/3/20,243.2126323
2020/3/21,73.29695767
2020/3/22,46.64351852
2020/3/23,229.8859127
2020/3/24,236.5492725
2020/3/25,249.8759921
2020/3/26,199.9007937
2020/3/27,186.5740741
2020/3/28,59.9702381
2020/3/29,43.31183862
2020/3/30,216.5591931
2020/3/31,216.5591931
2020/4/1,186.5740741
2020/4/2,169.6127946
2020/4/3,152.6515152
2020/4/4,47.49158249
2020/4/5,40.70707071
2020/4/6,183.1818182
2020/4/7,183.1818182
2020/4/8,162.8282828
2020/4/9,176.3973064
2020/4/10,88.1986532
2020/4/11,33.92255892
2020/4/12,33.92255892
2020/4/13,152.6515152
2020/4/14,179.7895623
2020/4/15,169.6127946
2020/4/16,183.1818182
2020/4/17,206.9276094
2020/4/18,54.27609428
2020/4/19,40.70707071
2020/4/20,149.2592593
2020/4/21,176.3973064
2020/4/22,159.4360269
2020/4/23,166.2205387
2020/4/24,156.043771
2020/4/25,61.06060606
2020/4/26,40.70707071
2020/4/27,162.8282828
2020/4/28,186.5740741
2020/4/29,339.2255892
2020/4/30,332.4410774
2020/5/1,189.96633
2020/5/2,50.88383838
2020/5/3,44.0993266
2020/5/4,159.4360269
2020/5/5,166.2205387
2020/5/6,169.6127946
2020/5/7,152.6515152
2020/5/8,149.2592593
2020/5/9,44.0993266
2020/5/10,30.53030303
2020/5/11,135.6902357
2020/5/12,152.6515152
2020/5/13,156.043771
2020/5/14,145.8670034
2020/5/15,132.2979798
2020/5/16,40.70707071
2020/5/17,23.74579125
2020/5/18,149.2592593
2020/5/19,139.0824916
2020/5/20,142.4747475
2020/5/21,135.6902357
2020/5/22,125.513468
2020/5/23,30.53030303
2020/5/24,20.35353535
2020/5/25,33.92255892
2020/5/26,128.9057239
2020/5/27,139.0824916
2020/5/28,132.2979798
2020/5/29,111.9444444
2020/5/30,33.92255892
2020/5/31,23.74579125
2020/6/1,115.3367003
2020/6/2,122.1212121
2020/6/3,128.9057239
2020/6/4,122.1212121
2020/6/5,132.2979798
2020/6/6,44.0993266
2020/6/7,23.74579125
2020/6/8,128.9057239
2020/6/9,149.2592593
2020/6/10,189.96633
2020/6/11,196.7508418
2020/6/12,183.1818182
2020/6/13,44.0993266
2020/6/14,27.13804714
2020/6/15,125.513468
2020/6/16,149.2592593
2020/6/17,156.043771
2020/6/18,132.2979798
2020/6/19,145.8670034
2020/6/20,40.70707071
2020/6/21,27.13804714
2020/6/22,166.2205387
2020/6/23,186.5740741
2020/6/24,162.8282828
2020/6/25,145.8670034
2020/6/26,169.6127946
2020/6/27,40.70707071
2020/6/28,30.53030303
2020/6/29,139.0824916
2020/6/30,135.6902357
2020/7/1,145.8670034
2020/7/2,150.5723906
2020/7/3,70.58080808
2020/7/4,28.23232323
2020/7/5,32.93771044
2020/7/6,155.2777778
2020/7/7,174.0993266
2020/7/8,169.3939394
2020/7/9,169.3939394
2020/7/10,169.3939394
2020/7/11,51.75925926
2020/7/12,37.64309764
2020/7/13,169.3939394
2020/7/14,183.510101
2020/7/15,183.510101
2020/7/16,178.8047138
2020/7/17,183.510101
2020/7/18,56.46464646
2020/7/19,32.93771044
2020/7/20,207.037037
2020/7/21,254.0909091
2020/7/22,470.5387205
2020/7/23,409.3686869
2020/7/24,268.2070707
2020/7/25,51.75925926
2020/7/26,37.64309764
2020/7/27,174.0993266
2020/7/28,164.6885522
2020/7/29,159.983165
2020/7/30,183.510101
2020/7/31,277.6178451
2020/8/1,103.5185185
2020/8/2,51.75925926
2020/8/3,399.9579125
2020/8/4,310.5555556
2020/8/5,211.7424242
2020/8/6,183.510101
2020/8/7,197.6262626
2020/8/8,61.17003367
2020/8/9,37.64309764
2020/8/10,183.510101
2020/8/11,188.2154882
2020/8/12,188.2154882
2020/8/13,169.3939394
2020/8/14,141.1616162
2020/8/15,37.64309764
2020/8/16,32.93771044
2020/8/17,145.8670034
2020/8/18,155.2777778
2020/8/19,150.5723906
2020/8/20,164.6885522
2020/8/21,169.3939394
2020/8/22,51.75925926
2020/8/23,28.23232323
2020/8/24,159.983165
2020/8/25,155.2777778
2020/8/26,188.2154882
2020/8/27,277.6178451
2020/8/28,244.6801347
2020/8/29,70.58080808
2020/8/30,51.75925926
2020/8/31,192.9208754
2020/9/1,192.9208754
2020/9/2,202.3316498
2020/9/3,235.2693603
2020/9/4,268.2070707
2020/9/5,61.17003367
2020/9/6,32.93771044
2020/9/7,47.05387205
2020/9/8,230.5639731
2020/9/9,239.9747475
2020/9/10,178.8047138
2020/9/11,178.8047138
2020/9/12,47.05387205
2020/9/13,32.93771044
2020/9/14,230.5639731
2020/9/15,174.0993266
2020/9/16,169.3939394
2020/9/17,159.983165
2020/9/18,164.6885522
2020/9/19,42.34848485
2020/9/20,28.23232323
2020/9/21,192.9208754
2020/9/22,178.8047138
2020/9/23,155.2777778
2020/9/24,150.5723906
2020/9/25,136.456229
2020/9/26,42.34848485
2020/9/27,23.52693603
2020/9/28,127.0454545
2020/9/29,127.0454545
2020/9/30,127.0454545
2020/10/1,127.0454545
2020/10/2,147.2572314
2020/10/3,34.64876033
2020/10/4,23.09917355
2020/10/5,112.6084711
2020/10/6,124.1580579
2020/10/7,121.2706612
2020/10/8,115.4958678
2020/10/9,127.0454545
2020/10/10,31.76136364
2020/10/11,17.32438017
2020/10/12,135.7076446
2020/10/13,150.1446281
2020/10/14,135.7076446
2020/10/15,109.7210744
2020/10/16,118.3832645
2020/10/17,37.53615702
2020/10/18,23.09917355
2020/10/19,106.8336777
2020/10/20,118.3832645
2020/10/21,118.3832645
2020/10/22,95.28409091
2020/10/23,103.946281
2020/10/24,34.64876033
2020/10/25,23.09917355
2020/10/26,132.8202479
2020/10/27,288.7396694
2020/10/28,259.8657025
2020/10/29,167.4690083
2020/10/30,150.1446281
2020/10/31,34.64876033
2020/11/1,23.09917355
2020/11/2,124.1580579
2020/11/3,121.2706612
2020/11/4,124.1580579
2020/11/5,150.1446281
2020/11/6,138.5950413
2020/11/7,28.87396694
2020/11/8,31.76136364
2020/11/9,170.356405
2020/11/10,150.1446281
2020/11/11,141.482438
2020/11/12,121.2706612
2020/11/13,109.7210744
2020/11/14,28.87396694
2020/11/15,20.21177686
2020/11/16,115.4958678
2020/11/17,101.0588843
2020/11/18,98.1714876
2020/11/19,103.946281
2020/11/20,103.946281
2020/11/21,28.87396694
2020/11/22,20.21177686
2020/11/23,101.0588843
2020/11/24,121.2706612
2020/11/25,101.0588843
2020/11/26,46.19834711
2020/11/27,72.18491736
2020/11/28,28.87396694
2020/11/29,17.32438017
2020/11/30,89.50929752
2020/12/1,109.7210744
2020/12/2,98.1714876
2020/12/3,95.28409091
2020/12/4,95.28409091
2020/12/5,31.76136364
2020/12/6,14.43698347
2020/12/7,89.50929752
2020/12/8,89.50929752
2020/12/9,89.50929752
2020/12/10,95.28409091
2020/12/11,98.1714876
2020/12/12,34.64876033
2020/12/13,17.32438017
2020/12/14,89.50929752
2020/12/15,86.62190083
2020/12/16,106.8336777
2020/12/17,118.3832645
2020/12/18,98.1714876
2020/12/19,40.42355372
2020/12/20,20.21177686
2020/12/21,98.1714876
2020/12/22,115.4958678
2020/12/23,112.6084711
2020/12/24,86.62190083
2020/12/25,28.87396694
2020/12/26,23.09917355
2020/12/27,20.21177686
2020/12/28,103.946281
2020/12/29,112.6084711
2020/12/30,95.28409091
2020/12/31,89.50929752
2021/1/1,34.64876033
2021/1/2,23.09917355
2021/1/3,15.39944904
2021/1/4,96.24655647
2021/1/5,100.0964187
2021/1/6,123.1955923
2021/1/7,123.1955923
2021/1/8,123.1955923
2021/1/9,30.79889807
2021/1/10,19.24931129
2021/1/11,84.6969697
2021/1/12,96.24655647
2021/1/13,96.24655647
2021/1/14,96.24655647
2021/1/15,96.24655647
2021/1/16,30.79889807
2021/1/17,15.39944904
2021/1/18,38.49862259
2021/1/19,84.6969697
2021/1/20,127.0454545
2021/1/21,123.1955923
2021/1/22,119.34573
2021/1/23,46.19834711
2021/1/24,30.79889807
2021/1/25,142.4449036
2021/1/26,311.838843
2021/1/27,384.9862259
2021/1/28,196.3429752
2021/1/29,157.8443526
2021/1/30,50.04820937
2021/1/31,30.79889807
2021/2/1,157.8443526
2021/2/2,157.8443526
2021/2/3,153.9944904
2021/2/4,134.7451791
2021/2/5,123.1955923
2021/2/6,38.49862259
2021/2/7,23.09917355
2021/2/8,111.6460055
2021/2/9,100.0964187
2021/2/10,103.946281
2021/2/11,111.6460055
2021/2/12,115.4958678
2021/2/13,34.64876033
2021/2/14,19.24931129
2021/2/15,38.49862259
2021/2/16,100.0964187
2021/2/17,100.0964187
2021/2/18,100.0964187
2021/2/19,92.39669421
2021/2/20,26.94903581
2021/2/21,26.94903581
2021/2/22,100.0964187
2021/2/23,123.1955923
2021/2/24,111.6460055
2021/2/25,103.946281
2021/2/26,103.946281
2021/2/27,34.64876033
2021/2/28,19.24931129
2021/3/1,88.54683196
2021/3/2,100.0964187
2021/3/3,107.7961433
2021/3/4,115.4958678
2021/3/5,127.0454545
2021/3/6,38.49862259
2021/3/7,23.09917355
2021/3/8,111.6460055
2021/3/9,123.1955923
2021/3/10,103.946281
2021/3/11,103.946281
2021/3/12,111.6460055
2021/3/13,30.79889807
2021/3/14,19.24931129
2021/3/15,96.24655647
2021/3/16,96.24655647
2021/3/17,96.24655647
2021/3/18,88.54683196
2021/3/19,96.24655647
2021/3/20,30.79889807
2021/3/21,23.09917355
2021/3/22,84.6969697
2021/3/23,107.7961433
2021/3/24,96.24655647
2021/3/25,96.24655647
2021/3/26,92.39669421
2021/3/27,30.79889807
2021/3/28,15.39944904
2021/3/29,76.99724518
2021/3/30,84.6969697
2021/3/31,119.34573
2021/4/1,138.5950413
2021/4/2,63.96694215
2021/4/3,21.32231405
2021/4/4,18.65702479
2021/4/5,133.2644628
2021/4/6,117.2727273
2021/4/7,109.2768595
2021/4/8,117.2727273
2021/4/9,122.6033058
2021/4/10,34.64876033
2021/4/11,26.65289256
2021/4/12,143.9256198
2021/4/13,141.2603306
2021/4/14,119.9380165
2021/4/15,111.9421488
2021/4/16,103.946281
2021/4/17,31.98347107
2021/4/18,29.31818182
2021/4/19,95.95041322
2021/4/20,93.28512397
2021/4/21,101.2809917
2021/4/22,95.95041322
2021/4/23,98.61570248
2021/4/24,34.64876033
2021/4/25,21.32231405
2021/4/26,98.61570248
2021/4/27,242.5413223
2021/4/28,266.5289256
2021/4/29,165.2479339
2021/4/30,125.268595
2021/5/1,34.64876033
2021/5/2,21.32231405
2021/5/3,119.9380165
2021/5/4,119.9380165
2021/5/5,103.946281
2021/5/6,114.607438
2021/5/7,98.61570248
2021/5/8,26.65289256
2021/5/9,21.32231405
2021/5/10,93.28512397
2021/5/11,117.2727273
2021/5/12,106.6115702
2021/5/13,111.9421488
2021/5/14,103.946281
2021/5/15,37.31404959
2021/5/16,21.32231405
2021/5/17,98.61570248
2021/5/18,95.95041322
2021/5/19,95.95041322
2021/5/20,85.2892562
2021/5/21,87.95454545
2021/5/22,21.32231405
2021/5/23,13.32644628
2021/5/24,79.95867769
2021/5/25,79.95867769
2021/5/26,98.61570248
2021/5/27,82.62396694
2021/5/28,77.29338843
2021/5/29,23.98760331
2021/5/30,18.65702479
2021/5/31,26.65289256
2021/6/1,85.2892562
2021/6/2,85.2892562
2021/6/3,66.6322314
2021/6/4,79.95867769
2021/6/5,31.98347107
2021/6/6,18.65702479
2021/6/7,74.62809917
2021/6/8,95.95041322
2021/6/9,79.95867769
2021/6/10,85.2892562
2021/6/11,95.95041322
2021/6/12,26.65289256
2021/6/13,15.99173554
2021/6/14,82.62396694
2021/6/15,79.95867769
2021/6/16,90.61983471
2021/6/17,85.2892562
2021/6/18,95.95041322
2021/6/19,29.31818182
2021/6/20,18.65702479
2021/6/21,87.95454545
2021/6/22,109.2768595
2021/6/23,130.5991736
2021/6/24,127.9338843
2021/6/25,111.9421488
2021/6/26,39.97933884
2021/6/27,26.65289256
2021/6/28,93.28512397
2021/6/29,103.946281
2021/6/30,111.9421488
2021/7/1,87.95454545
2021/7/2,117.2727273
2021/7/3,35.60064935
2021/7/4,20.94155844
2021/7/5,41.88311688
2021/7/6,150.7792208
2021/7/7,131.9318182
2021/7/8,129.8376623
2021/7/9,104.7077922
2021/7/10,35.60064935
2021/7/11,18.8474026
2021/7/12,102.6136364
2021/7/13,106.8019481
2021/7/14,113.0844156
2021/7/15,98.42532468
2021/7/16,100.5194805
2021/7/17,31.41233766
2021/7/18,20.94155844
2021/7/19,102.6136364
2021/7/20,104.7077922
2021/7/21,92.14285714
2021/7/22,129.8376623
2021/7/23,134.025974
2021/7/24,43.97727273
2021/7/25,27.22402597
2021/7/26,129.8376623
2021/7/27,209.4155844
2021/7/28,209.4155844
2021/7/29,115.1785714
2021/7/30,108.8961039
2021/7/31,29.31818182
2021/8/1,20.94155844
2021/8/2,85.86038961
2021/8/3,98.42532468
2021/8/4,79.57792208
2021/8/5,87.95454545
2021/8/6,100.5194805
2021/8/7,27.22402597
2021/8/8,18.8474026
2021/8/9,87.95454545
2021/8/10,90.0487013
2021/8/11,87.95454545
2021/8/12,85.86038961
2021/8/13,90.0487013
2021/8/14,29.31818182
2021/8/15,20.94155844
2021/8/16,94.23701299
2021/8/17,104.7077922
2021/8/18,102.6136364
2021/8/19,108.8961039
2021/8/20,150.7792208
2021/8/21,48.16558442
2021/8/22,25.12987013
2021/8/23,127.7435065
2021/8/24,136.1201299
2021/8/25,106.8019481
2021/8/26,94.23701299
2021/8/27,102.6136364
2021/8/28,31.41233766
2021/8/29,18.8474026
2021/8/30,87.95454545
2021/8/31,113.0844156
2021/9/1,92.14285714
2021/9/2,87.95454545
2021/9/3,85.86038961
2021/9/4,25.12987013
2021/9/5,20.94155844
2021/9/6,27.22402597
2021/9/7,83.76623377
2021/9/8,83.76623377
2021/9/9,85.86038961
2021/9/10,85.86038961
2021/9/11,29.31818182
2021/9/12,14.65909091
2021/9/13,83.76623377
2021/9/14,79.57792208
2021/9/15,125.6493506
2021/9/16,104.7077922
2021/9/17,98.42532468
2021/9/18,29.31818182
2021/9/19,20.94155844
2021/9/20,110.9902597
2021/9/21,106.8019481
2021/9/22,94.23701299
2021/9/23,94.23701299
2021/9/24,90.0487013
2021/9/25,23.03571429
2021/9/26,16.75324675
2021/9/27,85.86038961
2021/9/28,117.2727273
2021/9/29,102.6136364
2021/9/30,98.42532468
2021/10/1,100.5194805
2021/10/2,23.37662338
2021/10/3,16.36363636
2021/10/4,100.5194805
2021/10/5,112.2077922
2021/10/6,98.18181818
2021/10/7,109.8701299
2021/10/8,86.49350649
2021/10/9,25.71428571
2021/10/10,16.36363636
2021/10/11,81.81818182
2021/10/12,81.81818182
2021/10/13,84.15584416
2021/10/14,95.84415584
2021/10/15,100.5194805
2021/10/16,25.71428571
2021/10/17,21.03896104
2021/10/18,95.84415584
2021/10/19,105.1948052
2021/10/20,100.5194805
2021/10/21,112.2077922
2021/10/22,102.8571429
2021/10/23,25.71428571
2021/10/24,16.36363636
2021/10/25,109.8701299
2021/10/26,208.0519481
2021/10/27,233.7662338
2021/10/28,182.3376623
2021/10/29,191.6883117
2021/10/30,60.77922078
2021/10/31,37.4025974
2021/11/1,142.5974026
2021/11/2,133.2467532
2021/11/3,126.2337662
2021/11/4,119.2207792
2021/11/5,128.5714286
2021/11/6,39.74025974
2021/11/7,25.71428571
2021/11/8,116.8831169
2021/11/9,109.8701299
2021/11/10,116.8831169
2021/11/11,102.8571429
2021/11/12,114.5454545
2021/11/13,35.06493506
2021/11/14,25.71428571
2021/11/15,112.2077922
2021/11/16,133.2467532
2021/11/17,107.5324675
2021/11/18,119.2207792
2021/11/19,112.2077922
2021/11/20,30.38961039
2021/11/21,21.03896104
2021/11/22,123.8961039
2021/11/23,116.8831169
2021/11/24,100.5194805
2021/11/25,46.75324675
2021/11/26,109.8701299
2021/11/27,35.06493506
2021/11/28,21.03896104
2021/11/29,128.5714286
2021/11/30,133.2467532
2021/12/1,128.5714286
2021/12/2,109.8701299
2021/12/3,126.2337662
2021/12/4,35.06493506
2021/12/5,23.37662338
2021/12/6,109.8701299
2021/12/7,130.9090909
2021/12/8,133.2467532
2021/12/9,119.2207792
2021/12/10,130.9090909
2021/12/11,42.07792208
2021/12/12,23.37662338
2021/12/13,109.8701299
2021/12/14,142.5974026
2021/12/15,140.2597403
2021/12/16,123.8961039
2021/12/17,135.5844156
2021/12/18,35.06493506
2021/12/19,18.7012987
2021/12/20,116.8831169
2021/12/21,114.5454545
2021/12/22,119.2207792
2021/12/23,130.9090909
2021/12/24,51.42857143
2021/12/25,23.37662338
2021/12/26,16.36363636
2021/12/27,114.5454545
2021/12/28,119.2207792
2021/12/29,112.2077922
2021/12/30,102.8571429
2021/12/31,95.84415584
2022/1/1,35.06493506
2022/1/2,21.91558442
2022/1/3,109.5779221
2022/1/4,100.8116883
2022/1/5,113.961039
2022/1/6,127.1103896
2022/1/7,113.961039
2022/1/8,43.83116883
2022/1/9,26.2987013
2022/1/10,135.8766234
2022/1/11,118.3441558
2022/1/12,109.5779221
2022/1/13,109.5779221
2022/1/14,122.7272727
2022/1/15,35.06493506
2022/1/16,21.91558442
2022/1/17,43.83116883
2022/1/18,245.4545455
2022/1/19,179.7077922
2022/1/20,149.025974
2022/1/21,166.5584416
2022/1/22,61.36363636
2022/1/23,43.83116883
2022/1/24,236.6883117
2022/1/25,429.5454545
2022/1/26,438.3116883
2022/1/27,201.6233766
2022/1/28,179.7077922
2022/1/29,56.98051948
2022/1/30,39.44805195
2022/1/31,149.025974
2022/2/1,140.2597403
2022/2/2,157.7922078
2022/2/3,175.3246753
2022/2/4,135.8766234
2022/2/5,52.5974026
2022/2/6,26.2987013
2022/2/7,113.961039
2022/2/8,135.8766234
2022/2/9,113.961039
2022/2/10,113.961039
2022/2/11,122.7272727
2022/2/12,43.83116883
2022/2/13,26.2987013
2022/2/14,127.1103896
2022/2/15,122.7272727
2022/2/16,113.961039
2022/2/17,113.961039
2022/2/18,127.1103896
2022/2/19,39.44805195
2022/2/20,26.2987013
2022/2/21,48.21428571
2022/2/22,135.8766234
2022/2/23,113.961039
2022/2/24,192.8571429
2022/2/25,131.4935065
2022/2/26,43.83116883
2022/2/27,26.2987013
2022/2/28,127.1103896
2022/3/1,105.1948052
2022/3/2,113.961039
2022/3/3,105.1948052
2022/3/4,109.5779221
2022/3/5,35.06493506
2022/3/6,21.91558442
2022/3/7,135.8766234
2022/3/8,127.1103896
2022/3/9,105.1948052
2022/3/10,109.5779221
2022/3/11,109.5779221
2022/3/12,39.44805195
2022/3/13,26.2987013
2022/3/14,109.5779221
2022/3/15,100.8116883
2022/3/16,113.961039
2022/3/17,113.961039
2022/3/18,109.5779221
2022/3/19,39.44805195
2022/3/20,26.2987013
2022/3/21,105.1948052
2022/3/22,96.42857143
2022/3/23,96.42857143
2022/3/24,96.42857143
2022/3/25,96.42857143
2022/3/26,30.68181818
2022/3/27,21.91558442
2022/3/28,113.961039
2022/3/29,127.1103896
2022/3/30,105.1948052
2022/3/31,96.42857143
2022/4/1,92.04545455
2022/4/2,34.09090909
2022/4/3,17.04545455
2022/4/4,119.3181818
2022/4/5,92.04545455
2022/4/6,102.2727273
2022/4/7,95.45454545
2022/4/8,85.22727273
2022/4/9,27.27272727
2022/4/10,23.86363636
2022/4/11,109.0909091
2022/4/12,98.86363636
2022/4/13,88.63636364
2022/4/14,88.63636364
2022/4/15,51.13636364
2022/4/16,23.86363636
2022/4/17,20.45454545
2022/4/18,102.2727273
2022/4/19,88.63636364
2022/4/20,112.5
2022/4/21,105.6818182
2022/4/22,109.0909091
2022/4/23,37.5
2022/4/24,27.27272727
2022/4/25,129.5454545
2022/4/26,340.9090909
2022/4/27,293.1818182
2022/4/28,177.2727273
2022/4/29,136.3636364
2022/4/30,57.95454545
2022/5/1,30.68181818
2022/5/2,126.1363636
2022/5/3,105.6818182
2022/5/4,105.6818182
2022/5/5,132.9545455
2022/5/6,129.5454545
2022/5/7,40.90909091
2022/5/8,27.27272727
2022/5/9,156.8181818
2022/5/10,136.3636364
2022/5/11,139.7727273
2022/5/12,150
2022/5/13,126.1363636
2022/5/14,40.90909091
2022/5/15,30.68181818
2022/5/16,115.9090909
2022/5/17,112.5
2022/5/18,115.9090909
2022/5/19,119.3181818
2022/5/20,115.9090909
2022/5/21,30.68181818
2022/5/22,20.45454545
2022/5/23,105.6818182
2022/5/24,119.3181818
2022/5/25,109.0909091
2022/5/26,109.0909091
2022/5/27,105.6818182
2022/5/28,37.5
2022/5/29,20.45454545
2022/5/30,37.5
2022/5/31,95.45454545
2022/6/1,98.86363636
2022/6/2,139.7727273
2022/6/3,105.6818182
2022/6/4,30.68181818
2022/6/5,20.45454545
2022/6/6,98.86363636
2022/6/7,88.63636364
2022/6/8,81.81818182
2022/6/9,78.40909091
2022/6/10,95.45454545
2022/6/11,30.68181818
2022/6/12,23.86363636
2022/6/13,139.7727273
2022/6/14,115.9090909
2022/6/15,115.9090909
2022/6/16,119.3181818
2022/6/17,102.2727273
2022/6/18,34.09090909
2022/6/19,23.86363636
2022/6/20,47.72727273
2022/6/21,102.2727273
2022/6/22,88.63636364
2022/6/23,88.63636364
2022/6/24,95.45454545
2022/6/25,27.27272727
2022/6/26,17.04545455
2022/6/27,88.63636364
2022/6/28,88.63636364
2022/6/29,85.22727273
2022/6/30,78.40909091
2022/7/1,75
2022/7/2,28
2022/7/3,15
2022/7/4,30
2022/7/5,90
2022/7/6,84
2022/7/7,100
2022/7/8,80
2022/7/9,29
2022/7/10,21
2022/7/11,90
2022/7/12,93
2022/7/13,100
2022/7/14,86
2022/7/15,91
2022/7/16,24
2022/7/17,20
2022/7/18,75
2022/7/19,88
